# Exact mesh converted from plate2(1).usd; dimensions are metres
v 1.056469046e-08 0.09059584886 0.02307149954
v 1.092848834e-08 0.09275916964 0.02307149954
v 0.0176743716 0.08885505795 0.02307149954
v 0.01809641533 0.09097680449 0.02307149954
v 0.03466952592 0.08369963616 0.02307149954
v 0.03549738973 0.08569828421 0.02307149954
v 0.05033236742 0.07532765716 0.02307149954
v 0.05153424293 0.07712638378 0.02307149954
v 0.06406092644 0.06406091899 0.02307149954
v 0.06559061259 0.06559061259 0.02307149954
v 0.07532770932 0.05033237115 0.02307149954
v 0.07712644339 0.05153424293 0.02307149954
v 0.08369963616 0.03466952592 0.02307149954
v 0.08569828421 0.03549738973 0.02307149954
v 0.08885505795 0.01767437346 0.02307149954
v 0.09097680449 0.01809641533 0.02307149954
v 0.09059584141 1.607986633e-09 0.02307149954
v 0.09275916219 1.400621841e-09 0.02307149954
v 0.08885505795 -0.01767435856 0.02307149954
v 0.09097680449 -0.01809640042 0.02307149954
v 0.08369963616 -0.0346695222 0.02307149954
v 0.08569828421 -0.03549738973 0.02307149954
v 0.07532770932 -0.05033230782 0.02307149954
v 0.07712644339 -0.0515341796 0.02307149954
v 0.06406091899 -0.06406092644 0.02307149954
v 0.06559061259 -0.06559062004 0.02307149954
v 0.05033237115 -0.07532764971 0.02307149954
v 0.05153424293 -0.07712638378 0.02307149954
v 0.03466952965 -0.08369963616 0.02307149954
v 0.03549738973 -0.08569828421 0.02307149954
v 0.0176743716 -0.08885505795 0.02307149954
v 0.01809641533 -0.09097680449 0.02307149954
v 1.474109013e-08 -0.09059583396 0.02307149954
v 1.090666046e-08 -0.09275915474 0.02307149954
v -0.01767436601 -0.0888550505 0.02307149954
v -0.01809640229 -0.09097680449 0.02307149954
v -0.03466952965 -0.08369963616 0.02307149954
v -0.03549738973 -0.08569828421 0.02307149954
v -0.05033230409 -0.07532765716 0.02307149954
v -0.0515341796 -0.07712638378 0.02307149954
v -0.06406091899 -0.06406093389 0.02307149954
v -0.06559062004 -0.06559062004 0.02307149954
v -0.07532764971 -0.05033230782 0.02307149954
v -0.07712638378 -0.0515341796 0.02307149954
v -0.08369963616 -0.03466951847 0.02307149954
v -0.08569828421 -0.03549738973 0.02307149954
v -0.08885505795 -0.01767436229 0.02307149954
v -0.09097680449 -0.01809640042 0.02307149954
v -0.0905957669 1.735315891e-09 0.02307149954
v -0.09275908768 1.400621841e-09 0.02307149954
v -0.0888550505 0.01767437533 0.02307149954
v -0.09097680449 0.01809641533 0.02307149954
v -0.08369963616 0.0346695222 0.02307149954
v -0.08569828421 0.03549738973 0.02307149954
v -0.07532764971 0.05033237115 0.02307149954
v -0.07712638378 0.05153424293 0.02307149954
v -0.06406092644 0.06406092644 0.02307149954
v -0.06559062004 0.06559061259 0.02307149954
v -0.05033230782 0.07532764971 0.02307149954
v -0.0515341796 0.07712638378 0.02307149954
v -0.03466952592 0.08369963616 0.02307149954
v -0.03549738973 0.08569828421 0.02307149954
v -0.01767435856 0.08885505795 0.02307149954
v -0.01809640229 0.09097680449 0.02307149954
v 1.135283512e-08 0.07412723452 0.00109802431
v 1.119847859e-08 0.0761372298 0.003108024364
v 1.121412208e-08 0.08647146076 0.006725435611
v 1.110610981e-08 0.08471480757 0.007756577805
v 1.122850168e-08 0.08198284358 0.004470541142
v 1.119388848e-08 0.08316321671 0.002746249782
v 0.01446151733 0.07270287722 0.00109802431
v 0.0148536507 0.0746742487 0.003108024364
v 0.01686974615 0.08480990678 0.006725435145
v 0.01652703993 0.08308701217 0.007756576873
v 0.01622434705 0.08156525344 0.002746250248
v 0.01599406637 0.08040755242 0.004470543005
v 0.02836721763 0.06848462671 0.00109802431
v 0.02913641371 0.07034162432 0.003108024364
v 0.0330911912 0.07988920063 0.006725435145
v 0.03241894767 0.07826626301 0.007756576408
v 0.03182516992 0.0768327862 0.002746250248
v 0.03137345985 0.07574225962 0.004470543005
v 0.04118290171 0.0616344884 0.00109802431
v 0.04229959846 0.06330574304 0.003108024364
v 0.04804098234 0.07189834863 0.006725436077
v 0.04706503823 0.07043774426 0.007756575476
v 0.04620302841 0.06914764643 0.002746249782
v 0.04554724693 0.0681662038 0.004470543005
v 0.05241587013 0.05241584033 0.00109802431
v 0.05383715406 0.05383712798 0.003108024364
v 0.06114454195 0.06114454195 0.006725436077
v 0.0599024035 0.05990239978 0.007756577805
v 0.05880526826 0.05880526081 0.002746249782
v 0.05797061697 0.05797060579 0.004470542073
v 0.06163454056 0.04118291289 0.00109802431
v 0.06330579519 0.04229960963 0.003108024364
v 0.07189840823 0.04804098234 0.006725436542
v 0.07043780386 0.04706504196 0.007756578736
v 0.06914769858 0.04620302469 0.002746250248
v 0.06816625595 0.04554724321 0.004470543005
v 0.06848461926 0.0283672493 0.00109802431
v 0.07034161687 0.02913644165 0.003108024364
v 0.07988920063 0.0330911912 0.006725435145
v 0.07826626301 0.03241895139 0.007756577805
v 0.07683277875 0.03182517365 0.002746250248
v 0.07574225217 0.03137346357 0.004470543005
v 0.07270288467 0.01446151268 0.00109802431
v 0.0746742636 0.01485364512 0.003108024364
v 0.08480991423 0.01686974615 0.006725436077
v 0.08308701962 0.01652703993 0.007756578736
v 0.08156523854 0.01622434147 0.002746249782
v 0.08040754497 0.01599406265 0.004470542539
v 0.07412722707 2.246169473e-09 0.00109802431
v 0.07613722235 2.193500936e-09 0.003108024364
v 0.08647145331 1.715758313e-09 0.006725435145
v 0.08471480012 1.765921631e-09 0.007756577805
v 0.08316320926 1.887939582e-09 0.002746250248
v 0.08198283613 1.922408011e-09 0.004470543005
v 0.07270288467 -0.01446150243 0.00109802431
v 0.0746742636 -0.01485363487 0.003108024364
v 0.08480991423 -0.01686973125 0.006725436077
v 0.08308701962 -0.01652702503 0.007756578736
v 0.08156523854 -0.01622432843 0.002746249782
v 0.08040754497 -0.01599404961 0.004470542539
v 0.06848461926 -0.02836724557 0.00109802431
v 0.07034161687 -0.02913643979 0.003108024364
v 0.07988920063 -0.03309118748 0.006725435145
v 0.07826626301 -0.03241894394 0.007756577339
v 0.07683277875 -0.03182517365 0.002746250248
v 0.07574225217 -0.03137346357 0.004470542539
v 0.06163455546 -0.04118283466 0.00109802431
v 0.06330581009 -0.04229952767 0.003108024364
v 0.07189840823 -0.04804091901 0.006725436077
v 0.07043780386 -0.04706497863 0.007756577339
v 0.06914771348 -0.04620296508 0.002746249782
v 0.06816627085 -0.0455471836 0.004470541608
v 0.0524158664 -0.05241584405 0.00109802431
v 0.05383715034 -0.05383712798 0.003108024364
v 0.06114454195 -0.06114454567 0.006725436077
v 0.05990239978 -0.0599024035 0.007756577339
v 0.05880527198 -0.05880526826 0.002746249782
v 0.05797061697 -0.05797061324 0.004470542073
v 0.04118290171 -0.0616344884 0.00109802431
v 0.04229959846 -0.06330574304 0.003108024364
v 0.04804098234 -0.07189834863 0.006725436077
v 0.04706503823 -0.07043774426 0.007756575942
v 0.04620302841 -0.06914764643 0.002746249782
v 0.04554724693 -0.0681662038 0.004470543005
v 0.02836721763 -0.06848462671 0.00109802431
v 0.02913641371 -0.07034162432 0.003108024364
v 0.0330911912 -0.07988920063 0.006725435145
v 0.03241894767 -0.07826626301 0.007756575942
v 0.03182516992 -0.0768327862 0.002746250248
v 0.03137345985 -0.07574225962 0.004470543005
v 0.0144615192 -0.07270287722 0.00109802431
v 0.01485365164 -0.07467425615 0.003108024364
v 0.01686974615 -0.08480990678 0.006725435145
v 0.01652703993 -0.08308701217 0.007756575942
v 0.01622434705 -0.08156525344 0.002746250248
v 0.01599406637 -0.08040755987 0.004470543005
v 1.141927441e-08 -0.07412721962 0.00109802431
v 1.124234661e-08 -0.0761372149 0.003108024364
v 1.121322057e-08 -0.08647144586 0.006725435145
v 1.128644644e-08 -0.08471479267 0.007756575942
v 1.120272408e-08 -0.08316320181 0.002746250248
v 1.165502717e-08 -0.08198282868 0.004470543005
v -0.01446146984 -0.07270287722 0.00109802431
v -0.01485360134 -0.07467425615 0.003108024364
v -0.01686973125 -0.08480991423 0.006725435611
v -0.01652702689 -0.08308701962 0.007756578736
v -0.01622432098 -0.08156523854 0.002746249782
v -0.01599404216 -0.08040754497 0.004470542539
v -0.02836725488 -0.06848460436 0.00109802431
v -0.02913645282 -0.07034160197 0.003108024364
v -0.03309118748 -0.07988920063 0.006725435611
v -0.03241894022 -0.07826626301 0.007756576873
v -0.0318251811 -0.0768327862 0.002746249782
v -0.03137347102 -0.07574225962 0.004470542073
v -0.04118284211 -0.06163449585 0.00109802431
v -0.04229953513 -0.06330575049 0.003108024364
v -0.04804091901 -0.07189834863 0.006725435611
v -0.0470649749 -0.07043774426 0.007756575011
v -0.04620296881 -0.06914765388 0.002746249782
v -0.0455471836 -0.0681662038 0.004470542073
v -0.0524158515 -0.05241585523 0.00109802431
v -0.05383713543 -0.05383713916 0.003108024364
v -0.06114454195 -0.06114454567 0.006725435611
v -0.05990239978 -0.0599024035 0.00775657827
v -0.05880526453 -0.05880526826 0.002746249782
v -0.05797060952 -0.05797061324 0.004470542073
v -0.06163449585 -0.04118284211 0.00109802431
v -0.06330575049 -0.04229953513 0.003108024364
v -0.07189834863 -0.04804091901 0.006725436077
v -0.07043774426 -0.0470649749 0.007756577339
v -0.06914765388 -0.04620296881 0.002746249782
v -0.0681662038 -0.0455471836 0.004470542073
v -0.06848460436 -0.02836725488 0.00109802431
v -0.07034160197 -0.02913645096 0.003108024364
v -0.07988920063 -0.03309118748 0.006725435611
v -0.07826626301 -0.03241894394 0.007756577339
v -0.0768327862 -0.0318251811 0.002746249782
v -0.07574225962 -0.03137347102 0.004470542073
v -0.07270286977 -0.01446147822 0.00109802431
v -0.0746742487 -0.01485360693 0.003108024364
v -0.08480991423 -0.01686973125 0.006725435611
v -0.08308701962 -0.01652702875 0.007756577805
v -0.08156523854 -0.01622432098 0.002746249782
v -0.08040754497 -0.01599404402 0.004470543005
v -0.07412716001 2.744753536e-09 0.00109802431
v -0.07613715529 2.428742762e-09 0.003108024364
v -0.08647138625 1.718254872e-09 0.006725435611
v -0.08471473306 1.266608818e-09 0.007756577339
v -0.0831631422 1.889664203e-09 0.002746249782
v -0.08198276907 1.577461495e-09 0.004470542073
v -0.07270286977 0.01446152758 0.00109802431
v -0.0746742487 0.01485365722 0.003108024364
v -0.08480990678 0.01686974615 0.006725435145
v -0.08308701217 0.01652704366 0.007756575942
v -0.08156524599 0.01622434705 0.002746250248
v -0.08040755242 0.0159940701 0.004470542539
v -0.06848462671 0.02836722136 0.00109802431
v -0.07034162432 0.02913641371 0.003108024364
v -0.07988920063 0.0330911912 0.006725435145
v -0.07826626301 0.03241894767 0.007756576873
v -0.0768327862 0.03182516992 0.002746250248
v -0.07574225962 0.03137345985 0.004470542073
v -0.06163451076 0.04118287936 0.00109802431
v -0.06330576539 0.0422995761 0.003108024364
v -0.07189834863 0.04804098234 0.006725436077
v -0.07043774426 0.04706503823 0.007756577805
v -0.06914765388 0.04620301723 0.002746249782
v -0.06816621125 0.04554723203 0.004470542073
v -0.0524158515 0.05241584778 0.00109802431
v -0.05383713543 0.05383713543 0.003108024364
v -0.06114454195 0.06114454195 0.006725435611
v -0.0599024035 0.05990239978 0.00775657827
v -0.05880526826 0.05880526826 0.002746249782
v -0.05797061324 0.05797061324 0.004470542073
v -0.04118284211 0.06163449585 0.00109802431
v -0.04229953885 0.06330575049 0.003108024364
v -0.04804091901 0.07189834863 0.006725435611
v -0.0470649749 0.07043774426 0.007756575942
v -0.04620296881 0.06914765388 0.002746249782
v -0.0455471836 0.0681662038 0.004470542073
v -0.02836725488 0.06848460436 0.00109802431
v -0.02913645282 0.07034160197 0.003108024364
v -0.03309118748 0.07988920063 0.006725435145
v -0.03241894394 0.07826626301 0.007756575942
v -0.0318251811 0.0768327862 0.002746250248
v -0.03137347102 0.07574225962 0.004470543005
v -0.01446146984 0.07270287722 0.00109802431
v -0.01485360228 0.07467425615 0.003108024364
v -0.01686973125 0.08480990678 0.006725435145
v -0.01652702503 0.08308701217 0.007756576408
v -0.01622432284 0.08156524599 0.002746250248
v -0.01599404216 0.08040754497 0.004470543005
v 1.105173286e-08 0.07791718096 0.003108024597
v 1.100099567e-08 0.0782450214 0.00109802431
v 0.01526486129 0.07674153894 0.00109802431
v 0.01520090178 0.07641999424 0.003108025063
v 0.02994303033 0.07228896767 0.00109802431
v 0.02981757 0.07198607922 0.003108024364
v 0.04347062483 0.06505830586 0.00109802431
v 0.04328848422 0.06478571147 0.003108025063
v 0.0553275831 0.05532756075 0.00109802431
v 0.05509576201 0.05509573966 0.003108025063
v 0.06505835801 0.04347063601 0.00109802431
v 0.06478576362 0.04328849539 0.003108025063
v 0.07228896022 0.02994305454 0.00109802431
v 0.07198607177 0.02981759422 0.003108025063
v 0.07674154639 0.0152648557 0.00109802431
v 0.07642000169 0.01520089619 0.003108024132
v 0.07824501395 2.153645262e-09 0.00109802431
v 0.07791716605 2.161335999e-09 0.003108024597
v 0.07674154639 -0.01526484452 0.00109802431
v 0.07642000169 -0.01520088501 0.003108024364
v 0.07228896022 -0.02994305454 0.00109802431
v 0.07198607177 -0.02981759422 0.003108025063
v 0.06505837291 -0.04347055033 0.00109802431
v 0.06478577852 -0.04328841344 0.003108024597
v 0.0553275831 -0.05532756075 0.00109802431
v 0.05509576201 -0.05509573966 0.003108023899
v 0.04347062483 -0.06505830586 0.00109802431
v 0.04328848422 -0.06478571147 0.003108025063
v 0.02994303033 -0.07228896767 0.00109802431
v 0.02981757 -0.07198607922 0.003108024364
v 0.01526486129 -0.07674153894 0.00109802431
v 0.01520090178 -0.07641999424 0.003108023899
v 1.105916514e-08 -0.0782450065 0.00109802431
v 1.111759307e-08 -0.07791716605 0.003108025063
v -0.01526481193 -0.07674153894 0.00109802431
v -0.01520085242 -0.07641999424 0.003108024597
v -0.02994306944 -0.07228894532 0.00109802431
v -0.02981760912 -0.07198606431 0.003108025296
v -0.04347055778 -0.06505831331 0.00109802431
v -0.04328842089 -0.06478571892 0.003108024597
v -0.0553275682 -0.05532757193 0.00109802431
v -0.05509574711 -0.05509575084 0.003108024597
v -0.06505831331 -0.04347055778 0.00109802431
v -0.06478572637 -0.04328842089 0.003108024597
v -0.07228894532 -0.02994306944 0.00109802431
v -0.07198605686 -0.02981760912 0.003108024597
v -0.07674153894 -0.01526481286 0.00109802431
v -0.07641999424 -0.01520085428 0.003108024597
v -0.0782449469 2.153501599e-09 0.00109802431
v -0.07791710645 2.190033044e-09 0.003108025063
v -0.07674153894 0.01526486222 0.00109802431
v -0.07641999424 0.01520090364 0.003108023899
v -0.07228896767 0.02994303033 0.00109802431
v -0.07198607922 0.02981757 0.003108025063
v -0.06505832821 0.04347059876 0.00109802431
v -0.06478573382 0.04328845814 0.003108023899
v -0.0553275682 0.0553275682 0.00109802431
v -0.05509574711 0.05509574711 0.003108025063
v -0.04347055778 0.06505831331 0.00109802431
v -0.04328842089 0.06478572637 0.003108024597
v -0.02994306944 0.07228894532 0.00109802431
v -0.02981760912 0.07198605686 0.003108024597
v -0.01526481286 0.07674153894 0.00109802431
v -0.01520085335 0.07641999424 0.003108024597
v 1.12918519e-08 0.07487031817 0.00109802431
v 1.142566308e-08 0.07286032289 0.003108024364
v 0.01460648701 0.07343167812 0.00109802431
v 0.01421435364 0.07146030664 0.003108024364
v 0.02865158767 0.06917115301 0.00109802431
v 0.02788239345 0.0673141554 0.003108024364
v 0.04159573838 0.0622523427 0.00109802431
v 0.04047904164 0.06058108807 0.003108024364
v 0.05294131115 0.05294128135 0.00109802431
v 0.05152002722 0.05151999742 0.003108024364
v 0.06225239486 0.04159574956 0.00109802431
v 0.06058114022 0.04047905281 0.003108024364
v 0.06917114556 0.02865161747 0.00109802431
v 0.06731414795 0.02788242511 0.003108024364
v 0.07343168557 0.01460648235 0.00109802431
v 0.07146030664 0.01421434991 0.003108024364
v 0.07487031072 2.229592067e-09 0.00109802431
v 0.07286031544 2.244640251e-09 0.003108024364
v 0.07343168557 -0.0146064721 0.00109802431
v 0.07146030664 -0.01421433967 0.003108024364
v 0.06917114556 -0.02865161374 0.00109802431
v 0.06731414795 -0.02788241953 0.003108024364
v 0.06225240976 -0.0415956676 0.00109802431
v 0.06058115512 -0.04047897458 0.003108024364
v 0.05294130743 -0.05294128507 0.00109802431
v 0.05152002349 -0.05152000114 0.003108024364
v 0.04159573838 -0.0622523427 0.00109802431
v 0.04047904164 -0.06058108807 0.003108024364
v 0.02865158767 -0.06917115301 0.00109802431
v 0.02788239345 -0.0673141554 0.003108024364
v 0.01460648887 -0.07343167812 0.00109802431
v 0.01421435736 -0.07146029919 0.003108024364
v 1.134989436e-08 -0.07487030327 0.00109802431
v 1.151704598e-08 -0.07286030799 0.003108024364
v -0.01460643951 -0.07343167812 0.00109802431
v -0.01421430707 -0.07146029919 0.003108024364
v -0.02865162492 -0.06917113066 0.00109802431
v -0.02788242884 -0.06731413305 0.003108024364
v -0.04159567505 -0.06225235015 0.00109802431
v -0.04047898203 -0.06058109552 0.003108024364
v -0.05294129252 -0.05294129625 0.00109802431
v -0.05152000859 -0.05152001232 0.003108024364
v -0.06225235015 -0.04159567505 0.00109802431
v -0.06058109552 -0.04047898203 0.003108024364
v -0.06917113066 -0.02865162492 0.00109802431
v -0.06731413305 -0.02788242884 0.003108024364
v -0.07343167067 -0.01460644696 0.00109802431
v -0.07146029174 -0.01421431918 0.003108024364
v -0.07487024367 2.633451457e-09 0.00109802431
v -0.07286024839 2.926889842e-09 0.003108024364
v -0.07343167067 0.01460649632 0.00109802431
v -0.07146029174 0.01421436854 0.003108024364
v -0.06917115301 0.02865158953 0.00109802431
v -0.0673141554 0.02788239531 0.003108024364
v -0.06225236505 0.0415957123 0.00109802431
v -0.06058111042 0.04047901556 0.003108024364
v -0.05294129252 0.0529412888 0.00109802431
v -0.05152000859 0.05152000114 0.003108024364
v -0.04159567505 0.06225235015 0.00109802431
v -0.04047898203 0.06058109552 0.003108024364
v -0.02865162492 0.06917113066 0.00109802431
v -0.02788242884 0.06731413305 0.003108024364
v -0.01460643951 0.07343167812 0.00109802431
v -0.01421430521 0.07146030664 0.003108024364
v 1.143476425e-08 0.07286032289 0.002011014847
v 1.12918066e-08 0.07487031817 1.014781446e-06
v 0.01460648701 0.07343167812 1.014781446e-06
v 0.01421435364 0.07146030664 0.002011014847
v 0.02865158767 0.06917115301 1.014781446e-06
v 0.02788239345 0.0673141554 0.002011014847
v 0.04159573838 0.0622523427 1.014781446e-06
v 0.04047904164 0.06058108807 0.002011014847
v 0.05294131115 0.05294128135 1.014781446e-06
v 0.05152002722 0.05151999742 0.002011014847
v 0.06225239486 0.04159574956 1.014781446e-06
v 0.06058114022 0.04047905281 0.002011014847
v 0.06917114556 0.02865161747 1.014781446e-06
v 0.06731414795 0.02788242511 0.002011014847
v 0.07343168557 0.01460648235 1.014781446e-06
v 0.07146030664 0.01421434991 0.002011014847
v 0.07487031072 2.229517237e-09 1.014781446e-06
v 0.07286031544 2.259613385e-09 0.002011014847
v 0.07343168557 -0.0146064721 1.014781446e-06
v 0.07146030664 -0.01421433967 0.002011014847
v 0.06917114556 -0.02865161374 1.014781446e-06
v 0.06731414795 -0.02788241953 0.002011014847
v 0.06225240976 -0.0415956676 1.014781446e-06
v 0.06058115512 -0.04047897458 0.002011014847
v 0.05294130743 -0.05294128507 1.014781446e-06
v 0.05152002349 -0.05152000114 0.002011014847
v 0.04159573838 -0.0622523427 1.014781446e-06
v 0.04047904164 -0.06058108807 0.002011014847
v 0.02865158767 -0.06917115301 1.014781446e-06
v 0.02788239345 -0.0673141554 0.002011014847
v 0.01460648887 -0.07343167812 1.014781446e-06
v 0.01421435736 -0.07146029919 0.002011014847
v 1.134993965e-08 -0.07487030327 1.014781446e-06
v 1.150794482e-08 -0.07286030799 0.002011014847
v -0.01460643951 -0.07343167812 1.014781446e-06
v -0.01421430707 -0.07146029919 0.002011014847
v -0.02865162492 -0.06917113066 1.014781446e-06
v -0.02788242884 -0.06731413305 0.002011014847
v -0.04159567505 -0.06225235015 1.014781446e-06
v -0.04047898203 -0.06058109552 0.002011014847
v -0.05294129252 -0.05294129625 1.014781446e-06
v -0.05152000859 -0.05152001232 0.002011014847
v -0.06225235015 -0.04159567505 1.014781446e-06
v -0.06058109552 -0.04047898203 0.002011014847
v -0.06917113066 -0.02865162492 1.014781446e-06
v -0.06731413305 -0.02788242884 0.002011014847
v -0.07146029174 -0.01421431918 0.002011014847
v -0.07343167067 -0.01460644696 1.014781446e-06
v -0.07487024367 2.633451457e-09 1.014781446e-06
v -0.07286024839 2.926889842e-09 0.002011014847
v -0.07343167067 0.01460649632 1.014781446e-06
v -0.07146029174 0.01421436854 0.002011014847
v -0.06917115301 0.02865158953 1.014781446e-06
v -0.0673141554 0.02788239531 0.002011014847
v -0.06225236505 0.0415957123 1.014781446e-06
v -0.06058111042 0.04047901556 0.002011014847
v -0.05294129252 0.0529412888 1.014781446e-06
v -0.05152000859 0.05152000114 0.002011014847
v -0.04159567505 0.06225235015 1.014781446e-06
v -0.04047898203 0.06058109552 0.002011014847
v -0.02865162492 0.06917113066 1.014781446e-06
v -0.02788242884 0.06731413305 0.002011014847
v -0.01460643951 0.07343167812 1.014781446e-06
v -0.01421430521 0.07146030664 0.002011014847
v 1.135285288e-08 0.07412723452 1.014781446e-06
v 1.119484772e-08 0.0761372298 0.002011014847
v 0.01446151733 0.07270287722 1.014781446e-06
v 0.0148536507 0.0746742487 0.002011014847
v 0.02836721763 0.06848462671 1.014781446e-06
v 0.02913641371 0.07034162432 0.002011014847
v 0.04118290171 0.0616344884 1.014781446e-06
v 0.04229959846 0.06330574304 0.002011014847
v 0.05241587013 0.05241584033 1.014781446e-06
v 0.05383715406 0.05383712798 0.002011014847
v 0.06163454056 0.04118291289 1.014781446e-06
v 0.06330579519 0.04229960963 0.002011014847
v 0.06848461926 0.0283672493 1.014781446e-06
v 0.07034161687 0.02913644165 0.002011014847
v 0.07270288467 0.01446151268 1.014781446e-06
v 0.0746742636 0.01485364512 0.002011014847
v 0.07412722707 2.246057118e-09 1.014781446e-06
v 0.07613722235 2.21596097e-09 0.002011014847
v 0.07270288467 -0.01446150243 1.014781446e-06
v 0.0746742636 -0.01485363487 0.002011014847
v 0.06848461926 -0.02836724557 1.014781446e-06
v 0.07034161687 -0.02913643979 0.002011014847
v 0.06163455546 -0.04118283466 1.014781446e-06
v 0.06330581009 -0.04229952767 0.002011014847
v 0.05383715034 -0.05383712798 0.002011014847
v 0.0524158664 -0.05241584405 1.014781446e-06
v 0.04229959846 -0.06330574304 0.002011014847
v 0.04118290171 -0.0616344884 1.014781446e-06
v 0.02913641371 -0.07034162432 0.002011014847
v 0.02836721763 -0.06848462671 1.014781446e-06
v 0.01485365164 -0.07467425615 0.002011014847
v 0.0144615192 -0.07270287722 1.014781446e-06
v 1.123871485e-08 -0.0761372149 0.002011014847
v 1.141929307e-08 -0.07412721962 1.014781446e-06
v -0.01485360134 -0.07467425615 0.002011014847
v -0.01446146984 -0.07270287722 1.014781446e-06
v -0.02913645096 -0.07034160197 0.002011014847
v -0.02836725488 -0.06848460436 1.014781446e-06
v -0.04229953513 -0.06330575049 0.002011014847
v -0.04118284211 -0.06163449585 1.014781446e-06
v -0.05383713543 -0.05383713916 0.002011014847
v -0.0524158515 -0.05241585523 1.014781446e-06
v -0.06330575049 -0.04229953513 0.002011014847
v -0.06163449585 -0.04118284211 1.014781446e-06
v -0.07034160197 -0.02913645096 0.002011014847
v -0.06848460436 -0.02836725488 1.014781446e-06
v -0.0746742487 -0.01485360693 0.002011014847
v -0.07270286977 -0.01446147822 1.014781446e-06
v -0.07412716001 2.744603655e-09 1.014781446e-06
v -0.07613715529 2.458689252e-09 0.002011014847
v -0.07270286977 0.01446152758 1.014781446e-06
v -0.0746742487 0.01485365722 0.002011014847
v -0.06848462671 0.02836722136 1.014781446e-06
v -0.07034162432 0.02913641371 0.002011014847
v -0.06163451076 0.04118287936 1.014781446e-06
v -0.06330576539 0.0422995761 0.002011014847
v -0.0524158515 0.05241584778 1.014781446e-06
v -0.05383713171 0.05383713543 0.002011014847
v -0.04118284211 0.06163449585 1.014781446e-06
v -0.04229953513 0.06330575049 0.002011014847
v -0.02836725488 0.06848460436 1.014781446e-06
v -0.02913645096 0.07034160197 0.002011014847
v -0.01446146984 0.07270287722 1.014781446e-06
v -0.01485360228 0.07467425615 0.002011014847
v 0.008407237008 0.08977062255 0.02307149954
v 0.009050363675 0.09186775982 0.02307149954
v 0.02625175938 0.08625546843 0.02307149954
v 0.02679650299 0.08833764493 0.02307149954
v 0.04352617636 0.07895004749 0.02307149954
v 0.04351068661 0.08141514659 0.02307149954
v 0.06011766195 0.06733933836 0.02307149954
v 0.0585478209 0.07137027383 0.02307149954
v 0.0698531121 0.05701280758 0.02307149954
v 0.0713577345 0.05856334791 0.02307149954
v 0.08154740185 0.03833152726 0.02307149954
v 0.08140219003 0.04353665933 0.02307149954
v 0.08622606099 0.02633949369 0.02307149954
v 0.08833779395 0.02679606341 0.02307149954
v 0.0899990648 0.008864135481 0.02307149954
v 0.09186661243 0.009048074484 0.02307149954
v 0.0899990648 -0.008864126168 0.02307149954
v 0.09186661243 -0.009048065171 0.02307149954
v 0.086216636 -0.0263895411 0.02307149954
v 0.08833783865 -0.02679580636 0.02307149954
v 0.07945096493 -0.04263051972 0.02307149954
v 0.081412673 -0.0435151346 0.02307149954
v 0.07074276358 -0.0559380278 0.02307149954
v 0.0713532865 -0.0585686937 0.02307149954
v 0.05937727168 -0.06797225773 0.02307149954
v 0.05855152383 -0.07136711478 0.02307149954
v 0.04425462335 -0.07856194675 0.02307149954
v 0.043507047 -0.08141709119 0.02307149954
v 0.02598306909 -0.08633892238 0.02307149954
v 0.02679784596 -0.0883372277 0.02307149954
v 0.01007668581 -0.0896063596 0.02307149954
v 0.009042016231 -0.09186857194 0.02307149954
v -0.008401861414 -0.08976792544 0.02307149954
v -0.009050372057 -0.09186775982 0.02307149954
v -0.03062242642 -0.08492830396 0.02307149954
v -0.02677464299 -0.0883442834 0.02307149954
v -0.03785382956 -0.08202504367 0.02307149954
v -0.04353902116 -0.08139976859 0.02307149954
v -0.05737103894 -0.06990681589 0.02307149954
v -0.05856152996 -0.07135744393 0.02307149954
v -0.06990681589 -0.05737103894 0.02307149954
v -0.07135744393 -0.05856152996 0.02307149954
v -0.07950323075 -0.04254622012 0.02307149954
v -0.08141238242 -0.04351555929 0.02307149954
v -0.0862211287 -0.02637636103 0.02307149954
v -0.0883378163 -0.02679587342 0.02307149954
v -0.08999902755 -0.008864133619 0.02307149954
v -0.09186657518 -0.009048065171 0.02307149954
v -0.08999902755 0.008864142932 0.02307149954
v -0.09186657518 0.009048074484 0.02307149954
v -0.0862961784 0.02608891763 0.02307149954
v -0.08833744377 0.02679731697 0.02307149954
v -0.07946299762 0.04259797931 0.02307149954
v -0.08141258359 0.04351532832 0.02307149954
v -0.06959588081 0.05731698871 0.02307149954
v -0.07135899365 0.05856182426 0.02307149954
v -0.05653512105 0.07023520768 0.02307149954
v -0.05856570974 0.0713557899 0.02307149954
v -0.04263051599 0.07975611836 0.02307149954
v -0.0435151346 0.08141111583 0.02307149954
v -0.02691314183 0.08604440093 0.02307149954
v -0.02679318935 0.08833870292 0.02307149954
v -0.00813356787 0.08978833258 0.02307149954
v -0.009051714092 0.09186767042 0.02307149954
v 0.0165471267 0.08318797499 0.004736285657
v 0.01624472998 0.08166772872 0.006024957169
v 0.00843488425 0.08564073592 0.006725453306
v 0.008262508549 0.08389060199 0.00775302574
v 1.121109872e-08 0.0832677111 0.006024958566
v 1.120379434e-08 0.08481774479 0.004736285657
v 0.008112183772 0.0823642835 0.002746260259
v 0.007996147498 0.08118615299 0.004468514118
v 0.01574449241 0.07915282995 0.001921940246
v 0.01561982837 0.07852610201 0.003828698536
v 1.109765435e-08 0.08006454259 0.003828698304
v 1.109765435e-08 0.08070354909 0.001921940013
v 0.007632437628 0.07749329507 0.00109802431
v 0.007600155659 0.07716553658 0.003108025063
v 0.03245833516 0.07836136222 0.004736285657
v 0.03186516464 0.07692932338 0.006024957635
v 0.02498048544 0.08234960586 0.00672545284
v 0.02446999215 0.08066672832 0.007753022946
v 0.02402477339 0.0791990608 0.002746260492
v 0.02368112467 0.07806620747 0.004468513653
v 0.03088388033 0.07456034422 0.001921940246
v 0.03063934296 0.07396998256 0.003828698304
v 0.02260394953 0.07451526821 0.00109802431
v 0.02250834554 0.07420010865 0.00310802483
v 0.04712223262 0.07052334398 0.004736286122
v 0.04626107961 0.0692345351 0.006024958566
v 0.04056611285 0.07589381933 0.006725453306
v 0.03973711282 0.07434286922 0.007753024809
v 0.03901411965 0.07299026102 0.002746260259
v 0.03845606744 0.07194621861 0.004468514584
v 0.04483650625 0.06710249931 0.001921940013
v 0.04448149353 0.0665711835 0.003828698536
v 0.03670683503 0.06867365539 0.00109802431
v 0.03655158356 0.06838319451 0.003108025296
v 0.05997519195 0.05997518823 0.004736286122
v 0.05887915567 0.05887914822 0.006024959497
v 0.05459279567 0.06652148813 0.006725453772
v 0.05347715318 0.0651620701 0.007753024809
v 0.05250417814 0.06397648901 0.002746260026
v 0.05175316334 0.0630613789 0.004468514118
v 0.05706601962 0.05706600472 0.001921940013
v 0.05661417544 0.05661416054 0.003828697838
v 0.04939911142 0.06019294262 0.00109802431
v 0.04919017479 0.05993835256 0.00310802483
v 0.07052339613 0.04712222889 0.004736286588
v 0.06923458725 0.04626107961 0.006024962291
v 0.06652151793 0.05459279567 0.006725454237
v 0.0651620999 0.05347714946 0.007753026672
v 0.06397651881 0.05250417069 0.002746260259
v 0.0630614087 0.05175315589 0.004468513187
v 0.06710255891 0.0448365137 0.001921940246
v 0.06657124311 0.04448150098 0.003828698304
v 0.06019297987 0.04939910769 0.00109802431
v 0.05993839353 0.04919017106 0.00310802483
v 0.07836136222 0.03245833516 0.004736285657
v 0.07692932338 0.03186516836 0.00602496136
v 0.07589384913 0.04056611285 0.006725453306
v 0.07434289902 0.03973712027 0.007753027137
v 0.07299027592 0.03901411965 0.002746260492
v 0.07194623351 0.03845607117 0.004468514584
v 0.07456034422 0.03088389523 0.001921940246
v 0.07396997511 0.03063935786 0.003828698304
v 0.06867367029 0.03670685366 0.00109802431
v 0.06838320941 0.03655160218 0.00310802483
v 0.08318797499 0.01654712483 0.004736286122
v 0.08166772872 0.01624472812 0.00602496136
v 0.08234961331 0.02498048544 0.006725453306
v 0.08066673577 0.02446999028 0.007753027137
v 0.0791990459 0.02402477153 0.002746260259
v 0.07806619257 0.02368112467 0.004468513653
v 0.07915282249 0.01574448682 0.001921940013
v 0.07852609456 0.01561982278 0.003828697838
v 0.07451526821 0.02260395885 0.00109802431
v 0.07420010865 0.02250835486 0.003108025296
v 0.08481773734 1.801775174e-09 0.004736285657
v 0.0832677111 1.852991094e-09 0.006024960428
v 0.08564073592 0.008434879594 0.006725453306
v 0.08389060199 0.008262506686 0.007753027137
v 0.0823642686 0.008112176321 0.002746260259
v 0.08118613809 0.007996139117 0.004468514118
v 0.08070354164 2.020811962e-09 0.001921940246
v 0.08006452769 2.039087121e-09 0.003828698071
v 0.07749329507 0.007632430177 0.00109802431
v 0.07716552913 0.007600148208 0.003108025296
v 0.08318797499 -0.01654710993 0.004736286122
v 0.08166772872 -0.01624471322 0.00602496136
v 0.08564073592 -0.00843487028 0.006725453306
v 0.08389060199 -0.008262496442 0.007753027137
v 0.0823642686 -0.00811216794 0.002746260259
v 0.08118613809 -0.007996130735 0.004468514118
v 0.07915282249 -0.01574447565 0.001921940013
v 0.07852609456 -0.0156198116 0.003828697838
v 0.07749329507 -0.007632422261 0.00109802431
v 0.07716552913 -0.007600140292 0.003108024132
v 0.07836136222 -0.03245833516 0.004736285657
v 0.07692932338 -0.03186516464 0.006024960428
v 0.08234961331 -0.02498047426 0.006725453306
v 0.08066673577 -0.02446997911 0.007753026672
v 0.0791990459 -0.02402476594 0.002746260259
v 0.07806619257 -0.02368111908 0.004468513187
v 0.07456034422 -0.03088389523 0.001921940246
v 0.07396998256 -0.03063935786 0.003828698304
v 0.07451526821 -0.02260395326 0.00109802431
v 0.07420010865 -0.02250834927 0.003108024597
v 0.07052340358 -0.04712216556 0.004736286122
v 0.0692345947 -0.04626101628 0.006024958566
v 0.07589384913 -0.04056607559 0.006725453306
v 0.07434289902 -0.03973707929 0.00775302574
v 0.07299029082 -0.03901408985 0.002746260259
v 0.07194624841 -0.03845603764 0.004468513187
v 0.06710257381 -0.04483643919 0.001921940013
v 0.06657125801 -0.04448142648 0.003828698304
v 0.06867368519 -0.03670680895 0.00109802431
v 0.06838322431 -0.03655155748 0.003108025528
v 0.05997519195 -0.05997519195 0.004736286122
v 0.05887915194 -0.05887915194 0.006024958566
v 0.06652151793 -0.05459276587 0.006725453772
v 0.0651620999 -0.05347712338 0.007753024343
v 0.06397652626 -0.05250414461 0.002746260026
v 0.06306141615 -0.05175312981 0.004468513653
v 0.05706601962 -0.05706600472 0.001921940013
v 0.05661417544 -0.05661416054 0.003828698304
v 0.06019298732 -0.04939906672 0.00109802431
v 0.05993839726 -0.04919013008 0.003108025063
v 0.04712223262 -0.07052334398 0.004736286122
v 0.04626107961 -0.0692345351 0.006024958566
v 0.05459279567 -0.06652148813 0.006725453772
v 0.05347715318 -0.0651620701 0.007753025275
v 0.05250417814 -0.06397648901 0.002746260026
v 0.05175316334 -0.0630613789 0.004468514584
v 0.04483650625 -0.06710249931 0.001921940013
v 0.04448149353 -0.0665711835 0.003828698304
v 0.04939911142 -0.06019294262 0.00109802431
v 0.04919017479 -0.05993835256 0.003108024597
v 0.03245833516 -0.07836136222 0.004736285657
v 0.03186516464 -0.07692932338 0.006024956703
v 0.04056611285 -0.07589381933 0.006725453306
v 0.03973711282 -0.07434286922 0.007753024809
v 0.03901411965 -0.07299026102 0.002746260259
v 0.03845606744 -0.07194621861 0.004468514584
v 0.03088388033 -0.07456034422 0.001921940246
v 0.03063934296 -0.07396998256 0.003828698304
v 0.03670683503 -0.06867365539 0.00109802431
v 0.03655158356 -0.06838319451 0.003108025063
v 0.0165471267 -0.08318797499 0.004736285657
v 0.01624472998 -0.08166772872 0.0060249581
v 0.02498048544 -0.08234960586 0.00672545284
v 0.02446999028 -0.08066672832 0.007753022946
v 0.02402477339 -0.0791990608 0.002746260492
v 0.02368112467 -0.07806620747 0.004468513653
v 0.01574449241 -0.07915282995 0.001921940246
v 0.01561982837 -0.07852610201 0.003828698536
v 0.02260394953 -0.07451526821 0.00109802431
v 0.02250834554 -0.07420010865 0.00310802483
v 1.120703441e-08 -0.08481772989 0.004736285657
v 1.16603891e-08 -0.08326770365 0.006024959497
v 0.00843488425 -0.08564073592 0.00672545284
v 0.008262510411 -0.08389060199 0.007753024809
v 0.008112183772 -0.08236427605 0.002746260492
v 0.00799614843 -0.08118614554 0.00446851505
v 1.11316325e-08 -0.08070353419 0.001921940246
v 1.124863047e-08 -0.08006452769 0.003828698304
v 0.007632437628 -0.07749328762 0.00109802431
v 0.007600155659 -0.07716552913 0.003108025063
v -0.01654710621 -0.08318797499 0.004736285657
v -0.01624471135 -0.08166772872 0.006024960428
v -0.008434865624 -0.08564073592 0.006725453306
v -0.008262492716 -0.08389060199 0.007753026672
v -0.008112159558 -0.0823642686 0.002746260259
v -0.007996123284 -0.08118613809 0.004468513653
v -0.01574445516 -0.07915282249 0.001921940013
v -0.01561979111 -0.07852609456 0.003828698304
v -0.007632401772 -0.07749328762 0.00109802431
v -0.007600119803 -0.07716552913 0.003108025063
v -0.03245833889 -0.07836136222 0.004736285657
v -0.03186516836 -0.07692932338 0.006024958566
v -0.02498047426 -0.08234961331 0.006725453306
v -0.02446997911 -0.08066673577 0.00775302574
v -0.02402476594 -0.07919905335 0.002746260026
v -0.02368111908 -0.07806620002 0.004468513653
v -0.03088390641 -0.07456033677 0.001921940013
v -0.03063936904 -0.07396997511 0.003828698769
v -0.02260394394 -0.07451525331 0.00109802431
v -0.02250834182 -0.07420009375 0.003108025063
v -0.04712216929 -0.07052334398 0.004736285657
v -0.04626101628 -0.0692345351 0.006024955772
v -0.04056607559 -0.07589381933 0.006725453306
v -0.03973707557 -0.07434287667 0.007753024809
v -0.0390140973 -0.07299026102 0.002746260026
v -0.03845604137 -0.07194621861 0.004468513653
v -0.04483644664 -0.06710251421 0.001921940013
v -0.04448143393 -0.0665711984 0.003828698536
v -0.03670682013 -0.06867364049 0.00109802431
v -0.03655156866 -0.06838318706 0.003108025063
v -0.05997519195 -0.05997519195 0.004736285657
v -0.05887915194 -0.05887915194 0.006024958566
v -0.05459276587 -0.06652148813 0.006725453306
v -0.0534771271 -0.0651620701 0.00775302574
v -0.05250414461 -0.06397649646 0.002746260026
v -0.05175313354 -0.0630613789 0.004468513187
v -0.05706600845 -0.05706601217 0.001921940013
v -0.05661416426 -0.05661416799 0.003828698769
v -0.04939907417 -0.0601929538 0.00109802431
v -0.04919014126 -0.05993836373 0.003108025063
v -0.07052334398 -0.04712216929 0.004736286122
v -0.0692345351 -0.04626102 0.006024957635
v -0.06652148813 -0.05459276587 0.006725453306
v -0.0651620701 -0.0534771271 0.007753025275
v -0.06397649646 -0.05250414833 0.002746260026
v -0.0630613789 -0.05175313354 0.004468513653
v -0.06710251421 -0.04483644664 0.001921940013
v -0.0665711984 -0.04448143393 0.003828698769
v -0.06019295007 -0.04939907417 0.00109802431
v -0.05993836001 -0.04919014126 0.00310802483
v -0.07836136222 -0.03245833889 0.004736285657
v -0.07692932338 -0.03186516836 0.006024958566
v -0.07589381933 -0.04056607559 0.006725453306
v -0.07434286922 -0.03973707557 0.00775302574
v -0.07299026102 -0.0390140973 0.002746260026
v -0.07194621861 -0.03845604137 0.004468513187
v -0.07456033677 -0.03088390641 0.001921940013
v -0.07396997511 -0.03063936904 0.003828698769
v -0.06867364049 -0.03670682013 0.00109802431
v -0.06838318706 -0.03655156866 0.00310802483
v -0.08318797499 -0.01654710621 0.004736285657
v -0.08166772872 -0.01624471322 0.006024960428
v -0.08234961331 -0.02498047426 0.006725453306
v -0.08066673577 -0.02446998097 0.00775302574
v -0.07919905335 -0.02402476594 0.002746260026
v -0.07806620002 -0.02368111908 0.004468514118
v -0.07915282249 -0.01574445516 0.001921940013
v -0.07852609456 -0.01561979204 0.003828698536
v -0.07451525331 -0.02260394581 0.00109802431
v -0.07420009375 -0.02250834182 0.00310802483
v -0.08481767029 1.803423633e-09 0.004736285657
v -0.08326764405 1.532848959e-09 0.006024959497
v -0.08564070612 -0.00843487028 0.006725453306
v -0.08389057219 -0.008262502961 0.007753026206
v -0.0823642388 -0.008112164214 0.002746260026
v -0.08118610829 -0.007996132597 0.004468514118
v -0.08070347458 2.021238288e-09 0.001921940013
v -0.08006446809 1.955413609e-09 0.003828698071
v -0.07749325782 -0.007632406894 0.00109802431
v -0.07716549933 -0.007600126322 0.00310802483
v -0.08318797499 0.0165471267 0.004736285657
v -0.08166772872 0.01624473371 0.006024958566
v -0.08564070612 0.008434879594 0.006725453306
v -0.08389057219 0.008262511343 0.007753026206
v -0.0823642388 0.008112179115 0.002746260259
v -0.08118610829 0.007996147498 0.004468514118
v -0.07915282249 0.01574449241 0.001921940246
v -0.07852609456 0.0156198293 0.003828698304
v -0.07749325782 0.007632433902 0.00109802431
v -0.07716549933 0.007600153331 0.003108025063
v -0.07836136222 0.03245833516 0.004736285657
v -0.07692932338 0.03186516464 0.006024959497
v -0.08234960586 0.02498048544 0.00672545284
v -0.08066672832 0.02446999028 0.007753024343
v -0.0791990608 0.02402477339 0.002746260492
v -0.07806620747 0.02368112467 0.004468513653
v -0.07456034422 0.03088388033 0.001921940246
v -0.07396998256 0.03063934296 0.003828698304
v -0.07451526821 0.02260394953 0.00109802431
v -0.07420010865 0.02250834554 0.00310802483
v -0.07052334398 0.04712222517 0.004736286122
v -0.0692345351 0.04626107588 0.006024959497
v -0.07589381933 0.04056611285 0.006725453306
v -0.07434286922 0.03973711655 0.007753026672
v -0.07299026102 0.0390141122 0.002746260259
v -0.07194621861 0.03845605999 0.004468513653
v -0.06710251421 0.04483649135 0.001921940013
v -0.0665711984 0.04448147863 0.003828698304
v -0.06867366284 0.03670682013 0.00109802431
v -0.06838320196 0.03655156866 0.003108025063
v -0.05997519195 0.05997519195 0.004736285657
v -0.05887915567 0.05887915194 0.006024959031
v -0.06652148813 0.05459279567 0.006725453306
v -0.0651620701 0.05347715318 0.00775302574
v -0.06397649646 0.05250417069 0.002746260026
v -0.06306138635 0.05175315589 0.004468513187
v -0.05706601217 0.05706601217 0.001921940013
v -0.05661416799 0.05661416799 0.003828698769
v -0.06019295752 0.04939909279 0.00109802431
v -0.05993837118 0.04919015616 0.003108025761
v -0.04712216929 0.07052334398 0.004736285657
v -0.04626101628 0.0692345351 0.006024954841
v -0.05459276587 0.06652148813 0.006725453306
v -0.0534771271 0.0651620701 0.007753025275
v -0.05250414833 0.06397649646 0.002746260026
v -0.05175313726 0.0630613789 0.004468514118
v -0.04483644664 0.06710251421 0.001921940013
v -0.04448143393 0.0665711984 0.003828698769
v -0.04939907417 0.06019295007 0.00109802431
v -0.04919014126 0.05993836001 0.003108025528
v -0.03245833889 0.07836136222 0.004736285657
v -0.03186516836 0.07692932338 0.006024958566
v -0.04056607559 0.07589381933 0.006725453306
v -0.03973707557 0.07434287667 0.007753024343
v -0.0390140973 0.07299026102 0.002746260259
v -0.03845604137 0.07194621861 0.004468512721
v -0.03088390641 0.07456033677 0.001921940246
v -0.03063936904 0.07396997511 0.003828698769
v -0.03670682013 0.06867364049 0.00109802431
v -0.03655156866 0.06838318706 0.003108025063
v -0.01654710621 0.08318797499 0.004736285657
v -0.01624470949 0.08166772872 0.006024957635
v -0.02498047426 0.08234960586 0.00672545284
v -0.02446997911 0.08066672832 0.007753024343
v -0.02402476594 0.0791990608 0.002746260492
v -0.02368111908 0.07806620747 0.004468514584
v -0.01574445702 0.07915282249 0.001921940246
v -0.01561979298 0.07852609456 0.003828698769
v -0.02260394581 0.07451525331 0.00109802431
v -0.02250834182 0.07420009375 0.003108025063
v -0.008434865624 0.08564073592 0.006725453306
v -0.008262489922 0.08389060199 0.007753026672
v -0.008112160489 0.0823642835 0.002746260259
v -0.007996123284 0.08118615299 0.004468512721
v -0.007632402238 0.07749329507 0.00109802431
v -0.007600119803 0.07716553658 0.003108025063
v 1.107116709e-08 0.08961493522 0.01487793773
v 1.105652991e-08 0.08773160726 0.01560410578
v 0.0174830053 0.08789297938 0.0148779368
v 0.01711558737 0.08604584634 0.01560410392
v -0.01748299226 0.08789297938 0.01487793773
v -0.01711557433 0.08604584634 0.01560410485
v 0.03429414704 0.08279338479 0.0148779368
v 0.03357343003 0.0810534209 0.01560410485
v 0.04978739843 0.07451204956 0.01487793867
v 0.04874108359 0.07294612378 0.01560410485
v 0.06336730719 0.06336730719 0.01487793867
v 0.06203560159 0.06203559786 0.01560410485
v 0.07451210916 0.04978739843 0.01487793773
v 0.07294618338 0.04874108359 0.01560410485
v 0.08279338479 0.03429414704 0.0148779368
v 0.0810534209 0.03357343003 0.01560410392
v 0.08789298683 0.0174830053 0.01487793867
v 0.08604585379 0.01711558737 0.01560410578
v 0.08961492777 1.557999507e-09 0.0148779368
v 0.08773159981 1.623824186e-09 0.01560410485
v 0.08789298683 -0.0174829904 0.01487793867
v 0.08604585379 -0.01711557247 0.01560410578
v 0.08279338479 -0.03429414332 0.0148779368
v 0.0810534209 -0.03357342631 0.01560410392
v 0.07451210916 -0.04978733882 0.01487793867
v 0.07294618338 -0.04874102399 0.01560410578
v 0.06336730719 -0.06336731464 0.01487793867
v 0.06203560159 -0.06203560531 0.01560410578
v 0.04978739843 -0.07451204956 0.01487793867
v 0.04874108359 -0.07294612378 0.01560410485
v 0.03429414704 -0.08279338479 0.0148779368
v 0.03357343003 -0.0810534209 0.01560410392
v 0.0174830053 -0.08789297938 0.0148779368
v 0.01711558737 -0.08604584634 0.01560410392
v 1.107145131e-08 -0.08961492032 0.0148779368
v 1.099832225e-08 -0.08773159236 0.01560410298
v -0.01748299226 -0.08789298683 0.01487793773
v -0.01711557619 -0.08604585379 0.01560410485
v -0.03429414332 -0.08279338479 0.01487793773
v -0.03357342258 -0.0810534209 0.01560410485
v -0.04978733882 -0.07451204956 0.01487793773
v -0.04874102399 -0.07294612378 0.01560410485
v -0.06336731464 -0.06336731464 0.01487793773
v -0.06203560531 -0.06203560531 0.01560410578
v -0.07451204956 -0.04978733882 0.01487793867
v -0.07294612378 -0.04874102399 0.01560410578
v -0.08279338479 -0.03429414332 0.01487793773
v -0.0810534209 -0.03357342258 0.01560410485
v -0.08789298683 -0.0174829904 0.01487793773
v -0.08604585379 -0.01711557619 0.01560410485
v -0.08961485326 1.559960605e-09 0.01487793773
v -0.0877315253 1.238198433e-09 0.01560410392
v -0.08789297938 0.0174830053 0.0148779368
v -0.08604584634 0.01711559109 0.01560410392
v -0.08279338479 0.03429414704 0.0148779368
v -0.0810534209 0.03357343003 0.01560410392
v -0.07451204956 0.04978739843 0.01487793867
v -0.07294612378 0.04874108359 0.01560410485
v -0.06336731464 0.06336730719 0.01487793773
v -0.06203560904 0.06203559786 0.01560410485
v -0.04978733882 0.07451204956 0.01487793773
v -0.04874102399 0.07294612378 0.01560410392
v -0.03429414332 0.08279338479 0.0148779368
v -0.03357342258 0.0810534209 0.01560410392
v 0.007303253748 0.07415105402 0.00109802431
v 0.007106235716 0.0721507296 0.003108024364
v 0.02162905037 0.07130146027 0.00109802431
v 0.02104558051 0.06937801093 0.003108024364
v 0.03512368351 0.06571179628 0.00109802431
v 0.03417617455 0.0639391318 0.003108024364
v 0.04726855829 0.05759685114 0.00109802431
v 0.04599342868 0.05604309961 0.003108024364
v 0.05759688839 0.04726854712 0.00109802431
v 0.05604314059 0.04599341378 0.003108024364
v 0.06571181118 0.03512370586 0.00109802431
v 0.0639391467 0.03417620435 0.003108024364
v 0.07130146027 0.02162906155 0.00109802431
v 0.06937801093 0.02104558982 0.003108024364
v 0.07415105402 0.007303246763 0.00109802431
v 0.0721507296 0.007106230594 0.003108024364
v 0.07415105402 -0.007303239312 0.00109802431
v 0.0721507296 -0.007106223144 0.003108024364
v 0.07130146027 -0.02162905596 0.00109802431
v 0.06937801093 -0.02104558423 0.003108024364
v 0.06571182609 -0.03512366116 0.00109802431
v 0.0639391616 -0.03417615592 0.003108024364
v 0.05759689584 -0.04726850614 0.00109802431
v 0.05604314432 -0.04599337652 0.003108024364
v 0.04726855457 -0.05759685114 0.00109802431
v 0.04599342495 -0.05604309961 0.003108024364
v 0.03512368351 -0.06571179628 0.00109802431
v 0.03417617455 -0.0639391318 0.003108024364
v 0.02162905037 -0.07130146027 0.00109802431
v 0.02104558051 -0.06937801093 0.003108024364
v 0.007303254679 -0.07415103912 0.00109802431
v 0.00710623851 -0.0721507147 0.003108024364
v -0.007303218823 -0.07415103912 0.00109802431
v -0.007106202189 -0.0721507147 0.003108024364
v -0.02162904479 -0.07130144536 0.00109802431
v -0.02104557492 -0.06937799603 0.003108024364
v -0.03512367234 -0.06571178138 0.00109802431
v -0.03417616338 -0.0639391169 0.003108024364
v -0.04726851359 -0.05759685859 0.00109802431
v -0.0459933877 -0.05604310334 0.003108024364
v -0.05759685859 -0.04726851732 0.00109802431
v -0.05604310334 -0.04599339142 0.003108024364
v -0.06571178138 -0.03512367234 0.00109802431
v -0.0639391169 -0.03417616338 0.003108024364
v -0.07130144536 -0.02162904851 0.00109802431
v -0.06937799603 -0.02104557864 0.003108024364
v -0.07415100932 -0.007303226739 0.00109802431
v -0.07215068489 -0.007106217556 0.003108024364
v -0.07415100932 0.007303254213 0.00109802431
v -0.07215068489 0.007106245495 0.003108024364
v -0.07130146027 0.02162905596 0.00109802431
v -0.06937801093 0.02104558609 0.003108024364
v -0.06571180373 0.03512367234 0.00109802431
v -0.06393913925 0.0341761671 0.003108024364
v -0.05759686604 0.04726853222 0.00109802431
v -0.05604311451 0.0459934026 0.003108024364
v -0.04726851359 0.05759685859 0.00109802431
v -0.0459933877 0.05604310334 0.003108024364
v -0.03512367234 0.06571178138 0.00109802431
v -0.03417616338 0.0639391169 0.003108024364
v -0.02162904479 0.07130144536 0.00109802431
v -0.02104557492 0.06937799603 0.003108024364
v -0.007303218823 0.07415105402 0.00109802431
v -0.007106200326 0.0721507296 0.003108024364
v 1.114690562e-08 0.07655185461 0.00109802431
v 1.114235726e-08 0.07655185461 0.003108024364
v 0.01493453979 0.07508090138 0.003108024364
v 0.01493453979 0.07508090138 0.00109802431
v 0.02929508314 0.07072468847 0.003108024364
v 0.02929508314 0.07072468847 0.00109802431
v 0.04252995178 0.06365048885 0.003108024364
v 0.04252995178 0.06365048885 0.00109802431
v 0.05413033441 0.05413030833 0.003108024364
v 0.05413033441 0.05413030833 0.00109802431
v 0.06365054101 0.04252996296 0.003108024364
v 0.06365054101 0.04252996296 0.00109802431
v 0.07072468102 0.02929510921 0.003108024364
v 0.07072468102 0.02929510921 0.00109802431
v 0.07508091629 0.01493453421 0.003108024364
v 0.07508091629 0.01493453421 0.00109802431
v 0.07655184716 2.191675286e-09 0.003108024364
v 0.07655184716 2.191675286e-09 0.00109802431
v 0.07508091629 -0.01493452303 0.003108024364
v 0.07508091629 -0.01493452303 0.00109802431
v 0.07072468102 -0.02929510921 0.003108024364
v 0.07072468102 -0.02929510921 0.00109802431
v 0.06365055591 -0.042529881 0.003108024364
v 0.06365055591 -0.042529881 0.00109802431
v 0.05413033068 -0.05413030833 0.003108024364
v 0.05413033068 -0.05413030833 0.00109802431
v 0.04252995178 -0.06365048885 0.003108024364
v 0.04252995178 -0.06365048885 0.00109802431
v 0.02929508314 -0.07072468847 0.003108024364
v 0.02929508314 -0.07072468847 0.00109802431
v 0.01493453979 -0.07508090138 0.003108024364
v 0.01493453979 -0.07508090138 0.00109802431
v 1.121181636e-08 -0.07655183971 0.003108024364
v 1.120503423e-08 -0.07655183971 0.00109802431
v -0.01493449137 -0.07508090138 0.003108024364
v -0.01493449137 -0.07508090138 0.00109802431
v -0.02929512039 -0.07072466612 0.003108024364
v -0.02929512039 -0.07072466612 0.00109802431
v -0.04252988845 -0.0636504963 0.003108024364
v -0.04252988845 -0.0636504963 0.00109802431
v -0.05413031578 -0.05413032323 0.003108024364
v -0.05413031578 -0.05413032323 0.00109802431
v -0.0636504963 -0.04252988845 0.003108024364
v -0.0636504963 -0.04252988845 0.00109802431
v -0.07072466612 -0.02929512039 0.003108024364
v -0.07072466612 -0.02929512039 0.00109802431
v -0.07508090138 -0.01493449509 0.003108024364
v -0.07508090138 -0.01493449509 0.00109802431
v -0.0765517801 2.394297427e-09 0.003108024364
v -0.0765517801 2.394297427e-09 0.00109802431
v -0.07508090138 0.01493454445 0.003108024364
v -0.07508090138 0.01493454445 0.00109802431
v -0.07072468847 0.02929508314 0.003108024364
v -0.07072468847 0.02929508314 0.00109802431
v -0.06365051121 0.0425299257 0.003108024364
v -0.06365051121 0.0425299257 0.00109802431
v -0.05413031578 0.05413031578 0.003108024364
v -0.05413031578 0.05413031578 0.00109802431
v -0.04252988845 0.0636504963 0.003108024364
v -0.04252988845 0.0636504963 0.00109802431
v -0.02929512039 0.07072466612 0.003108024364
v -0.02929512039 0.07072466612 0.00109802431
v -0.01493449137 0.07508090138 0.003108024364
v -0.01493449137 0.07508090138 0.00109802431
v 0.007230759598 0.07341500372 0.00109802431
v 0.007427777629 0.07541532815 0.003108024364
v 0.02141435444 0.07059370726 0.00109802431
v 0.02199782617 0.0725171566 0.003108024364
v 0.03477503732 0.06505951285 0.00109802431
v 0.03572254628 0.06683217734 0.003108024364
v 0.04679935426 0.05702512711 0.00109802431
v 0.04807448387 0.05857887864 0.003108024364
v 0.05702516809 0.04679934308 0.00109802431
v 0.05857891589 0.04807447642 0.003108024364
v 0.06505953521 0.03477505967 0.00109802431
v 0.06683219969 0.03572256118 0.003108024364
v 0.07059370726 0.02141436934 0.00109802431
v 0.0725171566 0.02199784108 0.003108024364
v 0.07341500372 0.007230752613 0.00109802431
v 0.07541532815 0.007427768316 0.003108024364
v 0.07341500372 -0.007230745163 0.00109802431
v 0.07541532815 -0.007427761331 0.003108024364
v 0.07059370726 -0.02141436189 0.00109802431
v 0.0725171566 -0.02199783362 0.003108024364
v 0.06505954266 -0.03477501869 0.00109802431
v 0.06683220714 -0.03572252393 0.003108024364
v 0.05702517554 -0.04679930583 0.00109802431
v 0.05857892707 -0.04807443544 0.003108024364
v 0.04679935053 -0.05702513084 0.00109802431
v 0.04807448015 -0.05857888237 0.003108024364
v 0.03477503732 -0.06505951285 0.00109802431
v 0.03572254628 -0.06683217734 0.003108024364
v 0.02141435631 -0.07059370726 0.00109802431
v 0.02199782804 -0.0725171566 0.003108024364
v 0.00723076053 -0.07341499627 0.00109802431
v 0.007427776232 -0.07541532069 0.003108024364
v -0.007230724208 -0.07341499627 0.00109802431
v -0.007427740376 -0.07541532069 0.003108024364
v -0.02141435072 -0.07059369981 0.00109802431
v -0.02199782059 -0.07251714915 0.003108024364
v -0.03477502614 -0.0650595054 0.00109802431
v -0.0357225351 -0.06683216989 0.003108024364
v -0.04679931328 -0.05702513829 0.00109802431
v -0.04807443917 -0.05857889354 0.003108024364
v -0.05702513829 -0.046799317 0.00109802431
v -0.05857889354 -0.04807444289 0.003108024364
v -0.0650595054 -0.03477502614 0.00109802431
v -0.06683216989 -0.0357225351 0.003108024364
v -0.07059369236 -0.02141435444 0.00109802431
v -0.0725171417 -0.02199782431 0.003108024364
v -0.07341496646 -0.007230733056 0.00109802431
v -0.07541529089 -0.007427742239 0.003108024364
v -0.07341496646 0.00723076053 0.00109802431
v -0.07541529089 0.007427768782 0.003108024364
v -0.07059369981 0.02141436189 0.00109802431
v -0.07251714915 0.02199783362 0.003108024364
v -0.06505952775 0.03477502987 0.00109802431
v -0.06683219224 0.0357225351 0.003108024364
v -0.05702514574 0.0467993319 0.00109802431
v -0.05857889727 0.04807446152 0.003108024364
v -0.04679931328 0.05702513456 0.00109802431
v -0.04807443917 0.05857888982 0.003108024364
v -0.03477502614 0.0650595054 0.00109802431
v -0.0357225351 0.06683216989 0.003108024364
v -0.02141435072 0.07059369981 0.00109802431
v -0.02199782059 0.07251714915 0.003108024364
v -0.007230724674 0.07341500372 0.00109802431
v -0.007427742705 0.07541532815 0.003108024364
v 0.07145082206 -0.01421245188 0.0005595195107
v 0.07343173772 -0.01460648142 0.0005595195107
v -0.07468374074 -0.01485549472 0.0005595195107
v -0.07270281762 -0.01446146891 0.0005595195107
v 0.07285063714 2.266046684e-09 0.0005595195107
v 0.07487036288 2.229439522e-09 0.0005595195107
v -0.07035054266 -0.0291401539 0.0005595195107
v -0.06848455966 -0.02836723812 0.0005595195107
v 0.07145082206 0.01421246119 0.0005595195107
v 0.07343173772 0.01460649166 0.0005595195107
v -0.06331379712 -0.04230491072 0.0005595195107
v -0.06163445488 -0.0411828123 0.0005595195107
v 0.06730520725 0.02787872218 0.0005595195107
v 0.06917119026 0.02865163423 0.0005595195107
v -0.05384397879 -0.05384398252 0.0005595195107
v -0.05241581798 -0.0524158217 0.0005595195107
v 0.06057309359 0.04047367722 0.0005595195107
v 0.06225243583 0.04159577936 0.0005595195107
v -0.01421241742 0.0714508146 0.0005595195107
v -0.01460644882 0.07343173027 0.0005595195107
v -0.04230491444 -0.06331379712 0.0005595195107
v -0.0411828123 -0.06163445488 0.0005595195107
v 0.05151318759 0.05151315406 0.0005595195107
v 0.05294134468 0.05294131488 0.0005595195107
v -0.0278787259 0.06730519235 0.0005595195107
v -0.02865164168 0.06917117536 0.0005595195107
v -0.02914015576 -0.07035054266 0.0005595195107
v -0.02836723812 -0.06848455966 0.0005595195107
v 0.04047366604 0.06057304144 0.0005595195107
v 0.04159576818 0.06225238368 0.0005595195107
v -0.04047360271 0.06057304889 0.0005595195107
v -0.04159570485 0.06225239113 0.0005595195107
v -0.01485548913 -0.07468374074 0.0005595195107
v -0.01446146052 -0.07270282507 0.0005595195107
v 0.02787868865 0.0673052147 0.0005595195107
v 0.02865160443 0.06917119771 0.0005595195107
v -0.05151316524 0.05151316151 0.0005595195107
v -0.05294132605 0.05294132233 0.0005595195107
v 1.123649529e-08 -0.0761468932 0.0005595195107
v 1.141930372e-08 -0.07412716746 0.0005595195107
v 0.01421246585 0.0714508146 0.0005595195107
v 0.01460649632 0.07343173027 0.0005595195107
v 1.14525891e-08 0.07285064459 0.0005595195107
v 1.129172222e-08 0.07487037033 0.0005595195107
v -0.06057306379 0.04047363997 0.0005595195107
v -0.06225240603 0.04159574211 0.0005595195107
v 0.01485553943 -0.07468374074 0.0005595195107
v 0.01446150988 -0.07270282507 0.0005595195107
v -0.0673052147 0.02787869237 0.0005595195107
v -0.06917119771 0.02865160629 0.0005595195107
v 0.02914011665 -0.07035056502 0.0005595195107
v 0.02836720087 -0.06848458201 0.0005595195107
v -0.0714507997 0.01421248075 0.0005595195107
v -0.07343172282 0.01460650563 0.0005595195107
v 0.04230497405 -0.06331378967 0.0005595195107
v 0.04118287191 -0.06163444743 0.0005595195107
v -0.07285057008 2.925949705e-09 0.0005595195107
v -0.07487029582 2.633433471e-09 0.0005595195107
v -0.0714507997 -0.01421243139 0.0005595195107
v -0.07343172282 -0.01460645627 0.0005595195107
v 0.06163451448 -0.04118280485 0.0005595195107
v 0.06331385672 -0.04230490699 0.0005595195107
v 0.05384399369 -0.05384397134 0.0005595195107
v 0.05241583288 -0.05241581053 0.0005595195107
v 0.007303253748 0.07415105402 1.014781446e-06
v 0.007106235716 0.0721507296 0.002011014847
v 0.02162905037 0.07130146027 1.014781446e-06
v 0.02104558051 0.06937801093 0.002011014847
v 0.03512368351 0.06571179628 1.014781446e-06
v 0.03417617455 0.0639391318 0.002011014847
v 0.04726855829 0.05759685114 1.014781446e-06
v 0.04599342868 0.05604309961 0.002011014847
v 0.05759688839 0.04726854712 1.014781446e-06
v 0.05604314059 0.04599341378 0.002011014847
v 0.06571181118 0.03512370586 1.014781446e-06
v 0.0639391467 0.03417620435 0.002011014847
v 0.07130146027 0.02162906155 1.014781446e-06
v 0.06937801093 0.02104558982 0.002011014847
v 0.07415105402 0.007303246763 1.014781446e-06
v 0.0721507296 0.007106230594 0.002011014847
v 0.07415105402 -0.007303239312 1.014781446e-06
v 0.0721507296 -0.007106223144 0.002011014847
v 0.07130146027 -0.02162905596 1.014781446e-06
v 0.06937801093 -0.02104558423 0.002011014847
v 0.06571182609 -0.03512366116 1.014781446e-06
v 0.0639391616 -0.03417615592 0.002011014847
v 0.05759689584 -0.04726850614 1.014781446e-06
v 0.05604314432 -0.04599337652 0.002011014847
v 0.04726855457 -0.05759685114 1.014781446e-06
v 0.04599342495 -0.05604309961 0.002011014847
v 0.03512368351 -0.06571179628 1.014781446e-06
v 0.03417617455 -0.0639391318 0.002011014847
v 0.02162905037 -0.07130146027 1.014781446e-06
v 0.02104558051 -0.06937801093 0.002011014847
v 0.007303254679 -0.07415103912 1.014781446e-06
v 0.00710623851 -0.0721507147 0.002011014847
v -0.007303218823 -0.07415103912 1.014781446e-06
v -0.007106202655 -0.0721507147 0.002011014847
v -0.02162904479 -0.07130144536 1.014781446e-06
v -0.02104557492 -0.06937799603 0.002011014847
v -0.03512367234 -0.06571178138 1.014781446e-06
v -0.03417616338 -0.0639391169 0.002011014847
v -0.04726851359 -0.05759685859 1.014781446e-06
v -0.0459933877 -0.05604310334 0.002011014847
v -0.05759685859 -0.04726851732 1.014781446e-06
v -0.05604310334 -0.04599339142 0.002011014847
v -0.06571178138 -0.03512367234 1.014781446e-06
v -0.0639391169 -0.03417616338 0.002011014847
v -0.07130144536 -0.02162904851 1.014781446e-06
v -0.06937799603 -0.02104557864 0.002011014847
v -0.07415100932 -0.007303226739 1.014781446e-06
v -0.07215068489 -0.007106217556 0.002011014847
v -0.07415100932 0.007303254213 1.014781446e-06
v -0.07215068489 0.007106245495 0.002011014847
v -0.07130146027 0.02162905596 1.014781446e-06
v -0.06937801093 0.02104558609 0.002011014847
v -0.06571180373 0.03512367234 1.014781446e-06
v -0.06393913925 0.0341761671 0.002011014847
v -0.05759686604 0.04726853222 1.014781446e-06
v -0.05604311451 0.0459934026 0.002011014847
v -0.04726851359 0.05759685859 1.014781446e-06
v -0.0459933877 0.05604310334 0.002011014847
v -0.03512367234 0.06571178138 1.014781446e-06
v -0.03417616338 0.0639391169 0.002011014847
v -0.02162904479 0.07130144536 1.014781446e-06
v -0.02104557492 0.06937799603 0.002011014847
v -0.007303218823 0.07415105402 1.014781446e-06
v -0.007106200326 0.0721507296 0.002011014847
v 0.007230759598 0.07341500372 1.014781446e-06
v 0.007427777629 0.07541532815 0.002011014847
v 0.02141435444 0.07059370726 1.014781446e-06
v 0.02199782617 0.0725171566 0.002011014847
v 0.03477503732 0.06505951285 1.014781446e-06
v 0.03572254628 0.06683217734 0.002011014847
v 0.04679935426 0.05702512711 1.014781446e-06
v 0.04807448387 0.05857887864 0.002011014847
v 0.05702516809 0.04679934308 1.014781446e-06
v 0.05857891589 0.04807447642 0.002011014847
v 0.06505953521 0.03477505967 1.014781446e-06
v 0.06683219969 0.03572256118 0.002011014847
v 0.07059370726 0.02141436934 1.014781446e-06
v 0.0725171566 0.02199784108 0.002011014847
v 0.07341500372 0.007230752613 1.014781446e-06
v 0.07541532815 0.007427768316 0.002011014847
v 0.07341500372 -0.007230745163 1.014781446e-06
v 0.07541532815 -0.007427761331 0.002011014847
v 0.07059370726 -0.02141436189 1.014781446e-06
v 0.0725171566 -0.02199783362 0.002011014847
v 0.06505954266 -0.03477501869 1.014781446e-06
v 0.06683220714 -0.03572252393 0.002011014847
v 0.05702517554 -0.04679930583 1.014781446e-06
v 0.05857892707 -0.04807443544 0.002011014847
v 0.04679935053 -0.05702513084 1.014781446e-06
v 0.04807448015 -0.05857888237 0.002011014847
v 0.03477503732 -0.06505951285 1.014781446e-06
v 0.03572254628 -0.06683217734 0.002011014847
v 0.02141435631 -0.07059370726 1.014781446e-06
v 0.02199782804 -0.0725171566 0.002011014847
v 0.00723076053 -0.07341499627 1.014781446e-06
v 0.007427776232 -0.07541532069 0.002011014847
v -0.007230724208 -0.07341499627 1.014781446e-06
v -0.007427740376 -0.07541532069 0.002011014847
v -0.02141435072 -0.07059369981 1.014781446e-06
v -0.02199782059 -0.07251714915 0.002011014847
v -0.03477502614 -0.0650595054 1.014781446e-06
v -0.0357225351 -0.06683216989 0.002011014847
v -0.04679931328 -0.05702513829 1.014781446e-06
v -0.04807443917 -0.05857889354 0.002011014847
v -0.05702513829 -0.046799317 1.014781446e-06
v -0.05857889354 -0.04807444289 0.002011014847
v -0.0650595054 -0.03477502614 1.014781446e-06
v -0.06683216989 -0.0357225351 0.002011014847
v -0.07059369236 -0.02141435444 1.014781446e-06
v -0.0725171417 -0.02199782431 0.002011014847
v -0.07341496646 -0.007230733056 1.014781446e-06
v -0.07541529089 -0.007427742239 0.002011014847
v -0.07341496646 0.00723076053 1.014781446e-06
v -0.07541529089 0.007427768782 0.002011014847
v -0.07059369981 0.02141436189 1.014781446e-06
v -0.07251714915 0.02199783362 0.002011014847
v -0.06505952775 0.03477502987 1.014781446e-06
v -0.06683219224 0.0357225351 0.002011014847
v -0.05702514574 0.0467993319 1.014781446e-06
v -0.05857889727 0.04807446152 0.002011014847
v -0.04679931328 0.05702513456 1.014781446e-06
v -0.04807443917 0.05857888982 0.002011014847
v -0.03477502614 0.0650595054 1.014781446e-06
v -0.0357225351 0.06683216989 0.002011014847
v -0.02141435072 0.07059369981 1.014781446e-06
v -0.02199782059 0.07251714915 0.002011014847
v -0.007230724674 0.07341500372 1.014781446e-06
v -0.007427742705 0.07541532815 0.002011014847
v 1.132229244e-08 0.07449877262 1.014781446e-06
v 1.132229244e-08 0.07449877262 0.002011014847
v 0.01453400217 0.07306727767 0.002011014847
v 0.01453400217 0.07306727767 1.014781446e-06
v 0.02850940265 0.06882788986 0.002011014847
v 0.02850940265 0.06882788986 1.014781446e-06
v 0.04138932005 0.06194341555 0.002011014847
v 0.04138932005 0.06194341555 1.014781446e-06
v 0.0526785925 0.0526785627 0.002011014847
v 0.0526785925 0.0526785627 1.014781446e-06
v 0.06194346771 0.04138933122 0.002011014847
v 0.06194346771 0.04138933122 1.014781446e-06
v 0.06882788241 0.02850943431 0.002011014847
v 0.06882788241 0.02850943431 1.014781446e-06
v 0.07306728512 0.01453399751 0.002011014847
v 0.07306728512 0.01453399751 1.014781446e-06
v 0.07449877262 2.237787289e-09 0.002011014847
v 0.07449877262 2.237787289e-09 1.014781446e-06
v 0.07306728512 -0.01453398727 0.002011014847
v 0.07306728512 -0.01453398727 1.014781446e-06
v 0.06882788241 -0.02850943059 0.002011014847
v 0.06882788241 -0.02850943059 1.014781446e-06
v 0.06194348261 -0.04138924927 0.002011014847
v 0.06194348261 -0.04138924927 1.014781446e-06
v 0.05267858505 -0.0526785627 0.002011014847
v 0.05267858505 -0.0526785627 1.014781446e-06
v 0.04138932005 -0.06194341555 0.002011014847
v 0.04138932005 -0.06194341555 1.014781446e-06
v 0.02850940265 -0.06882788986 0.002011014847
v 0.02850940265 -0.06882788986 1.014781446e-06
v 0.01453400403 -0.07306727767 0.002011014847
v 0.01453400403 -0.07306727767 1.014781446e-06
v 1.138455996e-08 -0.07449875772 0.002011014847
v 1.138455907e-08 -0.07449875772 1.014781446e-06
v -0.01453395467 -0.07306727767 0.002011014847
v -0.01453395467 -0.07306727767 1.014781446e-06
v -0.0285094399 -0.06882786751 0.002011014847
v -0.0285094399 -0.06882786751 1.014781446e-06
v -0.04138925672 -0.061943423 0.002011014847
v -0.04138925672 -0.061943423 1.014781446e-06
v -0.05267857015 -0.0526785776 0.002011014847
v -0.05267857015 -0.0526785776 1.014781446e-06
v -0.061943423 -0.04138925672 0.002011014847
v -0.061943423 -0.04138925672 1.014781446e-06
v -0.06882786751 -0.0285094399 0.002011014847
v -0.06882786751 -0.0285094399 1.014781446e-06
v -0.07306727022 -0.01453396305 0.002011014847
v -0.07306727022 -0.01453396305 1.014781446e-06
v -0.07449869812 2.689046319e-09 0.002011014847
v -0.07449869812 2.689046319e-09 1.014781446e-06
v -0.07306727022 0.01453401148 0.002011014847
v -0.07306727022 0.01453401148 1.014781446e-06
v -0.06882788986 0.02850940451 0.002011014847
v -0.06882788986 0.02850940451 1.014781446e-06
v -0.0619434379 0.04138929397 0.002011014847
v -0.0619434379 0.04138929397 1.014781446e-06
v -0.05267857015 0.05267857015 0.002011014847
v -0.05267857015 0.05267857015 1.014781446e-06
v -0.04138925672 0.061943423 0.002011014847
v -0.04138925672 0.061943423 1.014781446e-06
v -0.0285094399 0.06882786751 0.002011014847
v -0.0285094399 0.06882786751 1.014781446e-06
v -0.01453395467 0.07306727767 0.002011014847
v -0.01453395467 0.07306727767 1.014781446e-06
v -0.0761468336 2.444866976e-09 0.0005595195107
v -0.07412710786 2.74471601e-09 0.0005595195107
v 0.06917119026 -0.02865163051 0.0005595195107
v 0.06730520725 -0.02787871659 0.0005595195107
v -0.07468374074 0.01485554501 0.0005595195107
v -0.07270281762 0.01446151827 0.0005595195107
v 0.06225245073 -0.0415956974 0.0005595195107
v 0.06057310849 -0.04047359526 0.0005595195107
v -0.07035056502 0.02914011851 0.0005595195107
v -0.06848458201 0.02836720459 0.0005595195107
v 0.05294134095 -0.0529413186 0.0005595195107
v 0.05151318014 -0.05151315778 0.0005595195107
v -0.06331381202 0.0423049517 0.0005595195107
v -0.06163446978 0.04118284956 0.0005595195107
v 0.01485553849 0.07468374074 0.0005595195107
v 0.01446150802 0.07270282507 0.0005595195107
v 1.135286265e-08 0.07412718236 0.0005595195107
v 1.118471982e-08 0.0761469081 0.0005595195107
v 0.04159576818 -0.06225238368 0.0005595195107
v 0.04047366604 -0.06057304144 0.0005595195107
v -0.05384397507 0.05384397879 0.0005595195107
v -0.05241581798 0.05241581425 0.0005595195107
v 0.02914011665 0.07035056502 0.0005595195107
v 0.02836720087 0.06848458201 0.0005595195107
v 0.02865160443 -0.06917119771 0.0005595195107
v 0.02787868865 -0.0673052147 0.0005595195107
v -0.04230491444 0.06331379712 0.0005595195107
v -0.0411828123 0.06163445488 0.0005595195107
v 0.04230497405 0.06331378967 0.0005595195107
v 0.04118287191 0.06163444743 0.0005595195107
v 0.01460649818 -0.07343173027 0.0005595195107
v 0.01421246957 -0.0714508146 0.0005595195107
v -0.02914015576 0.07035054266 0.0005595195107
v -0.02836723812 0.06848455966 0.0005595195107
v 0.05384399369 0.05384396762 0.0005595195107
v 0.0524158366 0.0524158068 0.0005595195107
v 1.13498162e-08 -0.07487035543 0.0005595195107
v 1.152534868e-08 -0.07285062969 0.0005595195107
v -0.014855491 0.07468374074 0.0005595195107
v -0.01446146052 0.07270282507 0.0005595195107
v 0.06331384182 0.04230498523 0.0005595195107
v 0.06163449958 0.04118288308 0.0005595195107
v -0.01460644882 -0.07343173027 0.0005595195107
v -0.01421241928 -0.0714508146 0.0005595195107
v 0.07035055757 0.02914014645 0.0005595195107
v 0.06848457456 0.02836723253 0.0005595195107
v -0.02865164168 -0.06917117536 0.0005595195107
v -0.0278787259 -0.06730519235 0.0005595195107
v 0.07468374819 0.01485553291 0.0005595195107
v 0.07270283252 0.01446150336 0.0005595195107
v -0.04159570485 -0.06225239113 0.0005595195107
v -0.04047360271 -0.06057304889 0.0005595195107
v 0.07614690065 2.202251714e-09 0.0005595195107
v 0.07412717491 2.246134834e-09 0.0005595195107
v -0.05294132605 -0.05294132978 0.0005595195107
v -0.05151316524 -0.05151316896 0.0005595195107
v 0.07468374819 -0.01485552266 0.0005595195107
v 0.07270283252 -0.01446149312 0.0005595195107
v -0.06225239113 -0.04159570485 0.0005595195107
v -0.06057304889 -0.04047360644 0.0005595195107
v 0.07035055757 -0.02914014272 0.0005595195107
v 0.06848457456 -0.02836722881 0.0005595195107
v -0.06917117536 -0.02865164168 0.0005595195107
v -0.06730519235 -0.02787872404 0.0005595195107
v -0.07130144536 -0.02162904851 0.0005595195107
v -0.06937799603 -0.02104557864 0.0005595195107
v 0.06505954266 -0.03477501869 0.0005595195107
v 0.06683220714 -0.03572252393 0.0005595195107
v -0.06571178138 -0.03512367234 0.0005595195107
v -0.0639391169 -0.03417615965 0.0005595195107
v 0.07059370726 -0.02141436189 0.0005595195107
v 0.0725171566 -0.02199783362 0.0005595195107
v -0.05759685859 -0.04726851732 0.0005595195107
v -0.05604310334 -0.04599339142 0.0005595195107
v 0.07341500372 -0.007230745163 0.0005595195107
v 0.07541532815 -0.007427761331 0.0005595195107
v -0.04726851359 -0.05759685859 0.0005595195107
v -0.0459933877 -0.05604310334 0.0005595195107
v 0.07341500372 0.007230752613 0.0005595195107
v 0.07541532815 0.007427768316 0.0005595195107
v -0.03512367234 -0.06571178138 0.0005595195107
v -0.03417616338 -0.0639391169 0.0005595195107
v 0.07059370726 0.02141436934 0.0005595195107
v 0.0725171566 0.02199784108 0.0005595195107
v -0.02162904479 -0.07130144536 0.0005595195107
v -0.02104557492 -0.06937799603 0.0005595195107
v 0.06505953521 0.03477505967 0.0005595195107
v 0.06683219969 0.03572256118 0.0005595195107
v -0.007230724674 0.07341500372 0.0005595195107
v -0.007427742705 0.07541532815 0.0005595195107
v -0.007303218823 -0.07415103912 0.0005595195107
v -0.007106201723 -0.0721507147 0.0005595195107
v 0.05702516809 0.04679934308 0.0005595195107
v 0.05857891589 0.04807447642 0.0005595195107
v -0.02141435072 0.07059369981 0.0005595195107
v -0.02199782245 0.07251714915 0.0005595195107
v 0.007303254679 -0.07415103912 0.0005595195107
v 0.007106238045 -0.0721507147 0.0005595195107
v 0.04679935426 0.05702512711 0.0005595195107
v 0.04807448387 0.05857887864 0.0005595195107
v -0.03477502614 0.0650595054 0.0005595195107
v -0.0357225351 0.06683216989 0.0005595195107
v 0.02162905037 -0.07130146027 0.0005595195107
v 0.02104558051 -0.06937801093 0.0005595195107
v 0.03477503732 0.06505951285 0.0005595195107
v 0.03572254628 0.06683217734 0.0005595195107
v -0.04679931328 0.05702513456 0.0005595195107
v -0.04807443917 0.05857888982 0.0005595195107
v 0.03512368351 -0.06571179628 0.0005595195107
v 0.03417617455 -0.0639391318 0.0005595195107
v 0.02141435444 0.07059370726 0.0005595195107
v 0.02199782617 0.0725171566 0.0005595195107
v -0.05702514574 0.0467993319 0.0005595195107
v -0.05857889727 0.04807446152 0.0005595195107
v 0.04726855457 -0.05759685114 0.0005595195107
v 0.04599342495 -0.05604309961 0.0005595195107
v 0.007230759598 0.07341500372 0.0005595195107
v 0.007427777629 0.07541532815 0.0005595195107
v -0.06505952775 0.03477502987 0.0005595195107
v -0.06683219224 0.0357225351 0.0005595195107
v 0.05759689584 -0.04726850614 0.0005595195107
v 0.05604314432 -0.04599337652 0.0005595195107
v -0.07059369981 0.02141436189 0.0005595195107
v -0.07251714915 0.02199783176 0.0005595195107
v 0.06571182609 -0.03512366116 0.0005595195107
v 0.0639391616 -0.03417615592 0.0005595195107
v -0.07341496646 0.00723076053 0.0005595195107
v -0.07541529089 0.007427768782 0.0005595195107
v -0.007266971748 0.07378302515 1.014781446e-06
v -0.007266971748 0.07378302515 0.002011014847
v -0.02152169868 0.07094757259 1.014781446e-06
v -0.02152169868 0.07094757259 0.002011014847
v -0.03494934738 0.06538563967 1.014781446e-06
v -0.03494934738 0.06538563967 0.002011014847
v -0.04703391343 0.05731099844 1.014781446e-06
v -0.04703391343 0.05731099844 0.002011014847
v -0.05731100589 0.04703393206 1.014781446e-06
v -0.05731100589 0.04703393206 0.002011014847
v -0.06538566947 0.0349493511 1.014781446e-06
v -0.06538566947 0.0349493511 0.002011014847
v -0.07094758004 0.02152170986 1.014781446e-06
v -0.07094758004 0.02152170986 0.002011014847
v -0.07378298789 0.007267007604 1.014781446e-06
v -0.07378298789 0.007267007604 0.002011014847
v -0.07378298789 -0.007266979665 1.014781446e-06
v -0.07378298789 -0.007266979665 0.002011014847
v -0.07094757259 -0.02152170241 1.014781446e-06
v -0.07094757259 -0.02152170241 0.002011014847
v -0.06538563967 -0.03494934738 1.014781446e-06
v -0.06538563967 -0.03494934738 0.002011014847
v -0.05731099844 -0.04703391716 1.014781446e-06
v -0.05731099844 -0.04703391716 0.002011014847
v -0.04703391343 -0.05731099844 1.014781446e-06
v -0.04703391343 -0.05731099844 0.002011014847
v -0.03494934738 -0.06538563967 1.014781446e-06
v -0.03494934738 -0.06538563967 0.002011014847
v -0.02152169868 -0.07094757259 1.014781446e-06
v -0.02152169868 -0.07094757259 0.002011014847
v -0.007266971283 -0.07378301769 1.014781446e-06
v -0.007266971283 -0.07378301769 0.002011014847
v 0.007267007604 -0.07378301769 1.014781446e-06
v 0.007267007604 -0.07378301769 0.002011014847
v 0.02152170241 -0.07094758749 1.014781446e-06
v 0.02152170241 -0.07094758749 0.002011014847
v 0.03494936228 -0.06538565457 1.014781446e-06
v 0.03494936228 -0.06538565457 0.002011014847
v 0.04703395069 -0.05731099099 1.014781446e-06
v 0.04703395069 -0.05731099099 0.002011014847
v 0.05731103569 -0.04703390598 1.014781446e-06
v 0.05731103569 -0.04703390598 0.002011014847
v 0.06538568437 -0.03494933993 1.014781446e-06
v 0.06538568437 -0.03494933993 0.002011014847
v 0.07094758749 -0.02152170986 1.014781446e-06
v 0.07094758749 -0.02152170986 0.002011014847
v 0.07378302515 -0.007266992237 1.014781446e-06
v 0.07378302515 -0.007266992237 0.002011014847
v 0.07378302515 0.007266999688 1.014781446e-06
v 0.07378302515 0.007266999688 0.002011014847
v 0.07094758749 0.02152171545 1.014781446e-06
v 0.07094758749 0.02152171545 0.002011014847
v 0.06538566947 0.03494938463 1.014781446e-06
v 0.06538566947 0.03494938463 0.002011014847
v 0.05731102824 0.04703394324 1.014781446e-06
v 0.05731102824 0.04703394324 0.002011014847
v 0.04703395814 0.05731099099 1.014781446e-06
v 0.04703395814 0.05731099099 0.002011014847
v 0.03494936228 0.06538565457 1.014781446e-06
v 0.03494936228 0.06538565457 0.002011014847
v 0.02152170241 0.07094758749 1.014781446e-06
v 0.02152170241 0.07094758749 0.002011014847
v 0.007267006673 0.07378302515 1.014781446e-06
v 0.007267006673 0.07378302515 0.002011014847
v 0.05702517554 -0.04679930583 0.0005595195107
v 0.05857892707 -0.04807443544 0.0005595195107
v -0.07415100932 -0.007303226739 0.0005595195107
v -0.07215068489 -0.00710621709 0.0005595195107
v 0.04679935053 -0.05702513084 0.0005595195107
v 0.04807448015 -0.05857888237 0.0005595195107
v -0.07415100932 0.007303254213 0.0005595195107
v -0.07215068489 0.007106245961 0.0005595195107
v 0.03477503732 -0.06505951285 0.0005595195107
v 0.03572254628 -0.06683217734 0.0005595195107
v -0.07130146027 0.02162905596 0.0005595195107
v -0.06937801093 0.02104558609 0.0005595195107
v 0.02141435631 -0.07059370726 0.0005595195107
v 0.02199782804 -0.0725171566 0.0005595195107
v -0.06571180373 0.03512367234 0.0005595195107
v -0.06393913925 0.0341761671 0.0005595195107
v 0.007303253748 0.07415105402 0.0005595195107
v 0.007106235251 0.0721507296 0.0005595195107
v 0.00723076053 -0.07341499627 0.0005595195107
v 0.007427776232 -0.07541532069 0.0005595195107
v -0.05759686604 0.04726853222 0.0005595195107
v -0.05604311451 0.0459934026 0.0005595195107
v 0.02162905037 0.07130146027 0.0005595195107
v 0.02104558051 0.06937801093 0.0005595195107
v -0.007230724208 -0.07341499627 0.0005595195107
v -0.007427740376 -0.07541532069 0.0005595195107
v -0.04726851359 0.05759685859 0.0005595195107
v -0.0459933877 0.05604310334 0.0005595195107
v 0.03512368351 0.06571179628 0.0005595195107
v 0.03417617455 0.0639391318 0.0005595195107
v -0.02141435072 -0.07059369981 0.0005595195107
v -0.02199782059 -0.07251714915 0.0005595195107
v -0.03512367234 0.06571178138 0.0005595195107
v -0.03417616338 0.0639391169 0.0005595195107
v 0.04726855829 0.05759685114 0.0005595195107
v 0.04599342868 0.05604309961 0.0005595195107
v -0.03477502614 -0.0650595054 0.0005595195107
v -0.0357225351 -0.06683216989 0.0005595195107
v -0.02162904479 0.07130144536 0.0005595195107
v -0.02104557492 0.06937799603 0.0005595195107
v 0.05759688839 0.04726854712 0.0005595195107
v 0.05604314059 0.04599341378 0.0005595195107
v -0.04679931328 -0.05702513829 0.0005595195107
v -0.04807443917 -0.05857889354 0.0005595195107
v -0.007303218823 0.07415105402 0.0005595195107
v -0.007106200792 0.0721507296 0.0005595195107
v 0.06571181118 0.03512370586 0.0005595195107
v 0.0639391467 0.03417620435 0.0005595195107
v -0.05702513829 -0.046799317 0.0005595195107
v -0.05857889354 -0.04807444289 0.0005595195107
v 0.07130146027 0.02162906155 0.0005595195107
v 0.06937801093 0.02104558982 0.0005595195107
v -0.0650595054 -0.03477502614 0.0005595195107
v -0.06683216989 -0.0357225351 0.0005595195107
v 0.07415105402 0.007303246763 0.0005595195107
v 0.0721507296 0.00710623106 0.0005595195107
v -0.07059369236 -0.02141435444 0.0005595195107
v -0.0725171417 -0.02199782431 0.0005595195107
v 0.07415105402 -0.007303239312 0.0005595195107
v 0.0721507296 -0.007106223609 0.0005595195107
v -0.07341496646 -0.007230733056 0.0005595195107
v -0.07541529089 -0.007427742239 0.0005595195107
v 0.07130146027 -0.02162905596 0.0005595195107
v 0.06937801093 -0.02104558423 0.0005595195107
v -0.007467240095 0.075816378 0.00109802431
v -0.007467240095 0.075816378 0.003108024364
v -0.02211480588 0.07290278375 0.00109802431
v -0.02211480588 0.07290278375 0.003108024364
v -0.03591250628 0.06718757749 0.00109802431
v -0.03591250628 0.06718757749 0.003108024364
v -0.04833010212 0.05889040604 0.00109802431
v -0.04833010212 0.05889040604 0.003108024364
v -0.05889041349 0.04833012074 0.00109802431
v -0.05889041349 0.04833012074 0.003108024364
v -0.06718759984 0.03591250628 0.00109802431
v -0.06718759984 0.03591250628 0.003108024364
v -0.07290279865 0.02211481333 0.00109802431
v -0.07290279865 0.02211481333 0.003108024364
v -0.07581634074 0.007467273623 0.00109802431
v -0.07581634074 0.007467273623 0.003108024364
v -0.07581634074 -0.007467246614 0.00109802431
v -0.07581634074 -0.007467246614 0.003108024364
v -0.07290278375 -0.0221148096 0.00109802431
v -0.07290278375 -0.0221148096 0.003108024364
v -0.06718757749 -0.03591250628 0.00109802431
v -0.06718757749 -0.03591250628 0.003108024364
v -0.05889040604 -0.04833010584 0.00109802431
v -0.05889040604 -0.04833010584 0.003108024364
v -0.04833010212 -0.05889040977 0.00109802431
v -0.04833010212 -0.05889040977 0.003108024364
v -0.03591250628 -0.06718757749 0.00109802431
v -0.03591250628 -0.06718757749 0.003108024364
v -0.02211480588 -0.07290278375 0.00109802431
v -0.02211480588 -0.07290278375 0.003108024364
v -0.007467240095 -0.07581637055 0.00109802431
v -0.007467240095 -0.07581637055 0.003108024364
v 0.007467275485 -0.07581637055 0.00109802431
v 0.007467275485 -0.07581637055 0.003108024364
v 0.02211481147 -0.07290279865 0.00109802431
v 0.02211481147 -0.07290279865 0.003108024364
v 0.03591251746 -0.06718759239 0.00109802431
v 0.03591251746 -0.06718759239 0.003108024364
v 0.04833014309 -0.05889039859 0.00109802431
v 0.04833014309 -0.05889039859 0.003108024364
v 0.0588904433 -0.04833009467 0.00109802431
v 0.0588904433 -0.04833009467 0.003108024364
v 0.06718762219 -0.03591249138 0.00109802431
v 0.06718762219 -0.03591249138 0.003108024364
v 0.07290279865 -0.02211481705 0.00109802431
v 0.07290279865 -0.02211481705 0.003108024364
v 0.075816378 -0.007467260584 0.00109802431
v 0.075816378 -0.007467260584 0.003108024364
v 0.075816378 0.007467268035 0.00109802431
v 0.075816378 0.007467268035 0.003108024364
v 0.07290279865 0.02211482078 0.00109802431
v 0.07290279865 0.02211482078 0.003108024364
v 0.06718760729 0.03591253608 0.00109802431
v 0.06718760729 0.03591253608 0.003108024364
v 0.05889043584 0.04833013564 0.00109802431
v 0.05889043584 0.04833013564 0.003108024364
v 0.04833014309 0.05889039859 0.00109802431
v 0.04833014309 0.05889039859 0.003108024364
v 0.03591251746 0.06718759239 0.00109802431
v 0.03591251746 0.06718759239 0.003108024364
v 0.02211481147 0.07290279865 0.00109802431
v 0.02211481147 0.07290279865 0.003108024364
v 0.007467275485 0.075816378 0.00109802431
v 0.007467275485 0.075816378 0.003108024364
v -0.02588857152 0.08534318954 0.01487796661
v -0.0253438279 0.0835474059 0.01559805404
v -0.04204074666 0.07865272462 0.01487796661
v -0.04115612805 0.07699772716 0.01559805218
v -0.05657733604 0.06893969327 0.01487796754
v -0.05538684502 0.06748906523 0.01559805404
v -0.06893969327 0.05657736212 0.01487796847
v -0.06748907268 0.05538686737 0.01559805498
v -0.07865272462 0.04204077646 0.01487796754
v -0.07699772716 0.04115616158 0.01559805404
v -0.08534318954 0.02588857897 0.01487796661
v -0.0835474059 0.02534383535 0.01559805311
v -0.08875393122 0.008741505444 0.01487796661
v -0.08688638359 0.008557573892 0.01559805311
v -0.08875393122 -0.008741496131 0.01487796754
v -0.08688638359 -0.008557564579 0.01559805404
v -0.08534319699 -0.02588856965 0.01487796754
v -0.08354741335 -0.02534382604 0.01559805404
v -0.07865272462 -0.04204074666 0.01487796847
v -0.07699772716 -0.04115612805 0.01559805498
v -0.06893969327 -0.05657733604 0.01487796847
v -0.06748906523 -0.05538684502 0.01559805498
v -0.05657733604 -0.06893969327 0.01487796754
v -0.05538684502 -0.06748906523 0.01559805311
v -0.04204074666 -0.07865272462 0.01487796754
v -0.04115612805 -0.07699772716 0.01559805404
v -0.02588857152 -0.08534319699 0.01487796754
v -0.0253438279 -0.08354741335 0.01559805498
v -0.008741492406 -0.08875396103 0.01487796661
v -0.008557553403 -0.0868864134 0.01559805404
v 0.008741510101 -0.08875396103 0.01487796661
v 0.008557571098 -0.0868864134 0.01559805311
v 0.02588857897 -0.08534318954 0.01487796661
v 0.02534383535 -0.0835474059 0.01559805404
v 0.04204077646 -0.07865272462 0.01487796754
v 0.04115615785 -0.07699772716 0.01559805311
v 0.05657736212 -0.06893969327 0.01487796847
v 0.05538686737 -0.06748907268 0.01559805498
v 0.06893972307 -0.05657733604 0.01487796847
v 0.06748910248 -0.0553868413 0.01559805404
v 0.07865275443 -0.04204074666 0.01487796754
v 0.07699775696 -0.04115613177 0.01559805404
v 0.08534319699 -0.02588856965 0.01487796754
v 0.08354741335 -0.02534382604 0.01559805404
v 0.08875396848 -0.008741496131 0.01487796754
v 0.08688642085 -0.00855755806 0.01559805404
v 0.08875396848 0.008741505444 0.01487796754
v 0.08688642085 0.008557567373 0.01559805404
v 0.08534319699 0.02588857897 0.01487796754
v 0.08354741335 0.02534383349 0.01559805311
v 0.07865275443 0.04204077646 0.01487796661
v 0.07699774951 0.0411561653 0.01559805311
v 0.06893972307 0.05657736212 0.01487796847
v 0.06748910248 0.05538686365 0.01559805404
v 0.05657736212 0.06893969327 0.01487796847
v 0.05538686737 0.06748907268 0.01559805498
v 0.04204077646 0.07865272462 0.01487796754
v 0.04115616158 0.07699772716 0.01559805404
v 0.02588857897 0.08534318954 0.01487796661
v 0.02534383535 0.0835474059 0.01559805404
v -0.008741492406 0.08875396848 0.01487796754
v -0.008557552472 0.08688642085 0.01559805404
v 0.008741510101 0.08875396848 0.01487796661
v 0.008557569236 0.08688642085 0.01559805404
v -0.007872225717 0.07992821932 0.001921949442
v -0.007809349801 0.07928983867 0.003826841945
v -0.008273550309 0.08400288969 0.004736322444
v -0.008121754043 0.08246169984 0.006017645821
v -0.02331418917 0.07685661316 0.001921949442
v -0.02312798239 0.07624276727 0.003826842876
v -0.02450273186 0.08077470958 0.004736321978
v -0.02405318245 0.0792927444 0.00601764489
v -0.03786019236 0.07083144784 0.001921949442
v -0.03755780309 0.0702657178 0.00382684241
v -0.03979026899 0.07444237918 0.004736322444
v -0.03906023875 0.0730765909 0.00601764489
v -0.05095124617 0.06208427995 0.001921949326
v -0.05054430664 0.06158841774 0.003826842178
v -0.05354870111 0.06524928659 0.004736321978
v -0.05256625265 0.06405216455 0.006017643958
v -0.06208428368 0.05095126852 0.001921949326
v -0.06158842146 0.05054432526 0.003826841945
v -0.06524928659 0.05354872718 0.004736321978
v -0.06405216455 0.052566275 0.006017645821
v -0.07083146274 0.03786019981 0.001921949442
v -0.07026573271 0.03755781054 0.003826841712
v -0.07444237918 0.03979029506 0.004736322444
v -0.0730765909 0.03906026855 0.006017646752
v -0.07685662061 0.02331419475 0.001921949559
v -0.07624276727 0.02312798612 0.003826841945
v -0.08077470958 0.02450274117 0.004736321978
v -0.0792927444 0.02405319177 0.006017645355
v -0.07992817461 0.007872249931 0.001921949442
v -0.07928979397 0.007809377275 0.003826841945
v -0.08400285244 0.008273567073 0.004736322444
v -0.08246166259 0.008121779189 0.006017646752
v -0.07992817461 -0.007872229442 0.001921949326
v -0.07928979397 -0.007809355855 0.003826841712
v -0.08400285244 -0.008273554966 0.004736321978
v -0.08246166259 -0.00812176615 0.006017647218
v -0.07685661316 -0.02331418917 0.001921949326
v -0.07624276727 -0.02312798239 0.003826842178
v -0.08077470958 -0.02450273186 0.004736321978
v -0.0792927444 -0.02405318432 0.006017646752
v -0.07083144784 -0.03786019236 0.001921949326
v -0.0702657178 -0.03755780309 0.003826842178
v -0.07444237918 -0.03979026899 0.004736321978
v -0.0730765909 -0.03906023875 0.006017644424
v -0.06208427995 -0.05095124617 0.001921949326
v -0.06158841774 -0.05054430664 0.003826842178
v -0.06524928659 -0.05354870111 0.004736321978
v -0.06405216455 -0.05256625265 0.006017643958
v -0.05095124617 -0.06208427995 0.001921949326
v -0.05054430291 -0.06158841774 0.003826841945
v -0.05354870111 -0.06524928659 0.004736321978
v -0.05256625265 -0.06405216455 0.006017645821
v -0.03786019236 -0.07083144784 0.00192194921
v -0.03755780309 -0.07026572526 0.00382684241
v -0.03979026899 -0.07444237918 0.004736321978
v -0.03906023875 -0.0730765909 0.00601764489
v -0.0233141873 -0.07685661316 0.001921949326
v -0.02312798053 -0.07624276727 0.00382684241
v -0.02450273186 -0.08077470958 0.004736321978
v -0.02405318245 -0.0792927444 0.006017645355
v -0.007872224785 -0.07992820442 0.001921949442
v -0.007809349336 -0.07928982377 0.003826841945
v -0.008273550309 -0.08400288224 0.004736322444
v -0.008121755905 -0.08246169239 0.006017647218
v 0.007872254588 -0.07992820442 0.001921949559
v 0.007809379604 -0.07928982377 0.003826842178
v 0.00827357173 -0.08400288969 0.004736321978
v 0.008121777326 -0.08246169984 0.006017646752
v 0.02331419475 -0.07685662061 0.001921949559
v 0.02312798612 -0.07624276727 0.003826842178
v 0.02450274117 -0.08077470958 0.004736321978
v 0.02405319177 -0.07929273695 0.006017643027
v 0.03786020726 -0.07083145529 0.001921949442
v 0.037557818 -0.07026572526 0.003826841712
v 0.03979029879 -0.07444237918 0.004736322444
v 0.03906026855 -0.0730765909 0.006017645821
v 0.0509512797 -0.0620842725 0.001921949326
v 0.05054433644 -0.06158841029 0.003826841712
v 0.05354873091 -0.06524928659 0.004736322444
v 0.05256627873 -0.06405216455 0.006017645821
v 0.06208431348 -0.05095123872 0.001921949326
v 0.06158845127 -0.05054429546 0.003826841945
v 0.06524931639 -0.05354870111 0.004736322444
v 0.06405219436 -0.05256624892 0.00601764489
v 0.07083148509 -0.03786018118 0.001921949442
v 0.07026575506 -0.03755779564 0.003826842178
v 0.07444240898 -0.03979026526 0.004736322444
v 0.0730766207 -0.03906023875 0.00601764489
v 0.07685661316 -0.02331419289 0.001921949442
v 0.07624275982 -0.02312798426 0.003826841479
v 0.08077470213 -0.02450273186 0.004736322444
v 0.07929273695 -0.02405318432 0.006017648615
v 0.07992820442 -0.007872238755 0.001921949442
v 0.07928982377 -0.00780936284 0.003826841479
v 0.08400288224 -0.008273556828 0.004736322444
v 0.08246169239 -0.008121761493 0.006017647684
v 0.07992820442 0.007872247137 0.001921949442
v 0.07928982377 0.007809371222 0.003826841479
v 0.08400288224 0.00827356521 0.004736322444
v 0.08246169239 0.008121768944 0.006017647684
v 0.07685661316 0.02331419848 0.001921949442
v 0.07624275982 0.02312798984 0.003826841246
v 0.08077470213 0.02450274117 0.004736322444
v 0.07929273695 0.02405319363 0.006017648615
v 0.07083147019 0.03786021844 0.001921949559
v 0.07026574016 0.0375578329 0.003826841712
v 0.07444240153 0.03979029879 0.004736322444
v 0.07307661325 0.039060276 0.006017648615
v 0.06208430603 0.05095127597 0.001921949442
v 0.06158844382 0.05054433271 0.003826841712
v 0.06524931639 0.05354872718 0.00473632291
v 0.06405220181 0.052566275 0.006017648615
v 0.0509512797 0.0620842725 0.001921949326
v 0.05054433644 0.06158841029 0.003826841712
v 0.05354873091 0.06524928659 0.004736322444
v 0.05256627873 0.06405217201 0.006017646752
v 0.03786020726 0.07083145529 0.001921949442
v 0.037557818 0.07026572526 0.00382684241
v 0.03979029879 0.07444237918 0.004736322444
v 0.03906026855 0.0730765909 0.006017645821
v 0.02331419475 0.07685662061 0.001921949559
v 0.02312798612 0.07624276727 0.003826841712
v 0.02450274117 0.08077470958 0.004736321978
v 0.02405319177 0.0792927444 0.006017643958
v 0.007872254588 0.07992821932 0.001921949442
v 0.007809378672 0.07928983867 0.003826841712
v 0.00827357173 0.08400288969 0.004736322444
v 0.008121776395 0.08246169984 0.006017645821
f 513 3 4
f 513 4 514
f 515 5 6
f 515 6 516
f 517 7 8
f 517 8 518
f 519 9 10
f 519 10 520
f 521 11 12
f 521 12 522
f 523 13 14
f 523 14 524
f 525 15 16
f 525 16 526
f 527 17 18
f 527 18 528
f 529 19 20
f 529 20 530
f 531 21 22
f 531 22 532
f 533 23 24
f 533 24 534
f 535 25 26
f 535 26 536
f 537 27 28
f 537 28 538
f 539 29 30
f 539 30 540
f 541 31 32
f 541 32 542
f 543 33 34
f 543 34 544
f 545 35 36
f 545 36 546
f 547 37 38
f 547 38 548
f 549 39 40
f 549 40 550
f 551 41 42
f 551 42 552
f 553 43 44
f 553 44 554
f 555 45 46
f 555 46 556
f 557 47 48
f 557 48 558
f 559 49 50
f 559 50 560
f 561 51 52
f 561 52 562
f 563 53 54
f 563 54 564
f 565 55 56
f 565 56 566
f 567 57 58
f 567 58 568
f 569 59 60
f 569 60 570
f 571 61 62
f 571 62 572
f 573 63 64
f 573 64 574
f 575 1 2
f 575 2 576
f 1 513 514
f 1 514 2
f 3 515 516
f 3 516 4
f 5 517 518
f 5 518 6
f 7 519 520
f 7 520 8
f 9 521 522
f 9 522 10
f 11 523 524
f 11 524 12
f 13 525 526
f 13 526 14
f 15 527 528
f 15 528 16
f 17 529 530
f 17 530 18
f 19 531 532
f 19 532 20
f 21 533 534
f 21 534 22
f 23 535 536
f 23 536 24
f 25 537 538
f 25 538 26
f 27 539 540
f 27 540 28
f 29 541 542
f 29 542 30
f 31 543 544
f 31 544 32
f 33 545 546
f 33 546 34
f 35 547 548
f 35 548 36
f 37 549 550
f 37 550 38
f 39 551 552
f 39 552 40
f 41 553 554
f 41 554 42
f 43 555 556
f 43 556 44
f 45 557 558
f 45 558 46
f 47 559 560
f 47 560 48
f 49 561 562
f 49 562 50
f 51 563 564
f 51 564 52
f 53 565 566
f 53 566 54
f 55 567 568
f 55 568 56
f 57 569 570
f 57 570 58
f 59 571 572
f 59 572 60
f 61 573 574
f 61 574 62
f 63 575 576
f 63 576 64
f 584 1920 581
f 584 581 69
f 583 70 582
f 583 582 1919
f 590 1918 587
f 590 587 257
f 589 258 588
f 589 588 1917
f 596 1916 578
f 596 578 76
f 595 75 577
f 595 577 1915
f 600 1914 586
f 600 586 260
f 599 259 585
f 599 585 1913
f 606 1912 592
f 606 592 82
f 605 81 591
f 605 591 1911
f 610 1910 598
f 610 598 262
f 609 261 597
f 609 597 1909
f 616 1908 602
f 616 602 88
f 615 87 601
f 615 601 1907
f 620 1906 608
f 620 608 264
f 619 263 607
f 619 607 1905
f 626 1904 612
f 626 612 94
f 625 93 611
f 625 611 1903
f 630 1902 618
f 630 618 266
f 629 265 617
f 629 617 1901
f 636 1900 622
f 636 622 100
f 635 99 621
f 635 621 1899
f 640 1898 628
f 640 628 268
f 639 267 627
f 639 627 1897
f 646 1896 632
f 646 632 106
f 645 105 631
f 645 631 1895
f 650 1894 638
f 650 638 270
f 649 269 637
f 649 637 1893
f 656 1892 642
f 656 642 112
f 655 111 641
f 655 641 1891
f 660 1890 648
f 660 648 272
f 659 271 647
f 659 647 1889
f 666 1888 652
f 666 652 118
f 665 117 651
f 665 651 1887
f 670 1886 658
f 670 658 274
f 669 273 657
f 669 657 1885
f 676 1884 662
f 676 662 124
f 675 123 661
f 675 661 1883
f 680 1882 668
f 680 668 276
f 679 275 667
f 679 667 1881
f 686 1880 672
f 686 672 130
f 685 129 671
f 685 671 1879
f 690 1878 678
f 690 678 278
f 689 277 677
f 689 677 1877
f 696 1876 682
f 696 682 136
f 695 135 681
f 695 681 1875
f 700 1874 688
f 700 688 280
f 699 279 687
f 699 687 1873
f 706 1872 692
f 706 692 142
f 705 141 691
f 705 691 1871
f 710 1870 698
f 710 698 282
f 709 281 697
f 709 697 1869
f 716 1868 702
f 716 702 148
f 715 147 701
f 715 701 1867
f 720 1866 708
f 720 708 284
f 719 283 707
f 719 707 1865
f 726 1864 712
f 726 712 154
f 725 153 711
f 725 711 1863
f 730 1862 718
f 730 718 286
f 729 285 717
f 729 717 1861
f 736 1860 722
f 736 722 160
f 735 159 721
f 735 721 1859
f 740 1858 728
f 740 728 288
f 739 287 727
f 739 727 1857
f 746 1856 732
f 746 732 166
f 745 165 731
f 745 731 1855
f 750 1854 738
f 750 738 290
f 749 289 737
f 749 737 1853
f 756 1852 742
f 756 742 172
f 755 171 741
f 755 741 1851
f 760 1850 748
f 760 748 292
f 759 291 747
f 759 747 1849
f 766 1848 752
f 766 752 178
f 765 177 751
f 765 751 1847
f 770 1846 758
f 770 758 294
f 769 293 757
f 769 757 1845
f 776 1844 762
f 776 762 184
f 775 183 761
f 775 761 1843
f 780 1842 768
f 780 768 296
f 779 295 767
f 779 767 1841
f 786 1840 772
f 786 772 190
f 785 189 771
f 785 771 1839
f 790 1838 778
f 790 778 298
f 789 297 777
f 789 777 1837
f 796 1836 782
f 796 782 196
f 795 195 781
f 795 781 1835
f 800 1834 788
f 800 788 300
f 799 299 787
f 799 787 1833
f 806 1832 792
f 806 792 202
f 805 201 791
f 805 791 1831
f 810 1830 798
f 810 798 302
f 809 301 797
f 809 797 1829
f 816 1828 802
f 816 802 208
f 815 207 801
f 815 801 1827
f 820 1826 808
f 820 808 304
f 819 303 807
f 819 807 1825
f 826 1824 812
f 826 812 214
f 825 213 811
f 825 811 1823
f 830 1822 818
f 830 818 306
f 829 305 817
f 829 817 1821
f 836 1820 822
f 836 822 220
f 835 219 821
f 835 821 1819
f 840 1818 828
f 840 828 308
f 839 307 827
f 839 827 1817
f 846 1816 832
f 846 832 226
f 845 225 831
f 845 831 1815
f 850 1814 838
f 850 838 310
f 849 309 837
f 849 837 1813
f 856 1812 842
f 856 842 232
f 855 231 841
f 855 841 1811
f 860 1810 848
f 860 848 312
f 859 311 847
f 859 847 1809
f 866 1808 852
f 866 852 238
f 865 237 851
f 865 851 1807
f 870 1806 858
f 870 858 314
f 869 313 857
f 869 857 1805
f 876 1804 862
f 876 862 244
f 875 243 861
f 875 861 1803
f 880 1802 868
f 880 868 316
f 879 315 867
f 879 867 1801
f 886 1800 872
f 886 872 250
f 885 249 871
f 885 871 1799
f 890 1798 878
f 890 878 318
f 889 317 877
f 889 877 1797
f 894 1796 882
f 894 882 256
f 893 255 881
f 893 881 1795
f 896 1794 888
f 896 888 320
f 895 319 887
f 895 887 1793
f 1092 72 1090
f 1092 1090 66
f 1092 66 1152
f 1092 1152 252
f 1092 252 1150
f 1092 1150 246
f 1092 246 1148
f 1092 1148 240
f 1092 240 1146
f 1092 1146 234
f 1092 234 1144
f 1092 1144 228
f 1092 228 1142
f 1092 1142 222
f 1092 222 1140
f 1092 1140 216
f 1092 216 1138
f 1092 1138 210
f 1092 210 1136
f 1092 1136 204
f 1092 204 1134
f 1092 1134 198
f 1092 198 1132
f 1092 1132 192
f 1092 192 1130
f 1092 1130 186
f 1092 186 1128
f 1092 1128 180
f 1092 180 1126
f 1092 1126 174
f 1092 174 1124
f 1092 1124 168
f 1092 168 1122
f 1092 1122 162
f 1092 162 1120
f 1092 1120 156
f 1092 156 1118
f 1092 1118 150
f 1092 150 1116
f 1092 1116 144
f 1092 144 1114
f 1092 1114 138
f 1092 138 1112
f 1092 1112 132
f 1092 132 1110
f 1092 1110 126
f 1092 126 1108
f 1092 1108 120
f 1092 120 1106
f 1092 1106 114
f 1092 114 1104
f 1092 1104 108
f 1092 108 1102
f 1092 1102 102
f 1092 102 1100
f 1092 1100 96
f 1092 96 1098
f 1092 1098 90
f 1092 90 1096
f 1092 1096 84
f 1092 84 1094
f 1092 1094 78
f 1091 77 1093
f 1091 1093 83
f 1091 83 1095
f 1091 1095 89
f 1091 89 1097
f 1091 1097 95
f 1091 95 1099
f 1091 1099 101
f 1091 101 1101
f 1091 1101 107
f 1091 107 1103
f 1091 1103 113
f 1091 113 1105
f 1091 1105 119
f 1091 119 1107
f 1091 1107 125
f 1091 125 1109
f 1091 1109 131
f 1091 131 1111
f 1091 1111 137
f 1091 137 1113
f 1091 1113 143
f 1091 143 1115
f 1091 1115 149
f 1091 149 1117
f 1091 1117 155
f 1091 155 1119
f 1091 1119 161
f 1091 161 1121
f 1091 1121 167
f 1091 167 1123
f 1091 1123 173
f 1091 173 1125
f 1091 1125 179
f 1091 179 1127
f 1091 1127 185
f 1091 185 1129
f 1091 1129 191
f 1091 191 1131
f 1091 1131 197
f 1091 197 1133
f 1091 1133 203
f 1091 203 1135
f 1091 1135 209
f 1091 209 1137
f 1091 1137 215
f 1091 215 1139
f 1091 1139 221
f 1091 221 1141
f 1091 1141 227
f 1091 227 1143
f 1091 1143 233
f 1091 233 1145
f 1091 1145 239
f 1091 239 1147
f 1091 1147 245
f 1091 245 1149
f 1091 1149 251
f 1091 251 1151
f 1091 1151 65
f 1091 65 1089
f 1091 1089 71
f 900 1792 580
f 900 580 74
f 899 73 579
f 899 579 1791
f 898 1790 892
f 898 892 68
f 897 67 891
f 897 891 1789
f 904 1788 594
f 904 594 80
f 903 79 593
f 903 593 1787
f 906 1786 604
f 906 604 86
f 905 85 603
f 905 603 1785
f 908 1784 614
f 908 614 92
f 907 91 613
f 907 613 1783
f 910 1782 624
f 910 624 98
f 909 97 623
f 909 623 1781
f 912 1780 634
f 912 634 104
f 911 103 633
f 911 633 1779
f 914 1778 644
f 914 644 110
f 913 109 643
f 913 643 1777
f 916 1776 654
f 916 654 116
f 915 115 653
f 915 653 1775
f 918 1774 664
f 918 664 122
f 917 121 663
f 917 663 1773
f 920 1772 674
f 920 674 128
f 919 127 673
f 919 673 1771
f 922 1770 684
f 922 684 134
f 921 133 683
f 921 683 1769
f 924 1768 694
f 924 694 140
f 923 139 693
f 923 693 1767
f 926 1766 704
f 926 704 146
f 925 145 703
f 925 703 1765
f 928 1764 714
f 928 714 152
f 927 151 713
f 927 713 1763
f 930 1762 724
f 930 724 158
f 929 157 723
f 929 723 1761
f 932 1760 734
f 932 734 164
f 931 163 733
f 931 733 1759
f 934 1758 744
f 934 744 170
f 933 169 743
f 933 743 1757
f 936 1756 754
f 936 754 176
f 935 175 753
f 935 753 1755
f 938 1754 764
f 938 764 182
f 937 181 763
f 937 763 1753
f 940 1752 774
f 940 774 188
f 939 187 773
f 939 773 1751
f 942 1750 784
f 942 784 194
f 941 193 783
f 941 783 1749
f 944 1748 794
f 944 794 200
f 943 199 793
f 943 793 1747
f 946 1746 804
f 946 804 206
f 945 205 803
f 945 803 1745
f 948 1744 814
f 948 814 212
f 947 211 813
f 947 813 1743
f 950 1742 824
f 950 824 218
f 949 217 823
f 949 823 1741
f 952 1740 834
f 952 834 224
f 951 223 833
f 951 833 1739
f 954 1738 844
f 954 844 230
f 953 229 843
f 953 843 1737
f 956 1736 854
f 956 854 236
f 955 235 853
f 955 853 1735
f 958 1734 864
f 958 864 242
f 957 241 863
f 957 863 1733
f 960 1732 874
f 960 874 248
f 959 247 873
f 959 873 1731
f 902 1730 884
f 902 884 254
f 901 253 883
f 901 883 1729
f 590 1728 1027
f 590 1027 260
f 589 259 1028
f 589 1028 1727
f 600 1726 1029
f 600 1029 262
f 599 261 1030
f 599 1030 1725
f 610 1724 1031
f 610 1031 264
f 609 263 1032
f 609 1032 1723
f 620 1722 1033
f 620 1033 266
f 619 265 1034
f 619 1034 1721
f 630 1720 1035
f 630 1035 268
f 629 267 1036
f 629 1036 1719
f 640 1718 1037
f 640 1037 270
f 639 269 1038
f 639 1038 1717
f 650 1716 1039
f 650 1039 272
f 649 271 1040
f 649 1040 1715
f 660 1714 1041
f 660 1041 274
f 659 273 1042
f 659 1042 1713
f 670 1712 1043
f 670 1043 276
f 669 275 1044
f 669 1044 1711
f 680 1710 1045
f 680 1045 278
f 679 277 1046
f 679 1046 1709
f 690 1708 1047
f 690 1047 280
f 689 279 1048
f 689 1048 1707
f 700 1706 1049
f 700 1049 282
f 699 281 1050
f 699 1050 1705
f 710 1704 1051
f 710 1051 284
f 709 283 1052
f 709 1052 1703
f 720 1702 1053
f 720 1053 286
f 719 285 1054
f 719 1054 1701
f 730 1700 1055
f 730 1055 288
f 729 287 1056
f 729 1056 1699
f 740 1698 1057
f 740 1057 290
f 739 289 1058
f 739 1058 1697
f 750 1696 1059
f 750 1059 292
f 749 291 1060
f 749 1060 1695
f 760 1694 1061
f 760 1061 294
f 759 293 1062
f 759 1062 1693
f 770 1692 1063
f 770 1063 296
f 769 295 1064
f 769 1064 1691
f 780 1690 1065
f 780 1065 298
f 779 297 1066
f 779 1066 1689
f 790 1688 1067
f 790 1067 300
f 789 299 1068
f 789 1068 1687
f 800 1686 1069
f 800 1069 302
f 799 301 1070
f 799 1070 1685
f 810 1684 1071
f 810 1071 304
f 809 303 1072
f 809 1072 1683
f 820 1682 1073
f 820 1073 306
f 819 305 1074
f 819 1074 1681
f 830 1680 1075
f 830 1075 308
f 829 307 1076
f 829 1076 1679
f 840 1678 1077
f 840 1077 310
f 839 309 1078
f 839 1078 1677
f 850 1676 1079
f 850 1079 312
f 849 311 1080
f 849 1080 1675
f 860 1674 1081
f 860 1081 314
f 859 313 1082
f 859 1082 1673
f 870 1672 1083
f 870 1083 316
f 869 315 1084
f 869 1084 1671
f 880 1670 1085
f 880 1085 318
f 879 317 1086
f 879 1086 1669
f 890 1668 1087
f 890 1087 320
f 889 319 1088
f 889 1088 1667
f 896 1666 1026
f 896 1026 257
f 895 258 1025
f 895 1025 1665
f 1236 1664 1153
f 1236 1153 404
f 1235 403 1154
f 1235 1154 1663
f 1328 1662 1409
f 1328 1409 498
f 1327 497 1410
f 1327 1410 1661
f 1234 1660 1157
f 1234 1157 402
f 1233 401 1158
f 1233 1158 1659
f 1326 1658 1155
f 1326 1155 495
f 1325 496 1156
f 1325 1156 1657
f 1232 1656 1161
f 1232 1161 400
f 1231 399 1162
f 1231 1162 1655
f 1324 1654 1159
f 1324 1159 493
f 1323 494 1160
f 1323 1160 1653
f 1230 1652 1165
f 1230 1165 398
f 1229 397 1166
f 1229 1166 1651
f 1322 1650 1163
f 1322 1163 491
f 1321 492 1164
f 1321 1164 1649
f 1228 1648 1169
f 1228 1169 396
f 1227 395 1170
f 1227 1170 1647
f 1280 1646 1171
f 1280 1171 448
f 1279 447 1172
f 1279 1172 1645
f 1320 1644 1167
f 1320 1167 489
f 1319 490 1168
f 1319 1168 1643
f 1226 1642 1175
f 1226 1175 394
f 1225 393 1176
f 1225 1176 1641
f 1278 1640 1177
f 1278 1177 446
f 1277 445 1178
f 1277 1178 1639
f 1318 1638 1173
f 1318 1173 487
f 1317 488 1174
f 1317 1174 1637
f 1224 1636 1181
f 1224 1181 392
f 1223 391 1182
f 1223 1182 1635
f 1276 1634 1183
f 1276 1183 444
f 1275 443 1184
f 1275 1184 1633
f 1316 1632 1179
f 1316 1179 485
f 1315 486 1180
f 1315 1180 1631
f 1222 1630 1187
f 1222 1187 390
f 1221 389 1188
f 1221 1188 1629
f 1274 1628 1189
f 1274 1189 442
f 1273 441 1190
f 1273 1190 1627
f 1314 1626 1185
f 1314 1185 483
f 1313 484 1186
f 1313 1186 1625
f 1220 1624 1193
f 1220 1193 388
f 1219 387 1194
f 1219 1194 1623
f 1272 1622 1197
f 1272 1197 440
f 1271 439 1198
f 1271 1198 1621
f 1312 1620 1191
f 1312 1191 481
f 1311 482 1192
f 1311 1192 1619
f 1218 1618 1195
f 1218 1195 385
f 1217 386 1196
f 1217 1196 1617
f 1270 1616 1201
f 1270 1201 438
f 1269 437 1202
f 1269 1202 1615
f 1310 1614 1199
f 1310 1199 479
f 1309 480 1200
f 1309 1200 1613
f 1268 1612 1205
f 1268 1205 436
f 1267 435 1206
f 1267 1206 1611
f 1308 1610 1203
f 1308 1203 477
f 1307 478 1204
f 1307 1204 1609
f 1266 1608 1209
f 1266 1209 434
f 1265 433 1210
f 1265 1210 1607
f 1306 1606 1207
f 1306 1207 475
f 1305 476 1208
f 1305 1208 1605
f 1264 1604 1211
f 1264 1211 431
f 1263 432 1212
f 1263 1212 1603
f 1304 1602 1215
f 1304 1215 473
f 1303 474 1216
f 1303 1216 1601
f 1218 1600 1347
f 1218 1347 388
f 1217 387 1348
f 1217 1348 1599
f 1220 1598 1349
f 1220 1349 390
f 1219 389 1350
f 1219 1350 1597
f 1222 1596 1351
f 1222 1351 392
f 1221 391 1352
f 1221 1352 1595
f 1224 1594 1353
f 1224 1353 394
f 1223 393 1354
f 1223 1354 1593
f 1226 1592 1355
f 1226 1355 396
f 1225 395 1356
f 1225 1356 1591
f 1228 1590 1357
f 1228 1357 398
f 1227 397 1358
f 1227 1358 1589
f 1230 1588 1359
f 1230 1359 400
f 1229 399 1360
f 1229 1360 1587
f 1232 1586 1361
f 1232 1361 402
f 1231 401 1362
f 1231 1362 1585
f 1234 1584 1363
f 1234 1363 404
f 1233 403 1364
f 1233 1364 1583
f 1236 1582 1365
f 1236 1365 406
f 1235 405 1366
f 1235 1366 1581
f 1238 1580 1367
f 1238 1367 408
f 1237 407 1368
f 1237 1368 1579
f 1240 1578 1369
f 1240 1369 410
f 1239 409 1370
f 1239 1370 1577
f 1242 1576 1371
f 1242 1371 412
f 1241 411 1372
f 1241 1372 1575
f 1244 1574 1373
f 1244 1373 414
f 1243 413 1374
f 1243 1374 1573
f 1246 1572 1375
f 1246 1375 416
f 1245 415 1376
f 1245 1376 1571
f 1248 1570 1377
f 1248 1377 418
f 1247 417 1378
f 1247 1378 1569
f 1250 1568 1379
f 1250 1379 420
f 1249 419 1380
f 1249 1380 1567
f 1252 1566 1381
f 1252 1381 422
f 1251 421 1382
f 1251 1382 1565
f 1254 1564 1383
f 1254 1383 424
f 1253 423 1384
f 1253 1384 1563
f 1256 1562 1385
f 1256 1385 426
f 1255 425 1386
f 1255 1386 1561
f 1258 1560 1387
f 1258 1387 428
f 1257 427 1388
f 1257 1388 1559
f 1260 1558 1389
f 1260 1389 430
f 1259 429 1390
f 1259 1390 1557
f 1262 1556 1391
f 1262 1391 431
f 1261 432 1392
f 1261 1392 1555
f 1264 1554 1393
f 1264 1393 434
f 1263 433 1394
f 1263 1394 1553
f 1266 1552 1395
f 1266 1395 436
f 1265 435 1396
f 1265 1396 1551
f 1268 1550 1397
f 1268 1397 438
f 1267 437 1398
f 1267 1398 1549
f 1270 1548 1399
f 1270 1399 440
f 1269 439 1400
f 1269 1400 1547
f 1272 1546 1401
f 1272 1401 442
f 1271 441 1402
f 1271 1402 1545
f 1274 1544 1403
f 1274 1403 444
f 1273 443 1404
f 1273 1404 1543
f 1276 1542 1405
f 1276 1405 446
f 1275 445 1406
f 1275 1406 1541
f 1278 1540 1407
f 1278 1407 448
f 1277 447 1408
f 1277 1408 1539
f 1280 1538 1346
f 1280 1346 385
f 1279 386 1345
f 1279 1345 1537
f 1330 1536 1413
f 1330 1413 500
f 1329 499 1414
f 1329 1414 1535
f 1238 1534 1412
f 1238 1412 406
f 1237 405 1411
f 1237 1411 1533
f 1332 1532 1417
f 1332 1417 502
f 1331 501 1418
f 1331 1418 1531
f 1240 1530 1416
f 1240 1416 408
f 1239 407 1415
f 1239 1415 1529
f 1334 1528 1421
f 1334 1421 504
f 1333 503 1422
f 1333 1422 1527
f 1282 1526 1423
f 1282 1423 452
f 1281 451 1424
f 1281 1424 1525
f 1242 1524 1420
f 1242 1420 410
f 1241 409 1419
f 1241 1419 1523
f 1336 1522 1429
f 1336 1429 506
f 1335 505 1430
f 1335 1430 1521
f 1284 1520 1431
f 1284 1431 454
f 1283 453 1432
f 1283 1432 1519
f 1244 1518 1428
f 1244 1428 412
f 1243 411 1427
f 1243 1427 1517
f 1338 1516 1435
f 1338 1435 508
f 1337 507 1436
f 1337 1436 1515
f 1286 1514 1437
f 1286 1437 456
f 1285 455 1438
f 1285 1438 1513
f 1246 1512 1434
f 1246 1434 414
f 1245 413 1433
f 1245 1433 1511
f 1340 1510 1441
f 1340 1441 510
f 1339 509 1442
f 1339 1442 1509
f 1288 1508 1443
f 1288 1443 458
f 1287 457 1444
f 1287 1444 1507
f 1248 1506 1440
f 1248 1440 416
f 1247 415 1439
f 1247 1439 1505
f 1342 1504 1447
f 1342 1447 512
f 1341 511 1448
f 1341 1448 1503
f 1290 1502 1449
f 1290 1449 460
f 1289 459 1450
f 1289 1450 1501
f 1250 1500 1446
f 1250 1446 418
f 1249 417 1445
f 1249 1445 1499
f 1344 1498 1426
f 1344 1426 450
f 1343 449 1425
f 1343 1425 1497
f 1292 1496 1453
f 1292 1453 462
f 1291 461 1454
f 1291 1454 1495
f 1252 1494 1452
f 1252 1452 420
f 1251 419 1451
f 1251 1451 1493
f 1294 1492 1457
f 1294 1457 464
f 1293 463 1458
f 1293 1458 1491
f 1254 1490 1456
f 1254 1456 422
f 1253 421 1455
f 1253 1455 1489
f 1296 1488 1461
f 1296 1461 466
f 1295 465 1462
f 1295 1462 1487
f 1256 1486 1460
f 1256 1460 424
f 1255 423 1459
f 1255 1459 1485
f 1298 1484 1465
f 1298 1465 468
f 1297 467 1466
f 1297 1466 1483
f 1258 1482 1464
f 1258 1464 426
f 1257 425 1463
f 1257 1463 1481
f 1300 1480 1469
f 1300 1469 470
f 1299 469 1470
f 1299 1470 1479
f 1260 1478 1468
f 1260 1468 428
f 1259 427 1467
f 1259 1467 1477
f 1302 1476 1214
f 1302 1214 472
f 1301 471 1213
f 1301 1213 1475
f 1262 1474 1472
f 1262 1472 430
f 1261 429 1471
f 1261 1471 1473
f 431 1211 1474
f 431 1474 1262
f 432 1261 1473
f 432 1473 1212
f 1211 368 1006
f 1211 1006 1474
f 1212 1473 1005
f 1212 1005 367
f 1474 1006 366
f 1474 366 1472
f 1473 1471 365
f 1473 365 1005
f 470 1469 1476
f 470 1476 1302
f 469 1301 1475
f 469 1475 1470
f 1469 126 1110
f 1469 1110 1476
f 1470 1475 1109
f 1470 1109 125
f 1476 1110 132
f 1476 132 1214
f 1475 1213 131
f 1475 131 1109
f 430 1472 1478
f 430 1478 1260
f 429 1259 1477
f 429 1477 1471
f 1472 366 1004
f 1472 1004 1478
f 1471 1477 1003
f 1471 1003 365
f 1478 1004 364
f 1478 364 1468
f 1477 1467 363
f 1477 363 1003
f 468 1465 1480
f 468 1480 1300
f 467 1299 1479
f 467 1479 1466
f 1465 120 1108
f 1465 1108 1480
f 1466 1479 1107
f 1466 1107 119
f 1480 1108 126
f 1480 126 1469
f 1479 1470 125
f 1479 125 1107
f 428 1468 1482
f 428 1482 1258
f 427 1257 1481
f 427 1481 1467
f 1468 364 1002
f 1468 1002 1482
f 1467 1481 1001
f 1467 1001 363
f 1482 1002 362
f 1482 362 1464
f 1481 1463 361
f 1481 361 1001
f 466 1461 1484
f 466 1484 1298
f 465 1297 1483
f 465 1483 1462
f 1461 114 1106
f 1461 1106 1484
f 1462 1483 1105
f 1462 1105 113
f 1484 1106 120
f 1484 120 1465
f 1483 1466 119
f 1483 119 1105
f 426 1464 1486
f 426 1486 1256
f 425 1255 1485
f 425 1485 1463
f 1464 362 1000
f 1464 1000 1486
f 1463 1485 999
f 1463 999 361
f 1486 1000 360
f 1486 360 1460
f 1485 1459 359
f 1485 359 999
f 464 1457 1488
f 464 1488 1296
f 463 1295 1487
f 463 1487 1458
f 1457 108 1104
f 1457 1104 1488
f 1458 1487 1103
f 1458 1103 107
f 1488 1104 114
f 1488 114 1461
f 1487 1462 113
f 1487 113 1103
f 424 1460 1490
f 424 1490 1254
f 423 1253 1489
f 423 1489 1459
f 1460 360 998
f 1460 998 1490
f 1459 1489 997
f 1459 997 359
f 1490 998 358
f 1490 358 1456
f 1489 1455 357
f 1489 357 997
f 462 1453 1492
f 462 1492 1294
f 461 1293 1491
f 461 1491 1454
f 1453 102 1102
f 1453 1102 1492
f 1454 1491 1101
f 1454 1101 101
f 1492 1102 108
f 1492 108 1457
f 1491 1458 107
f 1491 107 1101
f 422 1456 1494
f 422 1494 1252
f 421 1251 1493
f 421 1493 1455
f 1456 358 996
f 1456 996 1494
f 1455 1493 995
f 1455 995 357
f 1494 996 356
f 1494 356 1452
f 1493 1451 355
f 1493 355 995
f 460 1449 1496
f 460 1496 1292
f 459 1291 1495
f 459 1495 1450
f 1449 96 1100
f 1449 1100 1496
f 1450 1495 1099
f 1450 1099 95
f 1496 1100 102
f 1496 102 1453
f 1495 1454 101
f 1495 101 1099
f 512 1447 1498
f 512 1498 1344
f 511 1343 1497
f 511 1497 1448
f 1447 252 1152
f 1447 1152 1498
f 1448 1497 1151
f 1448 1151 251
f 1498 1152 66
f 1498 66 1426
f 1497 1425 65
f 1497 65 1151
f 420 1452 1500
f 420 1500 1250
f 419 1249 1499
f 419 1499 1451
f 1452 356 994
f 1452 994 1500
f 1451 1499 993
f 1451 993 355
f 1500 994 354
f 1500 354 1446
f 1499 1445 353
f 1499 353 993
f 458 1443 1502
f 458 1502 1290
f 457 1289 1501
f 457 1501 1444
f 1443 90 1098
f 1443 1098 1502
f 1444 1501 1097
f 1444 1097 89
f 1502 1098 96
f 1502 96 1449
f 1501 1450 95
f 1501 95 1097
f 510 1441 1504
f 510 1504 1342
f 509 1341 1503
f 509 1503 1442
f 1441 246 1150
f 1441 1150 1504
f 1442 1503 1149
f 1442 1149 245
f 1504 1150 252
f 1504 252 1447
f 1503 1448 251
f 1503 251 1149
f 418 1446 1506
f 418 1506 1248
f 417 1247 1505
f 417 1505 1445
f 1446 354 992
f 1446 992 1506
f 1445 1505 991
f 1445 991 353
f 1506 992 352
f 1506 352 1440
f 1505 1439 351
f 1505 351 991
f 456 1437 1508
f 456 1508 1288
f 455 1287 1507
f 455 1507 1438
f 1437 84 1096
f 1437 1096 1508
f 1438 1507 1095
f 1438 1095 83
f 1508 1096 90
f 1508 90 1443
f 1507 1444 89
f 1507 89 1095
f 508 1435 1510
f 508 1510 1340
f 507 1339 1509
f 507 1509 1436
f 1435 240 1148
f 1435 1148 1510
f 1436 1509 1147
f 1436 1147 239
f 1510 1148 246
f 1510 246 1441
f 1509 1442 245
f 1509 245 1147
f 416 1440 1512
f 416 1512 1246
f 415 1245 1511
f 415 1511 1439
f 1440 352 990
f 1440 990 1512
f 1439 1511 989
f 1439 989 351
f 1512 990 350
f 1512 350 1434
f 1511 1433 349
f 1511 349 989
f 454 1431 1514
f 454 1514 1286
f 453 1285 1513
f 453 1513 1432
f 1431 78 1094
f 1431 1094 1514
f 1432 1513 1093
f 1432 1093 77
f 1514 1094 84
f 1514 84 1437
f 1513 1438 83
f 1513 83 1093
f 506 1429 1516
f 506 1516 1338
f 505 1337 1515
f 505 1515 1430
f 1429 234 1146
f 1429 1146 1516
f 1430 1515 1145
f 1430 1145 233
f 1516 1146 240
f 1516 240 1435
f 1515 1436 239
f 1515 239 1145
f 414 1434 1518
f 414 1518 1244
f 413 1243 1517
f 413 1517 1433
f 1434 350 988
f 1434 988 1518
f 1433 1517 987
f 1433 987 349
f 1518 988 348
f 1518 348 1428
f 1517 1427 347
f 1517 347 987
f 452 1423 1520
f 452 1520 1284
f 451 1283 1519
f 451 1519 1424
f 1423 72 1092
f 1423 1092 1520
f 1424 1519 1091
f 1424 1091 71
f 1520 1092 78
f 1520 78 1431
f 1519 1432 77
f 1519 77 1091
f 504 1421 1522
f 504 1522 1336
f 503 1335 1521
f 503 1521 1422
f 1421 228 1144
f 1421 1144 1522
f 1422 1521 1143
f 1422 1143 227
f 1522 1144 234
f 1522 234 1429
f 1521 1430 233
f 1521 233 1143
f 412 1428 1524
f 412 1524 1242
f 411 1241 1523
f 411 1523 1427
f 1428 348 986
f 1428 986 1524
f 1427 1523 985
f 1427 985 347
f 1524 986 346
f 1524 346 1420
f 1523 1419 345
f 1523 345 985
f 450 1426 1526
f 450 1526 1282
f 449 1281 1525
f 449 1525 1425
f 1426 66 1090
f 1426 1090 1526
f 1425 1525 1089
f 1425 1089 65
f 1526 1090 72
f 1526 72 1423
f 1525 1424 71
f 1525 71 1089
f 502 1417 1528
f 502 1528 1334
f 501 1333 1527
f 501 1527 1418
f 1417 222 1142
f 1417 1142 1528
f 1418 1527 1141
f 1418 1141 221
f 1528 1142 228
f 1528 228 1421
f 1527 1422 227
f 1527 227 1141
f 410 1420 1530
f 410 1530 1240
f 409 1239 1529
f 409 1529 1419
f 1420 346 984
f 1420 984 1530
f 1419 1529 983
f 1419 983 345
f 1530 984 344
f 1530 344 1416
f 1529 1415 343
f 1529 343 983
f 500 1413 1532
f 500 1532 1332
f 499 1331 1531
f 499 1531 1414
f 1413 216 1140
f 1413 1140 1532
f 1414 1531 1139
f 1414 1139 215
f 1532 1140 222
f 1532 222 1417
f 1531 1418 221
f 1531 221 1139
f 408 1416 1534
f 408 1534 1238
f 407 1237 1533
f 407 1533 1415
f 1416 344 982
f 1416 982 1534
f 1415 1533 981
f 1415 981 343
f 1534 982 342
f 1534 342 1412
f 1533 1411 341
f 1533 341 981
f 498 1409 1536
f 498 1536 1330
f 497 1329 1535
f 497 1535 1410
f 1409 210 1138
f 1409 1138 1536
f 1410 1535 1137
f 1410 1137 209
f 1536 1138 216
f 1536 216 1413
f 1535 1414 215
f 1535 215 1137
f 448 1407 1538
f 448 1538 1280
f 447 1279 1537
f 447 1537 1408
f 1407 512 1344
f 1407 1344 1538
f 1408 1537 1343
f 1408 1343 511
f 1538 1344 450
f 1538 450 1346
f 1537 1345 449
f 1537 449 1343
f 446 1405 1540
f 446 1540 1278
f 445 1277 1539
f 445 1539 1406
f 1405 510 1342
f 1405 1342 1540
f 1406 1539 1341
f 1406 1341 509
f 1540 1342 512
f 1540 512 1407
f 1539 1408 511
f 1539 511 1341
f 444 1403 1542
f 444 1542 1276
f 443 1275 1541
f 443 1541 1404
f 1403 508 1340
f 1403 1340 1542
f 1404 1541 1339
f 1404 1339 507
f 1542 1340 510
f 1542 510 1405
f 1541 1406 509
f 1541 509 1339
f 442 1401 1544
f 442 1544 1274
f 441 1273 1543
f 441 1543 1402
f 1401 506 1338
f 1401 1338 1544
f 1402 1543 1337
f 1402 1337 505
f 1544 1338 508
f 1544 508 1403
f 1543 1404 507
f 1543 507 1337
f 440 1399 1546
f 440 1546 1272
f 439 1271 1545
f 439 1545 1400
f 1399 504 1336
f 1399 1336 1546
f 1400 1545 1335
f 1400 1335 503
f 1546 1336 506
f 1546 506 1401
f 1545 1402 505
f 1545 505 1335
f 438 1397 1548
f 438 1548 1270
f 437 1269 1547
f 437 1547 1398
f 1397 502 1334
f 1397 1334 1548
f 1398 1547 1333
f 1398 1333 501
f 1548 1334 504
f 1548 504 1399
f 1547 1400 503
f 1547 503 1333
f 436 1395 1550
f 436 1550 1268
f 435 1267 1549
f 435 1549 1396
f 1395 500 1332
f 1395 1332 1550
f 1396 1549 1331
f 1396 1331 499
f 1550 1332 502
f 1550 502 1397
f 1549 1398 501
f 1549 501 1331
f 434 1393 1552
f 434 1552 1266
f 433 1265 1551
f 433 1551 1394
f 1393 498 1330
f 1393 1330 1552
f 1394 1551 1329
f 1394 1329 497
f 1552 1330 500
f 1552 500 1395
f 1551 1396 499
f 1551 499 1329
f 431 1391 1554
f 431 1554 1264
f 432 1263 1553
f 432 1553 1392
f 1391 495 1328
f 1391 1328 1554
f 1392 1553 1327
f 1392 1327 496
f 1554 1328 498
f 1554 498 1393
f 1553 1394 497
f 1553 497 1327
f 430 1389 1556
f 430 1556 1262
f 429 1261 1555
f 429 1555 1390
f 1389 493 1326
f 1389 1326 1556
f 1390 1555 1325
f 1390 1325 494
f 1556 1326 495
f 1556 495 1391
f 1555 1392 496
f 1555 496 1325
f 428 1387 1558
f 428 1558 1260
f 427 1259 1557
f 427 1557 1388
f 1387 491 1324
f 1387 1324 1558
f 1388 1557 1323
f 1388 1323 492
f 1558 1324 493
f 1558 493 1389
f 1557 1390 494
f 1557 494 1323
f 426 1385 1560
f 426 1560 1258
f 425 1257 1559
f 425 1559 1386
f 1385 489 1322
f 1385 1322 1560
f 1386 1559 1321
f 1386 1321 490
f 1560 1322 491
f 1560 491 1387
f 1559 1388 492
f 1559 492 1321
f 424 1383 1562
f 424 1562 1256
f 423 1255 1561
f 423 1561 1384
f 1383 487 1320
f 1383 1320 1562
f 1384 1561 1319
f 1384 1319 488
f 1562 1320 489
f 1562 489 1385
f 1561 1386 490
f 1561 490 1319
f 422 1381 1564
f 422 1564 1254
f 421 1253 1563
f 421 1563 1382
f 1381 485 1318
f 1381 1318 1564
f 1382 1563 1317
f 1382 1317 486
f 1564 1318 487
f 1564 487 1383
f 1563 1384 488
f 1563 488 1317
f 420 1379 1566
f 420 1566 1252
f 419 1251 1565
f 419 1565 1380
f 1379 483 1316
f 1379 1316 1566
f 1380 1565 1315
f 1380 1315 484
f 1566 1316 485
f 1566 485 1381
f 1565 1382 486
f 1565 486 1315
f 418 1377 1568
f 418 1568 1250
f 417 1249 1567
f 417 1567 1378
f 1377 481 1314
f 1377 1314 1568
f 1378 1567 1313
f 1378 1313 482
f 1568 1314 483
f 1568 483 1379
f 1567 1380 484
f 1567 484 1313
f 416 1375 1570
f 416 1570 1248
f 415 1247 1569
f 415 1569 1376
f 1375 479 1312
f 1375 1312 1570
f 1376 1569 1311
f 1376 1311 480
f 1570 1312 481
f 1570 481 1377
f 1569 1378 482
f 1569 482 1311
f 414 1373 1572
f 414 1572 1246
f 413 1245 1571
f 413 1571 1374
f 1373 477 1310
f 1373 1310 1572
f 1374 1571 1309
f 1374 1309 478
f 1572 1310 479
f 1572 479 1375
f 1571 1376 480
f 1571 480 1309
f 412 1371 1574
f 412 1574 1244
f 411 1243 1573
f 411 1573 1372
f 1371 475 1308
f 1371 1308 1574
f 1372 1573 1307
f 1372 1307 476
f 1574 1308 477
f 1574 477 1373
f 1573 1374 478
f 1573 478 1307
f 410 1369 1576
f 410 1576 1242
f 409 1241 1575
f 409 1575 1370
f 1369 473 1306
f 1369 1306 1576
f 1370 1575 1305
f 1370 1305 474
f 1576 1306 475
f 1576 475 1371
f 1575 1372 476
f 1575 476 1305
f 408 1367 1578
f 408 1578 1240
f 407 1239 1577
f 407 1577 1368
f 1367 472 1304
f 1367 1304 1578
f 1368 1577 1303
f 1368 1303 471
f 1578 1304 473
f 1578 473 1369
f 1577 1370 474
f 1577 474 1303
f 406 1365 1580
f 406 1580 1238
f 405 1237 1579
f 405 1579 1366
f 1365 470 1302
f 1365 1302 1580
f 1366 1579 1301
f 1366 1301 469
f 1580 1302 472
f 1580 472 1367
f 1579 1368 471
f 1579 471 1301
f 404 1363 1582
f 404 1582 1236
f 403 1235 1581
f 403 1581 1364
f 1363 468 1300
f 1363 1300 1582
f 1364 1581 1299
f 1364 1299 467
f 1582 1300 470
f 1582 470 1365
f 1581 1366 469
f 1581 469 1299
f 402 1361 1584
f 402 1584 1234
f 401 1233 1583
f 401 1583 1362
f 1361 466 1298
f 1361 1298 1584
f 1362 1583 1297
f 1362 1297 465
f 1584 1298 468
f 1584 468 1363
f 1583 1364 467
f 1583 467 1297
f 400 1359 1586
f 400 1586 1232
f 399 1231 1585
f 399 1585 1360
f 1359 464 1296
f 1359 1296 1586
f 1360 1585 1295
f 1360 1295 463
f 1586 1296 466
f 1586 466 1361
f 1585 1362 465
f 1585 465 1295
f 398 1357 1588
f 398 1588 1230
f 397 1229 1587
f 397 1587 1358
f 1357 462 1294
f 1357 1294 1588
f 1358 1587 1293
f 1358 1293 461
f 1588 1294 464
f 1588 464 1359
f 1587 1360 463
f 1587 463 1293
f 396 1355 1590
f 396 1590 1228
f 395 1227 1589
f 395 1589 1356
f 1355 460 1292
f 1355 1292 1590
f 1356 1589 1291
f 1356 1291 459
f 1590 1292 462
f 1590 462 1357
f 1589 1358 461
f 1589 461 1291
f 394 1353 1592
f 394 1592 1226
f 393 1225 1591
f 393 1591 1354
f 1353 458 1290
f 1353 1290 1592
f 1354 1591 1289
f 1354 1289 457
f 1592 1290 460
f 1592 460 1355
f 1591 1356 459
f 1591 459 1289
f 392 1351 1594
f 392 1594 1224
f 391 1223 1593
f 391 1593 1352
f 1351 456 1288
f 1351 1288 1594
f 1352 1593 1287
f 1352 1287 455
f 1594 1288 458
f 1594 458 1353
f 1593 1354 457
f 1593 457 1287
f 390 1349 1596
f 390 1596 1222
f 389 1221 1595
f 389 1595 1350
f 1349 454 1286
f 1349 1286 1596
f 1350 1595 1285
f 1350 1285 453
f 1596 1286 456
f 1596 456 1351
f 1595 1352 455
f 1595 455 1285
f 388 1347 1598
f 388 1598 1220
f 387 1219 1597
f 387 1597 1348
f 1347 452 1284
f 1347 1284 1598
f 1348 1597 1283
f 1348 1283 451
f 1598 1284 454
f 1598 454 1349
f 1597 1350 453
f 1597 453 1283
f 385 1346 1600
f 385 1600 1218
f 386 1217 1599
f 386 1599 1345
f 1346 450 1282
f 1346 1282 1600
f 1345 1599 1281
f 1345 1281 449
f 1600 1282 452
f 1600 452 1347
f 1599 1348 451
f 1599 451 1281
f 472 1214 1602
f 472 1602 1304
f 471 1303 1601
f 471 1601 1213
f 1214 132 1112
f 1214 1112 1602
f 1213 1601 1111
f 1213 1111 131
f 1602 1112 138
f 1602 138 1215
f 1601 1216 137
f 1601 137 1111
f 434 1209 1604
f 434 1604 1264
f 433 1263 1603
f 433 1603 1210
f 1209 370 1008
f 1209 1008 1604
f 1210 1603 1007
f 1210 1007 369
f 1604 1008 368
f 1604 368 1211
f 1603 1212 367
f 1603 367 1007
f 473 1215 1606
f 473 1606 1306
f 474 1305 1605
f 474 1605 1216
f 1215 138 1114
f 1215 1114 1606
f 1216 1605 1113
f 1216 1113 137
f 1606 1114 144
f 1606 144 1207
f 1605 1208 143
f 1605 143 1113
f 436 1205 1608
f 436 1608 1266
f 435 1265 1607
f 435 1607 1206
f 1205 372 1010
f 1205 1010 1608
f 1206 1607 1009
f 1206 1009 371
f 1608 1010 370
f 1608 370 1209
f 1607 1210 369
f 1607 369 1009
f 475 1207 1610
f 475 1610 1308
f 476 1307 1609
f 476 1609 1208
f 1207 144 1116
f 1207 1116 1610
f 1208 1609 1115
f 1208 1115 143
f 1610 1116 150
f 1610 150 1203
f 1609 1204 149
f 1609 149 1115
f 438 1201 1612
f 438 1612 1268
f 437 1267 1611
f 437 1611 1202
f 1201 374 1012
f 1201 1012 1612
f 1202 1611 1011
f 1202 1011 373
f 1612 1012 372
f 1612 372 1205
f 1611 1206 371
f 1611 371 1011
f 477 1203 1614
f 477 1614 1310
f 478 1309 1613
f 478 1613 1204
f 1203 150 1118
f 1203 1118 1614
f 1204 1613 1117
f 1204 1117 149
f 1614 1118 156
f 1614 156 1199
f 1613 1200 155
f 1613 155 1117
f 440 1197 1616
f 440 1616 1270
f 439 1269 1615
f 439 1615 1198
f 1197 376 1014
f 1197 1014 1616
f 1198 1615 1013
f 1198 1013 375
f 1616 1014 374
f 1616 374 1201
f 1615 1202 373
f 1615 373 1013
f 388 1193 1618
f 388 1618 1218
f 387 1217 1617
f 387 1617 1194
f 1193 324 962
f 1193 962 1618
f 1194 1617 961
f 1194 961 323
f 1618 962 322
f 1618 322 1195
f 1617 1196 321
f 1617 321 961
f 479 1199 1620
f 479 1620 1312
f 480 1311 1619
f 480 1619 1200
f 1199 156 1120
f 1199 1120 1620
f 1200 1619 1119
f 1200 1119 155
f 1620 1120 162
f 1620 162 1191
f 1619 1192 161
f 1619 161 1119
f 442 1189 1622
f 442 1622 1272
f 441 1271 1621
f 441 1621 1190
f 1189 378 1016
f 1189 1016 1622
f 1190 1621 1015
f 1190 1015 377
f 1622 1016 376
f 1622 376 1197
f 1621 1198 375
f 1621 375 1015
f 390 1187 1624
f 390 1624 1220
f 389 1219 1623
f 389 1623 1188
f 1187 326 964
f 1187 964 1624
f 1188 1623 963
f 1188 963 325
f 1624 964 324
f 1624 324 1193
f 1623 1194 323
f 1623 323 963
f 481 1191 1626
f 481 1626 1314
f 482 1313 1625
f 482 1625 1192
f 1191 162 1122
f 1191 1122 1626
f 1192 1625 1121
f 1192 1121 161
f 1626 1122 168
f 1626 168 1185
f 1625 1186 167
f 1625 167 1121
f 444 1183 1628
f 444 1628 1274
f 443 1273 1627
f 443 1627 1184
f 1183 380 1018
f 1183 1018 1628
f 1184 1627 1017
f 1184 1017 379
f 1628 1018 378
f 1628 378 1189
f 1627 1190 377
f 1627 377 1017
f 392 1181 1630
f 392 1630 1222
f 391 1221 1629
f 391 1629 1182
f 1181 328 966
f 1181 966 1630
f 1182 1629 965
f 1182 965 327
f 1630 966 326
f 1630 326 1187
f 1629 1188 325
f 1629 325 965
f 483 1185 1632
f 483 1632 1316
f 484 1315 1631
f 484 1631 1186
f 1185 168 1124
f 1185 1124 1632
f 1186 1631 1123
f 1186 1123 167
f 1632 1124 174
f 1632 174 1179
f 1631 1180 173
f 1631 173 1123
f 446 1177 1634
f 446 1634 1276
f 445 1275 1633
f 445 1633 1178
f 1177 382 1020
f 1177 1020 1634
f 1178 1633 1019
f 1178 1019 381
f 1634 1020 380
f 1634 380 1183
f 1633 1184 379
f 1633 379 1019
f 394 1175 1636
f 394 1636 1224
f 393 1223 1635
f 393 1635 1176
f 1175 330 968
f 1175 968 1636
f 1176 1635 967
f 1176 967 329
f 1636 968 328
f 1636 328 1181
f 1635 1182 327
f 1635 327 967
f 485 1179 1638
f 485 1638 1318
f 486 1317 1637
f 486 1637 1180
f 1179 174 1126
f 1179 1126 1638
f 1180 1637 1125
f 1180 1125 173
f 1638 1126 180
f 1638 180 1173
f 1637 1174 179
f 1637 179 1125
f 448 1171 1640
f 448 1640 1278
f 447 1277 1639
f 447 1639 1172
f 1171 384 1022
f 1171 1022 1640
f 1172 1639 1021
f 1172 1021 383
f 1640 1022 382
f 1640 382 1177
f 1639 1178 381
f 1639 381 1021
f 396 1169 1642
f 396 1642 1226
f 395 1225 1641
f 395 1641 1170
f 1169 332 970
f 1169 970 1642
f 1170 1641 969
f 1170 969 331
f 1642 970 330
f 1642 330 1175
f 1641 1176 329
f 1641 329 969
f 487 1173 1644
f 487 1644 1320
f 488 1319 1643
f 488 1643 1174
f 1173 180 1128
f 1173 1128 1644
f 1174 1643 1127
f 1174 1127 179
f 1644 1128 186
f 1644 186 1167
f 1643 1168 185
f 1643 185 1127
f 385 1195 1646
f 385 1646 1280
f 386 1279 1645
f 386 1645 1196
f 1195 322 1024
f 1195 1024 1646
f 1196 1645 1023
f 1196 1023 321
f 1646 1024 384
f 1646 384 1171
f 1645 1172 383
f 1645 383 1023
f 398 1165 1648
f 398 1648 1228
f 397 1227 1647
f 397 1647 1166
f 1165 334 972
f 1165 972 1648
f 1166 1647 971
f 1166 971 333
f 1648 972 332
f 1648 332 1169
f 1647 1170 331
f 1647 331 971
f 489 1167 1650
f 489 1650 1322
f 490 1321 1649
f 490 1649 1168
f 1167 186 1130
f 1167 1130 1650
f 1168 1649 1129
f 1168 1129 185
f 1650 1130 192
f 1650 192 1163
f 1649 1164 191
f 1649 191 1129
f 400 1161 1652
f 400 1652 1230
f 399 1229 1651
f 399 1651 1162
f 1161 336 974
f 1161 974 1652
f 1162 1651 973
f 1162 973 335
f 1652 974 334
f 1652 334 1165
f 1651 1166 333
f 1651 333 973
f 491 1163 1654
f 491 1654 1324
f 492 1323 1653
f 492 1653 1164
f 1163 192 1132
f 1163 1132 1654
f 1164 1653 1131
f 1164 1131 191
f 1654 1132 198
f 1654 198 1159
f 1653 1160 197
f 1653 197 1131
f 402 1157 1656
f 402 1656 1232
f 401 1231 1655
f 401 1655 1158
f 1157 338 976
f 1157 976 1656
f 1158 1655 975
f 1158 975 337
f 1656 976 336
f 1656 336 1161
f 1655 1162 335
f 1655 335 975
f 493 1159 1658
f 493 1658 1326
f 494 1325 1657
f 494 1657 1160
f 1159 198 1134
f 1159 1134 1658
f 1160 1657 1133
f 1160 1133 197
f 1658 1134 204
f 1658 204 1155
f 1657 1156 203
f 1657 203 1133
f 404 1153 1660
f 404 1660 1234
f 403 1233 1659
f 403 1659 1154
f 1153 340 978
f 1153 978 1660
f 1154 1659 977
f 1154 977 339
f 1660 978 338
f 1660 338 1157
f 1659 1158 337
f 1659 337 977
f 495 1155 1662
f 495 1662 1328
f 496 1327 1661
f 496 1661 1156
f 1155 204 1136
f 1155 1136 1662
f 1156 1661 1135
f 1156 1135 203
f 1662 1136 210
f 1662 210 1409
f 1661 1410 209
f 1661 209 1135
f 406 1412 1664
f 406 1664 1236
f 405 1235 1663
f 405 1663 1411
f 1412 342 980
f 1412 980 1664
f 1411 1663 979
f 1411 979 341
f 1664 980 340
f 1664 340 1153
f 1663 1154 339
f 1663 339 979
f 320 1087 1666
f 320 1666 896
f 319 895 1665
f 319 1665 1088
f 1087 384 1024
f 1087 1024 1666
f 1088 1665 1023
f 1088 1023 383
f 1666 1024 322
f 1666 322 1026
f 1665 1025 321
f 1665 321 1023
f 318 1085 1668
f 318 1668 890
f 317 889 1667
f 317 1667 1086
f 1085 382 1022
f 1085 1022 1668
f 1086 1667 1021
f 1086 1021 381
f 1668 1022 384
f 1668 384 1087
f 1667 1088 383
f 1667 383 1021
f 316 1083 1670
f 316 1670 880
f 315 879 1669
f 315 1669 1084
f 1083 380 1020
f 1083 1020 1670
f 1084 1669 1019
f 1084 1019 379
f 1670 1020 382
f 1670 382 1085
f 1669 1086 381
f 1669 381 1019
f 314 1081 1672
f 314 1672 870
f 313 869 1671
f 313 1671 1082
f 1081 378 1018
f 1081 1018 1672
f 1082 1671 1017
f 1082 1017 377
f 1672 1018 380
f 1672 380 1083
f 1671 1084 379
f 1671 379 1017
f 312 1079 1674
f 312 1674 860
f 311 859 1673
f 311 1673 1080
f 1079 376 1016
f 1079 1016 1674
f 1080 1673 1015
f 1080 1015 375
f 1674 1016 378
f 1674 378 1081
f 1673 1082 377
f 1673 377 1015
f 310 1077 1676
f 310 1676 850
f 309 849 1675
f 309 1675 1078
f 1077 374 1014
f 1077 1014 1676
f 1078 1675 1013
f 1078 1013 373
f 1676 1014 376
f 1676 376 1079
f 1675 1080 375
f 1675 375 1013
f 308 1075 1678
f 308 1678 840
f 307 839 1677
f 307 1677 1076
f 1075 372 1012
f 1075 1012 1678
f 1076 1677 1011
f 1076 1011 371
f 1678 1012 374
f 1678 374 1077
f 1677 1078 373
f 1677 373 1011
f 306 1073 1680
f 306 1680 830
f 305 829 1679
f 305 1679 1074
f 1073 370 1010
f 1073 1010 1680
f 1074 1679 1009
f 1074 1009 369
f 1680 1010 372
f 1680 372 1075
f 1679 1076 371
f 1679 371 1009
f 304 1071 1682
f 304 1682 820
f 303 819 1681
f 303 1681 1072
f 1071 368 1008
f 1071 1008 1682
f 1072 1681 1007
f 1072 1007 367
f 1682 1008 370
f 1682 370 1073
f 1681 1074 369
f 1681 369 1007
f 302 1069 1684
f 302 1684 810
f 301 809 1683
f 301 1683 1070
f 1069 366 1006
f 1069 1006 1684
f 1070 1683 1005
f 1070 1005 365
f 1684 1006 368
f 1684 368 1071
f 1683 1072 367
f 1683 367 1005
f 300 1067 1686
f 300 1686 800
f 299 799 1685
f 299 1685 1068
f 1067 364 1004
f 1067 1004 1686
f 1068 1685 1003
f 1068 1003 363
f 1686 1004 366
f 1686 366 1069
f 1685 1070 365
f 1685 365 1003
f 298 1065 1688
f 298 1688 790
f 297 789 1687
f 297 1687 1066
f 1065 362 1002
f 1065 1002 1688
f 1066 1687 1001
f 1066 1001 361
f 1688 1002 364
f 1688 364 1067
f 1687 1068 363
f 1687 363 1001
f 296 1063 1690
f 296 1690 780
f 295 779 1689
f 295 1689 1064
f 1063 360 1000
f 1063 1000 1690
f 1064 1689 999
f 1064 999 359
f 1690 1000 362
f 1690 362 1065
f 1689 1066 361
f 1689 361 999
f 294 1061 1692
f 294 1692 770
f 293 769 1691
f 293 1691 1062
f 1061 358 998
f 1061 998 1692
f 1062 1691 997
f 1062 997 357
f 1692 998 360
f 1692 360 1063
f 1691 1064 359
f 1691 359 997
f 292 1059 1694
f 292 1694 760
f 291 759 1693
f 291 1693 1060
f 1059 356 996
f 1059 996 1694
f 1060 1693 995
f 1060 995 355
f 1694 996 358
f 1694 358 1061
f 1693 1062 357
f 1693 357 995
f 290 1057 1696
f 290 1696 750
f 289 749 1695
f 289 1695 1058
f 1057 354 994
f 1057 994 1696
f 1058 1695 993
f 1058 993 353
f 1696 994 356
f 1696 356 1059
f 1695 1060 355
f 1695 355 993
f 288 1055 1698
f 288 1698 740
f 287 739 1697
f 287 1697 1056
f 1055 352 992
f 1055 992 1698
f 1056 1697 991
f 1056 991 351
f 1698 992 354
f 1698 354 1057
f 1697 1058 353
f 1697 353 991
f 286 1053 1700
f 286 1700 730
f 285 729 1699
f 285 1699 1054
f 1053 350 990
f 1053 990 1700
f 1054 1699 989
f 1054 989 349
f 1700 990 352
f 1700 352 1055
f 1699 1056 351
f 1699 351 989
f 284 1051 1702
f 284 1702 720
f 283 719 1701
f 283 1701 1052
f 1051 348 988
f 1051 988 1702
f 1052 1701 987
f 1052 987 347
f 1702 988 350
f 1702 350 1053
f 1701 1054 349
f 1701 349 987
f 282 1049 1704
f 282 1704 710
f 281 709 1703
f 281 1703 1050
f 1049 346 986
f 1049 986 1704
f 1050 1703 985
f 1050 985 345
f 1704 986 348
f 1704 348 1051
f 1703 1052 347
f 1703 347 985
f 280 1047 1706
f 280 1706 700
f 279 699 1705
f 279 1705 1048
f 1047 344 984
f 1047 984 1706
f 1048 1705 983
f 1048 983 343
f 1706 984 346
f 1706 346 1049
f 1705 1050 345
f 1705 345 983
f 278 1045 1708
f 278 1708 690
f 277 689 1707
f 277 1707 1046
f 1045 342 982
f 1045 982 1708
f 1046 1707 981
f 1046 981 341
f 1708 982 344
f 1708 344 1047
f 1707 1048 343
f 1707 343 981
f 276 1043 1710
f 276 1710 680
f 275 679 1709
f 275 1709 1044
f 1043 340 980
f 1043 980 1710
f 1044 1709 979
f 1044 979 339
f 1710 980 342
f 1710 342 1045
f 1709 1046 341
f 1709 341 979
f 274 1041 1712
f 274 1712 670
f 273 669 1711
f 273 1711 1042
f 1041 338 978
f 1041 978 1712
f 1042 1711 977
f 1042 977 337
f 1712 978 340
f 1712 340 1043
f 1711 1044 339
f 1711 339 977
f 272 1039 1714
f 272 1714 660
f 271 659 1713
f 271 1713 1040
f 1039 336 976
f 1039 976 1714
f 1040 1713 975
f 1040 975 335
f 1714 976 338
f 1714 338 1041
f 1713 1042 337
f 1713 337 975
f 270 1037 1716
f 270 1716 650
f 269 649 1715
f 269 1715 1038
f 1037 334 974
f 1037 974 1716
f 1038 1715 973
f 1038 973 333
f 1716 974 336
f 1716 336 1039
f 1715 1040 335
f 1715 335 973
f 268 1035 1718
f 268 1718 640
f 267 639 1717
f 267 1717 1036
f 1035 332 972
f 1035 972 1718
f 1036 1717 971
f 1036 971 331
f 1718 972 334
f 1718 334 1037
f 1717 1038 333
f 1717 333 971
f 266 1033 1720
f 266 1720 630
f 265 629 1719
f 265 1719 1034
f 1033 330 970
f 1033 970 1720
f 1034 1719 969
f 1034 969 329
f 1720 970 332
f 1720 332 1035
f 1719 1036 331
f 1719 331 969
f 264 1031 1722
f 264 1722 620
f 263 619 1721
f 263 1721 1032
f 1031 328 968
f 1031 968 1722
f 1032 1721 967
f 1032 967 327
f 1722 968 330
f 1722 330 1033
f 1721 1034 329
f 1721 329 967
f 262 1029 1724
f 262 1724 610
f 261 609 1723
f 261 1723 1030
f 1029 326 966
f 1029 966 1724
f 1030 1723 965
f 1030 965 325
f 1724 966 328
f 1724 328 1031
f 1723 1032 327
f 1723 327 965
f 260 1027 1726
f 260 1726 600
f 259 599 1725
f 259 1725 1028
f 1027 324 964
f 1027 964 1726
f 1028 1725 963
f 1028 963 323
f 1726 964 326
f 1726 326 1029
f 1725 1030 325
f 1725 325 963
f 257 1026 1728
f 257 1728 590
f 258 589 1727
f 258 1727 1025
f 1026 322 962
f 1026 962 1728
f 1025 1727 961
f 1025 961 321
f 1728 962 324
f 1728 324 1027
f 1727 1028 323
f 1727 323 961
f 63 573 1730
f 63 1730 902
f 64 901 1729
f 64 1729 574
f 573 61 960
f 573 960 1730
f 574 1729 959
f 574 959 62
f 1730 960 248
f 1730 248 884
f 1729 883 247
f 1729 247 959
f 61 571 1732
f 61 1732 960
f 62 959 1731
f 62 1731 572
f 571 59 958
f 571 958 1732
f 572 1731 957
f 572 957 60
f 1732 958 242
f 1732 242 874
f 1731 873 241
f 1731 241 957
f 59 569 1734
f 59 1734 958
f 60 957 1733
f 60 1733 570
f 569 57 956
f 569 956 1734
f 570 1733 955
f 570 955 58
f 1734 956 236
f 1734 236 864
f 1733 863 235
f 1733 235 955
f 57 567 1736
f 57 1736 956
f 58 955 1735
f 58 1735 568
f 567 55 954
f 567 954 1736
f 568 1735 953
f 568 953 56
f 1736 954 230
f 1736 230 854
f 1735 853 229
f 1735 229 953
f 55 565 1738
f 55 1738 954
f 56 953 1737
f 56 1737 566
f 565 53 952
f 565 952 1738
f 566 1737 951
f 566 951 54
f 1738 952 224
f 1738 224 844
f 1737 843 223
f 1737 223 951
f 53 563 1740
f 53 1740 952
f 54 951 1739
f 54 1739 564
f 563 51 950
f 563 950 1740
f 564 1739 949
f 564 949 52
f 1740 950 218
f 1740 218 834
f 1739 833 217
f 1739 217 949
f 51 561 1742
f 51 1742 950
f 52 949 1741
f 52 1741 562
f 561 49 948
f 561 948 1742
f 562 1741 947
f 562 947 50
f 1742 948 212
f 1742 212 824
f 1741 823 211
f 1741 211 947
f 49 559 1744
f 49 1744 948
f 50 947 1743
f 50 1743 560
f 559 47 946
f 559 946 1744
f 560 1743 945
f 560 945 48
f 1744 946 206
f 1744 206 814
f 1743 813 205
f 1743 205 945
f 47 557 1746
f 47 1746 946
f 48 945 1745
f 48 1745 558
f 557 45 944
f 557 944 1746
f 558 1745 943
f 558 943 46
f 1746 944 200
f 1746 200 804
f 1745 803 199
f 1745 199 943
f 45 555 1748
f 45 1748 944
f 46 943 1747
f 46 1747 556
f 555 43 942
f 555 942 1748
f 556 1747 941
f 556 941 44
f 1748 942 194
f 1748 194 794
f 1747 793 193
f 1747 193 941
f 43 553 1750
f 43 1750 942
f 44 941 1749
f 44 1749 554
f 553 41 940
f 553 940 1750
f 554 1749 939
f 554 939 42
f 1750 940 188
f 1750 188 784
f 1749 783 187
f 1749 187 939
f 41 551 1752
f 41 1752 940
f 42 939 1751
f 42 1751 552
f 551 39 938
f 551 938 1752
f 552 1751 937
f 552 937 40
f 1752 938 182
f 1752 182 774
f 1751 773 181
f 1751 181 937
f 39 549 1754
f 39 1754 938
f 40 937 1753
f 40 1753 550
f 549 37 936
f 549 936 1754
f 550 1753 935
f 550 935 38
f 1754 936 176
f 1754 176 764
f 1753 763 175
f 1753 175 935
f 37 547 1756
f 37 1756 936
f 38 935 1755
f 38 1755 548
f 547 35 934
f 547 934 1756
f 548 1755 933
f 548 933 36
f 1756 934 170
f 1756 170 754
f 1755 753 169
f 1755 169 933
f 35 545 1758
f 35 1758 934
f 36 933 1757
f 36 1757 546
f 545 33 932
f 545 932 1758
f 546 1757 931
f 546 931 34
f 1758 932 164
f 1758 164 744
f 1757 743 163
f 1757 163 931
f 33 543 1760
f 33 1760 932
f 34 931 1759
f 34 1759 544
f 543 31 930
f 543 930 1760
f 544 1759 929
f 544 929 32
f 1760 930 158
f 1760 158 734
f 1759 733 157
f 1759 157 929
f 31 541 1762
f 31 1762 930
f 32 929 1761
f 32 1761 542
f 541 29 928
f 541 928 1762
f 542 1761 927
f 542 927 30
f 1762 928 152
f 1762 152 724
f 1761 723 151
f 1761 151 927
f 29 539 1764
f 29 1764 928
f 30 927 1763
f 30 1763 540
f 539 27 926
f 539 926 1764
f 540 1763 925
f 540 925 28
f 1764 926 146
f 1764 146 714
f 1763 713 145
f 1763 145 925
f 27 537 1766
f 27 1766 926
f 28 925 1765
f 28 1765 538
f 537 25 924
f 537 924 1766
f 538 1765 923
f 538 923 26
f 1766 924 140
f 1766 140 704
f 1765 703 139
f 1765 139 923
f 25 535 1768
f 25 1768 924
f 26 923 1767
f 26 1767 536
f 535 23 922
f 535 922 1768
f 536 1767 921
f 536 921 24
f 1768 922 134
f 1768 134 694
f 1767 693 133
f 1767 133 921
f 23 533 1770
f 23 1770 922
f 24 921 1769
f 24 1769 534
f 533 21 920
f 533 920 1770
f 534 1769 919
f 534 919 22
f 1770 920 128
f 1770 128 684
f 1769 683 127
f 1769 127 919
f 21 531 1772
f 21 1772 920
f 22 919 1771
f 22 1771 532
f 531 19 918
f 531 918 1772
f 532 1771 917
f 532 917 20
f 1772 918 122
f 1772 122 674
f 1771 673 121
f 1771 121 917
f 19 529 1774
f 19 1774 918
f 20 917 1773
f 20 1773 530
f 529 17 916
f 529 916 1774
f 530 1773 915
f 530 915 18
f 1774 916 116
f 1774 116 664
f 1773 663 115
f 1773 115 915
f 17 527 1776
f 17 1776 916
f 18 915 1775
f 18 1775 528
f 527 15 914
f 527 914 1776
f 528 1775 913
f 528 913 16
f 1776 914 110
f 1776 110 654
f 1775 653 109
f 1775 109 913
f 15 525 1778
f 15 1778 914
f 16 913 1777
f 16 1777 526
f 525 13 912
f 525 912 1778
f 526 1777 911
f 526 911 14
f 1778 912 104
f 1778 104 644
f 1777 643 103
f 1777 103 911
f 13 523 1780
f 13 1780 912
f 14 911 1779
f 14 1779 524
f 523 11 910
f 523 910 1780
f 524 1779 909
f 524 909 12
f 1780 910 98
f 1780 98 634
f 1779 633 97
f 1779 97 909
f 11 521 1782
f 11 1782 910
f 12 909 1781
f 12 1781 522
f 521 9 908
f 521 908 1782
f 522 1781 907
f 522 907 10
f 1782 908 92
f 1782 92 624
f 1781 623 91
f 1781 91 907
f 9 519 1784
f 9 1784 908
f 10 907 1783
f 10 1783 520
f 519 7 906
f 519 906 1784
f 520 1783 905
f 520 905 8
f 1784 906 86
f 1784 86 614
f 1783 613 85
f 1783 85 905
f 7 517 1786
f 7 1786 906
f 8 905 1785
f 8 1785 518
f 517 5 904
f 517 904 1786
f 518 1785 903
f 518 903 6
f 1786 904 80
f 1786 80 604
f 1785 603 79
f 1785 79 903
f 5 515 1788
f 5 1788 904
f 6 903 1787
f 6 1787 516
f 515 3 900
f 515 900 1788
f 516 1787 899
f 516 899 4
f 1788 900 74
f 1788 74 594
f 1787 593 73
f 1787 73 899
f 1 575 1790
f 1 1790 898
f 2 897 1789
f 2 1789 576
f 575 63 902
f 575 902 1790
f 576 1789 901
f 576 901 64
f 1790 902 254
f 1790 254 892
f 1789 891 253
f 1789 253 901
f 3 513 1792
f 3 1792 900
f 4 899 1791
f 4 1791 514
f 513 1 898
f 513 898 1792
f 514 1791 897
f 514 897 2
f 1792 898 68
f 1792 68 580
f 1791 579 67
f 1791 67 897
f 257 587 1794
f 257 1794 896
f 258 895 1793
f 258 1793 588
f 587 69 894
f 587 894 1794
f 588 1793 893
f 588 893 70
f 1794 894 256
f 1794 256 888
f 1793 887 255
f 1793 255 893
f 69 581 1796
f 69 1796 894
f 70 893 1795
f 70 1795 582
f 581 68 892
f 581 892 1796
f 582 1795 891
f 582 891 67
f 1796 892 254
f 1796 254 882
f 1795 881 253
f 1795 253 891
f 320 888 1798
f 320 1798 890
f 319 889 1797
f 319 1797 887
f 888 256 886
f 888 886 1798
f 887 1797 885
f 887 885 255
f 1798 886 250
f 1798 250 878
f 1797 877 249
f 1797 249 885
f 256 882 1800
f 256 1800 886
f 255 885 1799
f 255 1799 881
f 882 254 884
f 882 884 1800
f 881 1799 883
f 881 883 253
f 1800 884 248
f 1800 248 872
f 1799 871 247
f 1799 247 883
f 318 878 1802
f 318 1802 880
f 317 879 1801
f 317 1801 877
f 878 250 876
f 878 876 1802
f 877 1801 875
f 877 875 249
f 1802 876 244
f 1802 244 868
f 1801 867 243
f 1801 243 875
f 250 872 1804
f 250 1804 876
f 249 875 1803
f 249 1803 871
f 872 248 874
f 872 874 1804
f 871 1803 873
f 871 873 247
f 1804 874 242
f 1804 242 862
f 1803 861 241
f 1803 241 873
f 316 868 1806
f 316 1806 870
f 315 869 1805
f 315 1805 867
f 868 244 866
f 868 866 1806
f 867 1805 865
f 867 865 243
f 1806 866 238
f 1806 238 858
f 1805 857 237
f 1805 237 865
f 244 862 1808
f 244 1808 866
f 243 865 1807
f 243 1807 861
f 862 242 864
f 862 864 1808
f 861 1807 863
f 861 863 241
f 1808 864 236
f 1808 236 852
f 1807 851 235
f 1807 235 863
f 314 858 1810
f 314 1810 860
f 313 859 1809
f 313 1809 857
f 858 238 856
f 858 856 1810
f 857 1809 855
f 857 855 237
f 1810 856 232
f 1810 232 848
f 1809 847 231
f 1809 231 855
f 238 852 1812
f 238 1812 856
f 237 855 1811
f 237 1811 851
f 852 236 854
f 852 854 1812
f 851 1811 853
f 851 853 235
f 1812 854 230
f 1812 230 842
f 1811 841 229
f 1811 229 853
f 312 848 1814
f 312 1814 850
f 311 849 1813
f 311 1813 847
f 848 232 846
f 848 846 1814
f 847 1813 845
f 847 845 231
f 1814 846 226
f 1814 226 838
f 1813 837 225
f 1813 225 845
f 232 842 1816
f 232 1816 846
f 231 845 1815
f 231 1815 841
f 842 230 844
f 842 844 1816
f 841 1815 843
f 841 843 229
f 1816 844 224
f 1816 224 832
f 1815 831 223
f 1815 223 843
f 310 838 1818
f 310 1818 840
f 309 839 1817
f 309 1817 837
f 838 226 836
f 838 836 1818
f 837 1817 835
f 837 835 225
f 1818 836 220
f 1818 220 828
f 1817 827 219
f 1817 219 835
f 226 832 1820
f 226 1820 836
f 225 835 1819
f 225 1819 831
f 832 224 834
f 832 834 1820
f 831 1819 833
f 831 833 223
f 1820 834 218
f 1820 218 822
f 1819 821 217
f 1819 217 833
f 308 828 1822
f 308 1822 830
f 307 829 1821
f 307 1821 827
f 828 220 826
f 828 826 1822
f 827 1821 825
f 827 825 219
f 1822 826 214
f 1822 214 818
f 1821 817 213
f 1821 213 825
f 220 822 1824
f 220 1824 826
f 219 825 1823
f 219 1823 821
f 822 218 824
f 822 824 1824
f 821 1823 823
f 821 823 217
f 1824 824 212
f 1824 212 812
f 1823 811 211
f 1823 211 823
f 306 818 1826
f 306 1826 820
f 305 819 1825
f 305 1825 817
f 818 214 816
f 818 816 1826
f 817 1825 815
f 817 815 213
f 1826 816 208
f 1826 208 808
f 1825 807 207
f 1825 207 815
f 214 812 1828
f 214 1828 816
f 213 815 1827
f 213 1827 811
f 812 212 814
f 812 814 1828
f 811 1827 813
f 811 813 211
f 1828 814 206
f 1828 206 802
f 1827 801 205
f 1827 205 813
f 304 808 1830
f 304 1830 810
f 303 809 1829
f 303 1829 807
f 808 208 806
f 808 806 1830
f 807 1829 805
f 807 805 207
f 1830 806 202
f 1830 202 798
f 1829 797 201
f 1829 201 805
f 208 802 1832
f 208 1832 806
f 207 805 1831
f 207 1831 801
f 802 206 804
f 802 804 1832
f 801 1831 803
f 801 803 205
f 1832 804 200
f 1832 200 792
f 1831 791 199
f 1831 199 803
f 302 798 1834
f 302 1834 800
f 301 799 1833
f 301 1833 797
f 798 202 796
f 798 796 1834
f 797 1833 795
f 797 795 201
f 1834 796 196
f 1834 196 788
f 1833 787 195
f 1833 195 795
f 202 792 1836
f 202 1836 796
f 201 795 1835
f 201 1835 791
f 792 200 794
f 792 794 1836
f 791 1835 793
f 791 793 199
f 1836 794 194
f 1836 194 782
f 1835 781 193
f 1835 193 793
f 300 788 1838
f 300 1838 790
f 299 789 1837
f 299 1837 787
f 788 196 786
f 788 786 1838
f 787 1837 785
f 787 785 195
f 1838 786 190
f 1838 190 778
f 1837 777 189
f 1837 189 785
f 196 782 1840
f 196 1840 786
f 195 785 1839
f 195 1839 781
f 782 194 784
f 782 784 1840
f 781 1839 783
f 781 783 193
f 1840 784 188
f 1840 188 772
f 1839 771 187
f 1839 187 783
f 298 778 1842
f 298 1842 780
f 297 779 1841
f 297 1841 777
f 778 190 776
f 778 776 1842
f 777 1841 775
f 777 775 189
f 1842 776 184
f 1842 184 768
f 1841 767 183
f 1841 183 775
f 190 772 1844
f 190 1844 776
f 189 775 1843
f 189 1843 771
f 772 188 774
f 772 774 1844
f 771 1843 773
f 771 773 187
f 1844 774 182
f 1844 182 762
f 1843 761 181
f 1843 181 773
f 296 768 1846
f 296 1846 770
f 295 769 1845
f 295 1845 767
f 768 184 766
f 768 766 1846
f 767 1845 765
f 767 765 183
f 1846 766 178
f 1846 178 758
f 1845 757 177
f 1845 177 765
f 184 762 1848
f 184 1848 766
f 183 765 1847
f 183 1847 761
f 762 182 764
f 762 764 1848
f 761 1847 763
f 761 763 181
f 1848 764 176
f 1848 176 752
f 1847 751 175
f 1847 175 763
f 294 758 1850
f 294 1850 760
f 293 759 1849
f 293 1849 757
f 758 178 756
f 758 756 1850
f 757 1849 755
f 757 755 177
f 1850 756 172
f 1850 172 748
f 1849 747 171
f 1849 171 755
f 178 752 1852
f 178 1852 756
f 177 755 1851
f 177 1851 751
f 752 176 754
f 752 754 1852
f 751 1851 753
f 751 753 175
f 1852 754 170
f 1852 170 742
f 1851 741 169
f 1851 169 753
f 292 748 1854
f 292 1854 750
f 291 749 1853
f 291 1853 747
f 748 172 746
f 748 746 1854
f 747 1853 745
f 747 745 171
f 1854 746 166
f 1854 166 738
f 1853 737 165
f 1853 165 745
f 172 742 1856
f 172 1856 746
f 171 745 1855
f 171 1855 741
f 742 170 744
f 742 744 1856
f 741 1855 743
f 741 743 169
f 1856 744 164
f 1856 164 732
f 1855 731 163
f 1855 163 743
f 290 738 1858
f 290 1858 740
f 289 739 1857
f 289 1857 737
f 738 166 736
f 738 736 1858
f 737 1857 735
f 737 735 165
f 1858 736 160
f 1858 160 728
f 1857 727 159
f 1857 159 735
f 166 732 1860
f 166 1860 736
f 165 735 1859
f 165 1859 731
f 732 164 734
f 732 734 1860
f 731 1859 733
f 731 733 163
f 1860 734 158
f 1860 158 722
f 1859 721 157
f 1859 157 733
f 288 728 1862
f 288 1862 730
f 287 729 1861
f 287 1861 727
f 728 160 726
f 728 726 1862
f 727 1861 725
f 727 725 159
f 1862 726 154
f 1862 154 718
f 1861 717 153
f 1861 153 725
f 160 722 1864
f 160 1864 726
f 159 725 1863
f 159 1863 721
f 722 158 724
f 722 724 1864
f 721 1863 723
f 721 723 157
f 1864 724 152
f 1864 152 712
f 1863 711 151
f 1863 151 723
f 286 718 1866
f 286 1866 720
f 285 719 1865
f 285 1865 717
f 718 154 716
f 718 716 1866
f 717 1865 715
f 717 715 153
f 1866 716 148
f 1866 148 708
f 1865 707 147
f 1865 147 715
f 154 712 1868
f 154 1868 716
f 153 715 1867
f 153 1867 711
f 712 152 714
f 712 714 1868
f 711 1867 713
f 711 713 151
f 1868 714 146
f 1868 146 702
f 1867 701 145
f 1867 145 713
f 284 708 1870
f 284 1870 710
f 283 709 1869
f 283 1869 707
f 708 148 706
f 708 706 1870
f 707 1869 705
f 707 705 147
f 1870 706 142
f 1870 142 698
f 1869 697 141
f 1869 141 705
f 148 702 1872
f 148 1872 706
f 147 705 1871
f 147 1871 701
f 702 146 704
f 702 704 1872
f 701 1871 703
f 701 703 145
f 1872 704 140
f 1872 140 692
f 1871 691 139
f 1871 139 703
f 282 698 1874
f 282 1874 700
f 281 699 1873
f 281 1873 697
f 698 142 696
f 698 696 1874
f 697 1873 695
f 697 695 141
f 1874 696 136
f 1874 136 688
f 1873 687 135
f 1873 135 695
f 142 692 1876
f 142 1876 696
f 141 695 1875
f 141 1875 691
f 692 140 694
f 692 694 1876
f 691 1875 693
f 691 693 139
f 1876 694 134
f 1876 134 682
f 1875 681 133
f 1875 133 693
f 280 688 1878
f 280 1878 690
f 279 689 1877
f 279 1877 687
f 688 136 686
f 688 686 1878
f 687 1877 685
f 687 685 135
f 1878 686 130
f 1878 130 678
f 1877 677 129
f 1877 129 685
f 136 682 1880
f 136 1880 686
f 135 685 1879
f 135 1879 681
f 682 134 684
f 682 684 1880
f 681 1879 683
f 681 683 133
f 1880 684 128
f 1880 128 672
f 1879 671 127
f 1879 127 683
f 278 678 1882
f 278 1882 680
f 277 679 1881
f 277 1881 677
f 678 130 676
f 678 676 1882
f 677 1881 675
f 677 675 129
f 1882 676 124
f 1882 124 668
f 1881 667 123
f 1881 123 675
f 130 672 1884
f 130 1884 676
f 129 675 1883
f 129 1883 671
f 672 128 674
f 672 674 1884
f 671 1883 673
f 671 673 127
f 1884 674 122
f 1884 122 662
f 1883 661 121
f 1883 121 673
f 276 668 1886
f 276 1886 670
f 275 669 1885
f 275 1885 667
f 668 124 666
f 668 666 1886
f 667 1885 665
f 667 665 123
f 1886 666 118
f 1886 118 658
f 1885 657 117
f 1885 117 665
f 124 662 1888
f 124 1888 666
f 123 665 1887
f 123 1887 661
f 662 122 664
f 662 664 1888
f 661 1887 663
f 661 663 121
f 1888 664 116
f 1888 116 652
f 1887 651 115
f 1887 115 663
f 274 658 1890
f 274 1890 660
f 273 659 1889
f 273 1889 657
f 658 118 656
f 658 656 1890
f 657 1889 655
f 657 655 117
f 1890 656 112
f 1890 112 648
f 1889 647 111
f 1889 111 655
f 118 652 1892
f 118 1892 656
f 117 655 1891
f 117 1891 651
f 652 116 654
f 652 654 1892
f 651 1891 653
f 651 653 115
f 1892 654 110
f 1892 110 642
f 1891 641 109
f 1891 109 653
f 272 648 1894
f 272 1894 650
f 271 649 1893
f 271 1893 647
f 648 112 646
f 648 646 1894
f 647 1893 645
f 647 645 111
f 1894 646 106
f 1894 106 638
f 1893 637 105
f 1893 105 645
f 112 642 1896
f 112 1896 646
f 111 645 1895
f 111 1895 641
f 642 110 644
f 642 644 1896
f 641 1895 643
f 641 643 109
f 1896 644 104
f 1896 104 632
f 1895 631 103
f 1895 103 643
f 270 638 1898
f 270 1898 640
f 269 639 1897
f 269 1897 637
f 638 106 636
f 638 636 1898
f 637 1897 635
f 637 635 105
f 1898 636 100
f 1898 100 628
f 1897 627 99
f 1897 99 635
f 106 632 1900
f 106 1900 636
f 105 635 1899
f 105 1899 631
f 632 104 634
f 632 634 1900
f 631 1899 633
f 631 633 103
f 1900 634 98
f 1900 98 622
f 1899 621 97
f 1899 97 633
f 268 628 1902
f 268 1902 630
f 267 629 1901
f 267 1901 627
f 628 100 626
f 628 626 1902
f 627 1901 625
f 627 625 99
f 1902 626 94
f 1902 94 618
f 1901 617 93
f 1901 93 625
f 100 622 1904
f 100 1904 626
f 99 625 1903
f 99 1903 621
f 622 98 624
f 622 624 1904
f 621 1903 623
f 621 623 97
f 1904 624 92
f 1904 92 612
f 1903 611 91
f 1903 91 623
f 266 618 1906
f 266 1906 620
f 265 619 1905
f 265 1905 617
f 618 94 616
f 618 616 1906
f 617 1905 615
f 617 615 93
f 1906 616 88
f 1906 88 608
f 1905 607 87
f 1905 87 615
f 94 612 1908
f 94 1908 616
f 93 615 1907
f 93 1907 611
f 612 92 614
f 612 614 1908
f 611 1907 613
f 611 613 91
f 1908 614 86
f 1908 86 602
f 1907 601 85
f 1907 85 613
f 264 608 1910
f 264 1910 610
f 263 609 1909
f 263 1909 607
f 608 88 606
f 608 606 1910
f 607 1909 605
f 607 605 87
f 1910 606 82
f 1910 82 598
f 1909 597 81
f 1909 81 605
f 88 602 1912
f 88 1912 606
f 87 605 1911
f 87 1911 601
f 602 86 604
f 602 604 1912
f 601 1911 603
f 601 603 85
f 1912 604 80
f 1912 80 592
f 1911 591 79
f 1911 79 603
f 262 598 1914
f 262 1914 600
f 261 599 1913
f 261 1913 597
f 598 82 596
f 598 596 1914
f 597 1913 595
f 597 595 81
f 1914 596 76
f 1914 76 586
f 1913 585 75
f 1913 75 595
f 82 592 1916
f 82 1916 596
f 81 595 1915
f 81 1915 591
f 592 80 594
f 592 594 1916
f 591 1915 593
f 591 593 79
f 1916 594 74
f 1916 74 578
f 1915 577 73
f 1915 73 593
f 260 586 1918
f 260 1918 590
f 259 589 1917
f 259 1917 585
f 586 76 584
f 586 584 1918
f 585 1917 583
f 585 583 75
f 1918 584 69
f 1918 69 587
f 1917 588 70
f 1917 70 583
f 76 578 1920
f 76 1920 584
f 75 583 1919
f 75 1919 577
f 578 74 580
f 578 580 1920
f 577 1919 579
f 577 579 73
f 1920 580 68
f 1920 68 581
f 1919 582 67
f 1919 67 579
