# Exact mesh converted from bowl2(1).usd; dimensions are metres
v 4.736770265e-08 -0.05691868812 0.0547359027
v 4.60035956e-08 -0.03161532059 0.002438069787
v -0.01110423822 -0.05582503602 0.0547359027
v -0.006167811807 -0.03100785241 0.002438069321
v -0.02178181335 -0.05258604512 0.0547359027
v -0.01209863741 -0.0292087663 0.002438069088
v -0.03162230924 -0.04732618853 0.05473590642
v -0.01756450348 -0.02628720365 0.002438069088
v -0.0402475819 -0.04024761543 0.05473590642
v -0.0223553665 -0.02235543914 0.002438068157
v -0.04732605815 -0.03162233904 0.0547359027
v -0.02628708445 -0.01756456122 0.002438070485
v -0.05258592218 -0.02178183198 0.0547359027
v -0.02920868434 -0.01209862903 0.002438071184
v -0.05582764745 -0.01109187957 0.05473635346
v -0.03100783005 -0.006167817395 0.002438066993
v -0.05691975728 3.316718455e-09 0.05422419682
v -0.03161529452 3.108885149e-09 0.002438070253
v -0.05582764745 0.01109187957 0.05473635346
v -0.03100782633 0.00616781693 0.002438067459
v -0.05258592218 0.02178183198 0.0547359027
v -0.02920868434 0.0120986281 0.002438070951
v -0.04732605815 0.03162233904 0.0547359027
v -0.02628708445 0.01756456308 0.002438070485
v -0.0402475819 0.04024761543 0.05473590642
v -0.0223553665 0.02235543914 0.002438068157
v -0.03162230924 0.04732618853 0.05473590642
v -0.01756450348 0.02628720365 0.002438069088
v -0.02178181335 0.05258604512 0.0547359027
v -0.01209863741 0.0292087663 0.002438069088
v -0.01110423822 0.05582503602 0.05473590642
v -0.006167811807 0.03100785241 0.002438069321
v 4.689274036e-08 0.05691868812 0.0547359027
v 4.60035956e-08 0.03161532059 0.00243807002
v 0.0111043416 0.05582503602 0.05473590642
v 0.006167902611 0.03100785241 0.002438068856
v 0.02178186551 0.05258604512 0.0547359027
v 0.01209869329 0.02920876816 0.002438069321
v 0.03162236512 0.04732618853 0.05473590642
v 0.01756456867 0.02628720365 0.00243806839
v 0.04024763405 0.04024760798 0.0547359027
v 0.02235545032 0.02235542051 0.002438069787
v 0.04732621834 0.03162233531 0.0547359027
v 0.02628723346 0.01756453514 0.002438068856
v 0.05258607119 0.02178183943 0.05473590642
v 0.0292087961 0.01209866535 0.002438069321
v 0.05582505837 0.01110429037 0.0547359027
v 0.03100788221 0.006167856976 0.002438069088
v 0.0569187142 3.276940941e-09 0.0547359027
v 0.0316153504 2.123635712e-09 0.002438070253
v 0.05582505837 -0.01110429037 0.0547359027
v 0.03100788221 -0.006167856976 0.002438068856
v 0.05258607119 -0.02178183943 0.05473590642
v 0.0292087961 -0.01209866628 0.002438069321
v 0.04732621834 -0.03162233531 0.0547359027
v 0.02628723346 -0.01756453514 0.002438068856
v 0.04024763405 -0.04024760798 0.0547359027
v 0.02235545032 -0.02235542051 0.002438069787
v 0.03162236512 -0.04732618853 0.0547359027
v 0.01756456867 -0.02628720365 0.00243806839
v 0.02178186551 -0.05258604512 0.0547359027
v 0.01209869329 -0.02920876816 0.002438069321
v 0.0111043416 -0.05582503602 0.0547359027
v 0.006167902611 -0.03100785241 0.002438068856
v -0.005940663628 -0.02986589447 0.002526346128
v 4.595774428e-08 -0.03045099229 0.002526345197
v -0.01165306848 -0.02813306451 0.002526345896
v -0.01691763662 -0.02531909943 0.002526346128
v -0.02153206244 -0.02153213881 0.002526347525
v -0.02531898022 -0.01691769622 0.002526344266
v -0.02813298441 -0.0116530573 0.002526344266
v -0.02986586839 -0.005940666422 0.002526347758
v -0.03045095876 2.042793046e-09 0.002526344731
v -0.02986586839 0.005940666422 0.002526347758
v -0.02813298441 0.0116530573 0.002526344033
v -0.02531898022 0.01691769809 0.002526344731
v -0.02153206244 0.02153213881 0.002526347525
v -0.01691763662 0.02531909943 0.002526346128
v -0.01165306848 0.02813306451 0.002526345896
v -0.005940663628 0.02986589447 0.002526345896
v 4.59512286e-08 0.03045099229 0.00252634543
v 0.005940753967 0.02986589633 0.002526346361
v 0.01165312529 0.02813306823 0.002526345663
v 0.01691769995 0.02531909943 0.002526346128
v 0.02153214812 0.02153211273 0.002526345663
v 0.02531912737 0.01691766828 0.002526345663
v 0.02813309617 0.01165309455 0.002526345663
v 0.02986592986 0.005940706469 0.002526346128
v 0.03045102581 2.029760138e-09 0.002526344731
v 0.02986592986 -0.005940706935 0.002526345896
v 0.02813309617 -0.01165309548 0.002526345663
v 0.02531912737 -0.01691766828 0.002526345896
v 0.02153214812 -0.02153211273 0.002526345663
v 0.01691769995 -0.02531909943 0.002526346128
v 0.01165312529 -0.02813306823 0.002526345663
v 0.005940753967 -0.02986589633 0.002526346361
v -0.005923394579 -0.02977907658 0.001538447454
v 4.595636227e-08 -0.03036247566 0.001538448152
v -0.01161919441 -0.02805128321 0.00153844757
v -0.01686845906 -0.02524549887 0.001538447337
v -0.02146946639 -0.02146954462 0.001538446057
v -0.02524538152 -0.01686851867 0.001538448851
v -0.02805120684 -0.01161918323 0.001538448967
v -0.02977904677 -0.005923396442 0.001538445591
v -0.03036244214 2.025963175e-09 0.001538448269
v -0.02977904677 0.005923396442 0.001538445591
v -0.02805120684 0.01161918323 0.001538449083
v -0.02524538152 0.01686852053 0.001538448851
v -0.02146946639 0.02146954462 0.001538446057
v -0.01686845906 0.02524549887 0.001538447337
v -0.01161919441 0.02805128321 0.00153844757
v -0.005923394579 0.02977907658 0.001538447454
v 4.595038305e-08 0.03036247566 0.001538448152
v 0.005923484452 0.02977907658 0.001538447104
v 0.01161925029 0.02805128694 0.00153844757
v 0.01686852053 0.02524549887 0.001538447337
v 0.0214695558 0.0214695204 0.001538447919
v 0.02524552681 0.01686849073 0.001538447454
v 0.02805131488 0.01161921956 0.00153844757
v 0.02977911197 0.00592343742 0.001538447454
v 0.03036250919 2.060654758e-09 0.001538448618
v 0.02977911197 -0.00592343742 0.001538447454
v 0.02805131488 -0.01161922049 0.001538447686
v 0.02524552681 -0.01686849073 0.00153844757
v 0.0214695558 -0.0214695204 0.001538447919
v 0.01686852053 -0.02524549887 0.001538447337
v 0.01161925029 -0.02805128694 0.00153844757
v 0.005923484452 -0.02977907658 0.001538447104
v -0.00615054043 -0.03092102334 0.001626712852
v 4.600233083e-08 -0.03152679652 0.001626712037
v -0.01206475869 -0.02912697569 0.001626713085
v -0.01751532033 -0.02621359378 0.001626712969
v -0.02229276486 -0.02229283936 0.001626714133
v -0.02621347643 -0.01751537807 0.001626711455
v -0.02912689745 -0.01206475124 0.001626711106
v -0.03092099912 -0.006150545087 0.00162671518
v -0.03152676672 3.052111008e-09 0.00162671227
v -0.0309209954 0.006150544621 0.001626714948
v -0.02912689745 0.01206475031 0.001626711106
v -0.02621347643 0.01751537994 0.001626711572
v -0.02229276486 0.02229283936 0.001626714133
v -0.01751532033 0.02621359378 0.001626712969
v -0.01206475869 0.02912697569 0.001626713085
v -0.00615054043 0.0309210252 0.001626712852
v 4.600233083e-08 0.03152679652 0.001626712037
v 0.0061506317 0.03092102334 0.001626713201
v 0.01206481457 0.02912697755 0.001626712852
v 0.01751538366 0.02621359378 0.001626713318
v 0.02229285054 0.0222928226 0.001626712386
v 0.02621362358 0.017515352 0.001626713201
v 0.02912700549 0.01206478663 0.001626712852
v 0.03092105314 0.006150585599 0.001626713085
v 0.0315268226 2.113743847e-09 0.001626712037
v 0.03092105314 -0.006150585599 0.001626713085
v 0.02912700549 -0.01206478756 0.001626712852
v 0.02621362358 -0.017515352 0.001626713201
v 0.02229285054 -0.0222928226 0.001626712386
v 0.01751538366 -0.02621359378 0.001626713318
v 0.01206481457 -0.02912697755 0.001626712852
v 0.0061506317 -0.03092102334 0.001626713201
v 4.622425465e-08 -0.043929331 0.008748223074
v -0.008570141159 -0.043085251 0.008748225868
v -0.01681099646 -0.0405854322 0.008748228662
v -0.02440579981 -0.03652593493 0.00874822773
v -0.0310627073 -0.03106274642 0.008748226799
v -0.03652581945 -0.02440583892 0.008748226799
v -0.04058533162 -0.01681102067 0.008748225868
v -0.04308609292 -0.008566376753 0.008748585358
v -0.04392998293 2.592475568e-09 0.008669036441
v -0.04308609292 0.008566376753 0.008748585358
v -0.04058533162 0.01681102067 0.008748225868
v -0.03652581945 0.02440583892 0.008748226799
v -0.0310627073 0.03106274642 0.00874822773
v -0.02440579981 0.03652593493 0.00874822773
v -0.01681099646 0.0405854322 0.00874822773
v -0.008570141159 0.043085251 0.008748224936
v 4.617185567e-08 0.04392932728 0.008748224005
v 0.008570239879 0.043085251 0.008748224936
v 0.01681105606 0.0405854322 0.00874822773
v 0.024405865 0.03652593493 0.00874822773
v 0.03106277436 0.0310627427 0.008748225868
v 0.03652595729 0.02440583333 0.008748226799
v 0.04058545828 0.01681102626 0.008748225868
v 0.04308528453 0.008570189588 0.008748225868
v 0.04392936081 2.549612743e-09 0.008748226799
v 0.04308528453 -0.008570190519 0.008748225868
v 0.04058545828 -0.01681102626 0.008748225868
v 0.03652595729 -0.02440583333 0.008748226799
v 0.03106277436 -0.0310627427 0.008748225868
v 0.024405865 -0.03652593493 0.00874822773
v 0.01681105606 -0.0405854322 0.00874822773
v 0.008570239879 -0.043085251 0.008748224936
v -0.007104480639 -0.03571682423 0.003059901064
v -0.008437622339 -0.04241903126 0.006104197353
v -0.007701143157 -0.03871647641 0.003517916892
v -0.008185271174 -0.04115036502 0.004697537515
v 4.599248982e-08 -0.04325005412 0.006104199216
v 4.605809778e-08 -0.03641655296 0.003059901297
v 4.595932168e-08 -0.04195652902 0.004697537981
v 4.594144087e-08 -0.03947496414 0.003517916426
v -0.01393598597 -0.03364452347 0.003059901064
v -0.01655105129 -0.03995786235 0.006104194093
v -0.01510638837 -0.03647013009 0.003517916426
v -0.01605604216 -0.03876280785 0.004697538447
v -0.02023192309 -0.03027927689 0.003059901297
v -0.02402841672 -0.03596112877 0.006104195025
v -0.0219310876 -0.03282225505 0.003517916426
v -0.02330977656 -0.03488560766 0.004697538447
v -0.02575035393 -0.0257504154 0.003059901297
v -0.03058238514 -0.03058242612 0.006104197353
v -0.0279129874 -0.02791303582 0.003517916426
v -0.02966772765 -0.0296677649 0.00469753705
v -0.03027916141 -0.02023197338 0.003059901064
v -0.03596102074 -0.02402845211 0.00610419549
v -0.03282214329 -0.02193113044 0.003517916426
v -0.03488549963 -0.02330981195 0.004697537981
v -0.03364443406 -0.01393598691 0.003059901064
v -0.03995776549 -0.01655107178 0.006104196422
v -0.03647003695 -0.01510640047 0.003517916426
v -0.03876270726 -0.01605606265 0.004697538447
v -0.03571683913 -0.007104484364 0.003059903858
v -0.04241964221 -0.008435726166 0.006104646251
v -0.0387166962 -0.00770097645 0.003517981619
v -0.04115099832 -0.008184446953 0.004697905853
v -0.0364167355 2.305098334e-09 0.003059918061
v -0.04327028617 2.507479113e-09 0.00610263925
v -0.03947857022 2.389452858e-09 0.003517742269
v -0.0419685021 2.473478755e-09 0.004697497003
v -0.03571683913 0.007104484364 0.003059903858
v -0.04241964221 0.008435726166 0.006104645785
v -0.0387166962 0.00770097645 0.003517981619
v -0.04115099832 0.008184446953 0.004697905853
v -0.03364443406 0.01393598691 0.003059901064
v -0.03995776549 0.01655107178 0.006104196422
v -0.03647003695 0.01510640047 0.003517916426
v -0.03876270726 0.01605606265 0.004697538447
v -0.03027915955 0.02023197338 0.003059901064
v -0.03596102446 0.02402845211 0.006104196422
v -0.03282214329 0.02193113044 0.003517916426
v -0.03488549218 0.02330981195 0.004697537981
v -0.02575035393 0.0257504154 0.003059901064
v -0.03058238514 0.03058242612 0.006104196422
v -0.0279129874 0.02791303582 0.003517916426
v -0.02966772765 0.02966776676 0.004697537981
v -0.02023192309 0.03027927689 0.003059901064
v -0.02402841672 0.03596112877 0.006104194559
v -0.0219310876 0.03282225505 0.003517916426
v -0.0233097747 0.03488560766 0.004697538447
v -0.01393598597 0.03364452347 0.003059901297
v -0.01655105129 0.03995786235 0.006104194559
v -0.01510638837 0.03647013009 0.003517916426
v -0.01605604403 0.03876281157 0.004697539844
v -0.007104480639 0.03571682423 0.003059901064
v -0.008437622339 0.04241903126 0.006104196887
v -0.007701143157 0.03871647641 0.003517916892
v -0.008185271174 0.04115036502 0.004697537515
v 4.607653992e-08 0.03641655296 0.003059901064
v 4.605686854e-08 0.04325005412 0.006104199216
v 4.597873016e-08 0.03947496042 0.003517916426
v 4.589835356e-08 0.04195652902 0.004697537981
v 0.007104573306 0.03571682423 0.003059901297
v 0.008437718265 0.04241903126 0.006104197819
v 0.007701236755 0.03871647641 0.003517916892
v 0.008185366169 0.0411503613 0.004697538912
v 0.01393604185 0.0336445272 0.003059901064
v 0.01655110903 0.03995786235 0.006104195025
v 0.01510644518 0.03647013754 0.003517916426
v 0.01605610177 0.03876280785 0.004697537981
v 0.02023198642 0.03027927689 0.003059901297
v 0.02402847819 0.03596112877 0.006104195956
v 0.02193115093 0.03282225877 0.003517916426
v 0.02330983616 0.03488560766 0.004697537981
v 0.02575043403 0.02575040422 0.003059901064
v 0.03058245592 0.03058242239 0.006104196887
v 0.02791305631 0.02791302837 0.003517916426
v 0.0296677947 0.02966776304 0.004697538447
v 0.03027930669 0.02023195662 0.003059901297
v 0.03596115857 0.02402844839 0.006104195956
v 0.03282228485 0.02193111554 0.003517916426
v 0.03488563746 0.0233098045 0.004697537981
v 0.033644557 0.01393601298 0.003059901297
v 0.03995788842 0.01655108109 0.006104197353
v 0.03647015989 0.01510641631 0.003517916426
v 0.0387628302 0.0160560701 0.004697537981
v 0.03571685776 0.007104526274 0.003059901297
v 0.04241906106 0.008437669836 0.006104197819
v 0.03871650249 0.007701189257 0.003517916426
v 0.0411503911 0.008185316809 0.004697537981
v 0.03641657904 2.304503477e-09 0.003059901064
v 0.0432500802 2.506548746e-09 0.006104199216
v 0.03947498649 2.38945197e-09 0.003517916426
v 0.0419565551 2.478355521e-09 0.004697538447
v 0.03571685776 -0.007104526274 0.003059901297
v 0.04241906106 -0.008437669836 0.006104197819
v 0.03871650249 -0.007701189257 0.003517916426
v 0.0411503911 -0.008185316809 0.004697537981
v 0.033644557 -0.01393601391 0.003059901297
v 0.03995788842 -0.01655108109 0.006104196887
v 0.03647015989 -0.01510641631 0.003517916426
v 0.0387628302 -0.0160560701 0.004697537981
v 0.03027930669 -0.02023195662 0.003059901297
v 0.03596115857 -0.02402844839 0.006104195956
v 0.03282228485 -0.02193111554 0.003517916426
v 0.03488563746 -0.0233098045 0.004697538447
v 0.02575043403 -0.02575040422 0.003059901064
v 0.03058245592 -0.03058242239 0.006104197353
v 0.02791305631 -0.02791302837 0.003517916892
v 0.0296677947 -0.02966776304 0.004697538447
v 0.02023198642 -0.03027927689 0.003059901064
v 0.02402847819 -0.03596112877 0.006104196887
v 0.02193115093 -0.03282225877 0.003517916426
v 0.02330983616 -0.03488560766 0.004697537981
v 0.01393604279 -0.0336445272 0.003059901064
v 0.01655110903 -0.03995786235 0.006104195956
v 0.01510644797 -0.03647013754 0.003517916892
v 0.01605610177 -0.03876280785 0.004697538447
v 0.007104573306 -0.03571682423 0.003059901297
v 0.008437718265 -0.04241903126 0.006104197353
v 0.007701236755 -0.03871647641 0.003517916426
v 0.008185366169 -0.0411503613 0.004697538447
v -0.00555112306 -0.05636195838 0.05473347753
v -0.00983733125 -0.04945585877 0.03174465522
v -0.01644013822 -0.054196015 0.05473347753
v -0.01929668337 -0.04658641294 0.03174465522
v -0.02669736743 -0.04994734004 0.05473347753
v -0.02801445872 -0.04192666337 0.0317446515
v -0.03592863679 -0.04377920553 0.05473347753
v -0.03565565869 -0.03565569595 0.03174465522
v -0.04377912357 -0.03592867032 0.05473347753
v -0.04192654043 -0.02801449224 0.0317446515
v -0.04994721338 -0.02669739537 0.05473347753
v -0.04658629745 -0.01929670386 0.0317446515
v -0.05419594795 -0.01644016057 0.05473347753
v -0.0494575128 -0.009829711169 0.03174514323
v -0.05636468157 -0.005531041417 0.0544780232
v -0.0504257828 2.937710297e-09 0.03144984692
v -0.05636468157 0.005531044677 0.0544780232
v -0.0494575128 0.009829711169 0.03174514323
v -0.05419594795 0.01644016057 0.05473347753
v -0.04658629745 0.01929670386 0.0317446515
v -0.04994721338 0.02669739537 0.05473347753
v -0.04192654043 0.02801449224 0.0317446515
v -0.04377912357 0.03592867032 0.05473347753
v -0.03565565869 0.03565569595 0.03174465522
v -0.03592863679 0.04377920553 0.05473347753
v -0.02801445872 0.04192666337 0.0317446515
v -0.02669736743 0.04994734004 0.05473347753
v -0.01929668337 0.04658641294 0.03174465522
v -0.01644013822 0.054196015 0.05473347753
v -0.00983733125 0.04945585877 0.03174465522
v -0.005551122595 0.05636195838 0.05473347753
v 4.649788465e-08 0.05042473599 0.0317446515
v 0.00555122178 0.05636195838 0.05473347753
v 0.009837432764 0.04945585877 0.03174465522
v 0.01644021273 0.05419601873 0.05473347753
v 0.01929673925 0.04658641294 0.0317446515
v 0.02669742331 0.04994734004 0.05473347753
v 0.02801451832 0.04192666337 0.0317446515
v 0.03592868894 0.04377920553 0.05473347753
v 0.0356557183 0.03565568849 0.0317446515
v 0.04377923533 0.03592865914 0.05473347753
v 0.04192669317 0.02801448852 0.0317446515
v 0.04994736984 0.02669739537 0.05473347753
v 0.04658643529 0.01929671131 0.0317446515
v 0.05419604108 0.01644017547 0.05473347753
v 0.04945588484 0.009837381542 0.0317446515
v 0.05636198074 0.005551173817 0.05473347753
v 0.0504247658 2.923457032e-09 0.0317446515
v 0.05636198074 -0.005551170558 0.05473347753
v 0.04945588484 -0.009837381542 0.0317446515
v 0.05419604108 -0.01644017547 0.05473347753
v 0.04658643529 -0.01929671131 0.0317446515
v 0.04994736984 -0.02669739537 0.05473347753
v 0.04192669317 -0.02801448852 0.0317446515
v 0.04377923533 -0.03592865914 0.05473347753
v 0.0356557183 -0.03565568849 0.0317446515
v 0.03592868894 -0.04377920553 0.05473347753
v 0.02801451832 -0.04192666337 0.0317446515
v 0.02669742331 -0.04994734004 0.05473347753
v 0.01929673925 -0.04658641294 0.0317446515
v 0.01644021273 -0.05419601873 0.05473347753
v 0.009837432764 -0.04945585877 0.0317446515
v 0.005551222712 -0.05636195838 0.05473347753
v -0.00296505983 -0.03010514006 0.002480879426
v -0.008781318553 -0.02894822694 0.002480879659
v -0.01426010486 -0.02667884529 0.002480879659
v -0.01919087209 -0.02338421345 0.002480879426
v -0.02338411286 -0.01919094287 0.002480879426
v -0.02667874657 -0.01426012907 0.002480879659
v -0.02894817293 -0.008781308308 0.002480879659
v -0.03010511026 -0.00296508614 0.002480879659
v -0.03010511026 0.002965088235 0.002480879426
v -0.02894817293 0.008781308308 0.002480879659
v -0.02667874657 0.01426013093 0.002480879659
v -0.02338411473 0.01919094287 0.002480879426
v -0.01919087209 0.02338421345 0.002480879426
v -0.01426010486 0.02667884529 0.002480879659
v -0.008781318553 0.02894822694 0.002480879659
v -0.002965060063 0.03010514006 0.002480879426
v 0.002965151565 0.03010514006 0.002480879426
v 0.008781391196 0.02894822694 0.002480879659
v 0.01426016446 0.02667884715 0.002480879426
v 0.01919094473 0.02338420227 0.002480879426
v 0.0233842358 0.01919091307 0.002480879659
v 0.02667887509 0.01426013373 0.002480879426
v 0.02894825861 0.00878135208 0.002480879426
v 0.03010517731 0.002965106629 0.002480879892
v 0.03010517731 -0.002965104533 0.002480879892
v 0.02894825861 -0.008781353012 0.002480879426
v 0.02667887509 -0.01426013466 0.002480879659
v 0.0233842358 -0.01919091307 0.002480879659
v 0.01919094473 -0.02338420227 0.002480879426
v 0.01426016446 -0.02667884715 0.002480879426
v 0.008781391196 -0.02894822694 0.002480879659
v 0.002965151332 -0.03010514006 0.002480879426
v -0.003080495866 -0.03127721325 0.002480879426
v -0.009123197757 -0.03007525392 0.002480879659
v -0.01481528766 -0.02771752141 0.002480879659
v -0.0199380219 -0.02429462224 0.002480879659
v -0.02429452538 -0.01993808337 0.002480879659
v -0.02771742083 -0.01481531188 0.002480879659
v -0.03007527441 -0.009123223834 0.002480802126
v -0.03127718717 -0.003080516588 0.002480879659
v -0.03127718344 0.003080519848 0.002480879426
v -0.03007527255 0.009123222902 0.002480802126
v -0.02771742083 0.01481531281 0.002480879426
v -0.02429452538 0.01993808523 0.002480879659
v -0.0199380219 0.02429462224 0.002480879659
v -0.01481528766 0.02771752141 0.002480879659
v -0.009123197757 0.03007525392 0.002480879659
v -0.003080496099 0.03127721325 0.002480879426
v 0.003080586903 0.03127721325 0.002480879426
v 0.009123271331 0.03007525392 0.002480879659
v 0.01481539756 0.02771761827 0.002480769763
v 0.0199380964 0.02429461107 0.002480879426
v 0.02429464087 0.0199380666 0.002480879659
v 0.02771755122 0.01481531654 0.002480879659
v 0.03007528372 0.009123234078 0.002480879659
v 0.03127724305 0.003080542199 0.002480879426
v 0.03127724305 -0.003080539871 0.002480879426
v 0.03007535823 -0.009123257361 0.002480802126
v 0.02771762013 -0.01481535379 0.002480802126
v 0.02429464087 -0.0199380666 0.002480879659
v 0.0199380964 -0.02429461107 0.002480879426
v 0.01481539756 -0.02771761827 0.002480769763
v 0.009123271331 -0.03007525392 0.002480879659
v 0.00308058667 -0.03127721325 0.002480879426
v -0.0227401983 0.02274026908 0.0006168496329
v 0.02924532443 0.005817260593 0.0006168496329
v -0.02673960105 0.01786692254 0.0006168496329
v 0.02754849941 0.01141094603 0.0006168496329
v -0.02971149236 0.01230689976 0.0006168496329
v 0.02479300275 0.01656612381 0.0006168496329
v -0.03154160082 0.006273993291 0.0006168496329
v 0.02108471654 0.02108468115 0.0006168496329
v -0.03215952963 3.497969914e-09 0.0006168496329
v 0.01656615548 0.02479297481 0.0006168496329
v -0.03154160455 -0.006273993757 0.0006168496329
v 0.01141097769 0.02754847147 0.0006168496329
v -0.02971149236 -0.01230690069 0.0006168496329
v 0.005817308091 0.02924529091 0.0006168496329
v -0.02673960105 -0.01786692068 0.0006168496329
v 0.00627407711 -0.03154163063 0.0006168496329
v 4.594519609e-08 0.02981822938 0.0006168496329
v -0.0227401983 -0.02274026908 0.0006168496329
v 0.01230696309 -0.02971157432 0.0006168496329
v -0.005817218684 0.02924528904 0.0006168496329
v -0.0178668648 -0.02673971839 0.0006168496329
v 0.01786692813 -0.02673971839 0.0006168496329
v -0.01141092088 0.02754846588 0.0006168496329
v -0.01230690721 -0.02971157432 0.0006168496329
v 0.02274028212 -0.02274025232 0.0006168496329
v -0.01656609215 0.02479297481 0.0006168496329
v 4.601137604e-08 -0.0321595557 0.0006168496329
v -0.00627398584 -0.03154163063 0.0006168496329
v 0.02971160226 -0.01230693515 0.0006168496329
v 0.02673974819 -0.01786689647 0.0006168496329
v -0.02108462714 0.02108470909 0.0006168496329
v -0.02479285561 0.01656615548 0.0006168496329
v -0.002965060063 -0.03010514006 0.001581246965
v -0.008781318553 -0.02894822508 0.001581246615
v -0.01426010486 -0.02667884529 0.001581246732
v -0.01919087209 -0.02338421345 0.001581246848
v -0.02338411286 -0.01919094287 0.001581246848
v -0.02667874657 -0.01426013 0.001581246848
v -0.02894817293 -0.008781308308 0.001581246615
v -0.03010511026 -0.00296508614 0.001581246615
v -0.03010511026 0.002965088235 0.001581246615
v -0.02894817293 0.008781308308 0.001581246615
v -0.02667874657 0.01426013093 0.001581246848
v -0.02338411473 0.01919094287 0.001581246965
v -0.01919087209 0.02338421345 0.001581246848
v -0.01426010486 0.02667884529 0.001581246732
v -0.008781318553 0.02894822508 0.001581246615
v -0.002965060063 0.03010514006 0.001581246965
v 0.002965151798 0.03010514006 0.001581246965
v 0.008781391196 0.02894822694 0.001581246848
v 0.01426016446 0.02667884715 0.001581246732
v 0.01919094473 0.02338420227 0.001581246732
v 0.0233842358 0.0191909112 0.001581246615
v 0.02667887509 0.01426013373 0.001581246615
v 0.02894825861 0.00878135208 0.001581246732
v 0.03010517731 0.002965106629 0.001581246499
v 0.03010517731 -0.002965104533 0.001581246499
v 0.02894825861 -0.008781353012 0.001581246615
v 0.02667887509 -0.01426013466 0.001581246615
v 0.0233842358 -0.0191909112 0.001581246615
v 0.01919094473 -0.02338420227 0.001581246732
v 0.01426016446 -0.02667884715 0.001581246732
v 0.008781391196 -0.02894822694 0.001581246848
v 0.002965151332 -0.03010514006 0.001581246965
v -0.003080495866 -0.03127721325 0.001581246615
v -0.009123197757 -0.03007525392 0.001581246848
v -0.01481528766 -0.02771752141 0.001581246732
v -0.0199380219 -0.02429462224 0.001581246848
v -0.02429452538 -0.01993808337 0.001581246732
v -0.02771742083 -0.01481531188 0.001581246615
v -0.0300751999 -0.009123201482 0.001581246732
v -0.03127718717 -0.003080516588 0.001581246965
v -0.03127718344 0.003080519848 0.001581246615
v -0.0300751999 0.009123200551 0.001581246732
v -0.02771742083 0.01481531281 0.001581246615
v -0.02429452538 0.01993808523 0.001581246615
v -0.0199380219 0.02429462224 0.001581246848
v -0.01481528766 0.02771752141 0.001581246732
v -0.009123197757 0.03007525392 0.001581246848
v -0.003080496099 0.03127721325 0.001581246615
v 0.003080586903 0.03127721325 0.001581246615
v 0.009123271331 0.03007525392 0.001581246615
v 0.01481534634 0.02771752141 0.001581246615
v 0.0199380964 0.02429461107 0.001581246732
v 0.02429464087 0.0199380666 0.001581246848
v 0.02771755122 0.01481531654 0.001581246615
v 0.03007528372 0.009123234078 0.001581246732
v 0.03127724305 0.003080542199 0.001581246615
v 0.03127724305 -0.003080539871 0.001581246615
v 0.03007528372 -0.009123234078 0.001581246732
v 0.02771755122 -0.01481531747 0.001581246615
v 0.02429464087 -0.0199380666 0.001581246848
v 0.0199380964 -0.02429461107 0.001581246732
v 0.01481534634 -0.02771752141 0.001581246615
v 0.009123271331 -0.03007525392 0.001581246615
v 0.00308058667 -0.03127721325 0.001581246615
v 4.597352188e-08 -0.0309888944 0.002167033264
v -0.006045601796 -0.0303934589 0.002167033264
v -0.01185891405 -0.0286300201 0.002167033264
v -0.01721647754 -0.0257663466 0.002167033264
v -0.02191241272 -0.02191248909 0.002167033264
v -0.02576622739 -0.01721653715 0.002167033264
v -0.02862994 -0.0118589038 0.002167033264
v -0.03039343283 -0.006045605056 0.002167033264
v -0.03098886274 2.078268446e-09 0.002167033264
v -0.03039343283 0.006045605056 0.002167033264
v -0.02862994 0.0118589038 0.002167033264
v -0.02576622739 0.01721653901 0.002167033264
v -0.02191241272 0.02191248909 0.002167033264
v -0.01721647754 0.0257663466 0.002167033264
v -0.01185891405 0.0286300201 0.002167033264
v -0.006045601796 0.0303934589 0.002167033264
v 4.597352188e-08 0.0309888944 0.002167033264
v 0.0060456926 0.0303934589 0.002167033264
v 0.01185896993 0.02863002196 0.002167033264
v 0.01721654087 0.0257663466 0.002167033264
v 0.02191250026 0.02191246673 0.002167033264
v 0.02576637641 0.01721651107 0.002167033264
v 0.02863005176 0.01185894012 0.002167033264
v 0.03039349243 0.006045646966 0.002167033264
v 0.03098892421 2.078268446e-09 0.002167033264
v 0.03039349243 -0.006045646966 0.002167033264
v 0.02863005176 -0.01185894199 0.002167033264
v 0.02576637641 -0.01721651107 0.002167033264
v 0.02191250026 -0.02191246673 0.002167033264
v 0.01721654087 -0.0257663466 0.002167033264
v 0.01185896993 -0.02863002196 0.002167033264
v 0.0060456926 -0.0303934589 0.002167033264
v 0.0298182629 2.03121453e-09 0.0006168496329
v -0.0178668648 0.02673971839 0.0006168496329
v 0.02924532443 -0.005817261059 0.0006168496329
v -0.01230690721 0.02971157432 0.0006168496329
v 0.02754849941 -0.01141094696 0.0006168496329
v -0.00627398584 0.03154163063 0.0006168496329
v 0.02479300275 -0.01656612381 0.0006168496329
v 4.595472802e-08 -0.02981822938 0.0006168496329
v -0.005817218684 -0.02924528904 0.0006168496329
v 4.601137604e-08 0.0321595557 0.0006168496329
v 0.02108471654 -0.02108468115 0.0006168496329
v -0.01141092088 -0.02754846588 0.0006168496329
v 0.00627407711 0.03154163063 0.0006168496329
v 0.01656615548 -0.02479297481 0.0006168496329
v -0.01656609215 -0.02479297481 0.0006168496329
v 0.01230696309 0.02971157432 0.0006168496329
v 0.01141097769 -0.02754847147 0.0006168496329
v -0.02108462714 -0.02108470909 0.0006168496329
v 0.01786692813 0.02673971839 0.0006168496329
v 0.005817308091 -0.02924529091 0.0006168496329
v -0.02479285561 -0.01656615362 0.0006168496329
v 0.02274028212 0.02274025232 0.0006168496329
v -0.02754838951 -0.01141090691 0.0006168496329
v 0.02673974819 0.01786689647 0.0006168496329
v -0.0292452611 -0.005817218218 0.0006168496329
v 0.02971160226 0.01230693422 0.0006168496329
v -0.02981819585 2.012150002e-09 0.0006168496329
v 0.03154166043 0.00627403101 0.0006168496329
v -0.0292452611 0.005817218218 0.0006168496329
v 0.03215958551 2.139620925e-09 0.0006168496329
v -0.02754838951 0.01141090691 0.0006168496329
v 0.03154166043 -0.006274030544 0.0006168496329
v 4.680281052e-08 -0.05042473599 0.0317446515
v 0.004284167662 -0.04349736869 0.008745729923
v 0.01268775202 -0.04182580113 0.008745731786
v 0.02060376108 -0.03854689002 0.008745733649
v 0.02772799507 -0.03378663212 0.008745731786
v 0.0337866582 -0.02772796154 0.008745731786
v 0.03854691237 -0.02060372941 0.008745731786
v 0.04182583094 -0.01268771384 0.008745730855
v 0.0434973985 -0.004284119699 0.008745731786
v 0.0434973985 0.004284122027 0.008745731786
v 0.04182583094 0.01268771291 0.008745730855
v 0.03854691237 0.02060372941 0.008745732717
v 0.0337866582 0.02772796154 0.008745731786
v 0.02772799507 0.03378663212 0.008745731786
v 0.02060376108 0.03854689002 0.008745733649
v 0.01268775202 0.04182580113 0.008745732717
v 0.004284168128 0.04349736869 0.008745729923
v -0.004284072202 0.04349736869 0.008745729923
v -0.01268767565 0.04182580113 0.008745731786
v -0.02060369775 0.03854689002 0.008745733649
v -0.02772792988 0.03378663212 0.008745732717
v -0.03378655389 0.02772797272 0.008745732717
v -0.03854678199 0.02060372941 0.008745732717
v -0.04182574153 0.01268769894 0.008745730855
v -0.04349854589 0.004276479129 0.008706477471
v -0.04349854589 -0.004276476335 0.008706477471
v -0.04182574153 -0.01268769801 0.008745730855
v -0.03854678199 -0.02060372941 0.008745732717
v -0.03378655389 -0.02772797272 0.008745732717
v -0.02772792988 -0.03378663212 0.008745732717
v -0.02060369775 -0.03854689002 0.008745733649
v -0.01268767565 -0.04182580113 0.008745732717
v -0.004284071736 -0.04349736869 0.008745729923
v -0.008311733603 -0.04178613797 0.005469901953
v -0.004218418151 -0.04283076525 0.006112840027
v 4.595326075e-08 -0.04260475934 0.00546990009
v -0.004093184602 -0.04155924171 0.004706446081
v -0.007951625623 -0.03997574747 0.004162332974
v 4.588927638e-08 -0.04075890034 0.004162332974
v -0.003851651913 -0.03910692036 0.003522442421
v -0.00741853565 -0.03729569912 0.003316633869
v 4.603168691e-08 -0.03802635521 0.003316634102
v -0.003553008894 -0.03607472405 0.003060612362
v -0.01630410738 -0.03936169297 0.005469899625
v -0.01249323506 -0.04118481278 0.006112834904
v -0.01212234702 -0.03996216133 0.004706447013
v -0.01559772901 -0.03765634075 0.00416233344
v -0.01140703261 -0.03760407493 0.003522442654
v -0.01455203071 -0.03513178974 0.003316634102
v -0.01052257698 -0.03468840197 0.003060612362
v -0.02366990969 -0.03542458639 0.005469901022
v -0.02028794214 -0.03795614839 0.006112836301
v -0.01968565397 -0.03682934493 0.004706447478
v -0.02264440618 -0.03388981521 0.004162332974
v -0.01852404326 -0.0346561186 0.003522442188
v -0.02112628333 -0.03161778301 0.003316634102
v -0.01708776131 -0.03196902573 0.003060612362
v -0.03012609296 -0.03012613393 0.005469900556
v -0.02730299532 -0.03326884285 0.006112837233
v -0.02649245039 -0.03228119016 0.004706447013
v -0.02882087231 -0.02882091515 0.004162332974
v -0.02492917888 -0.03037634678 0.003522442421
v -0.02688866295 -0.02688871697 0.003316634102
v -0.02299626358 -0.02802108973 0.003060612362
v -0.03542447835 -0.02366994694 0.005469899625
v -0.03326876462 -0.02730303258 0.006112837233
v -0.03228111565 -0.02649248764 0.004706446081
v -0.03388970345 -0.0226444453 0.00416233344
v -0.03037626296 -0.02492922544 0.003522442188
v -0.03161766753 -0.0211263299 0.003316633869
v -0.02802100219 -0.02299631946 0.003060612362
v -0.03936159238 -0.01630412787 0.005469901487
v -0.03795604408 -0.02028797194 0.006112836301
v -0.03682924062 -0.01968568377 0.004706447013
v -0.03765624017 -0.01559774484 0.004162332974
v -0.03465601429 -0.0185240712 0.003522442421
v -0.03513169661 -0.01455203816 0.003316634102
v -0.03196892142 -0.01708778739 0.003060612595
v -0.04178687558 -0.008310388774 0.005470433738
v -0.04118475318 -0.01249325927 0.006112838164
v -0.039962098 -0.01212237217 0.004706447478
v -0.03997607529 -0.007951229811 0.004162461497
v -0.03760401532 -0.01140705124 0.003522442421
v -0.03729574755 -0.007418504916 0.003316643415
v -0.03468834609 -0.01052258629 0.003060612595
v -0.04262209311 2.488800943e-09 0.005470426753
v -0.04284153879 -0.004214554559 0.00611254992
v -0.04156585783 -0.004091572016 0.004706765059
v -0.04076663405 2.431999269e-09 0.004161932506
v -0.03910893202 -0.003851337591 0.003522407729
v -0.03802799061 2.350664108e-09 0.003316431772
v -0.03607483208 -0.003553021234 0.003060622606
v -0.04178687558 0.008310388774 0.005470433738
v -0.04284153879 0.004214557353 0.006112550385
v -0.04156585783 0.004091574345 0.004706765059
v -0.03997607529 0.007951229811 0.004162461497
v -0.03910893202 0.003851339919 0.003522407729
v -0.03729574755 0.007418504916 0.003316643415
v -0.03607483208 0.003553023562 0.003060622606
v -0.03936159238 0.01630412787 0.005469901487
v -0.04118475318 0.01249325927 0.006112838164
v -0.039962098 0.01212237217 0.004706447478
v -0.03765624017 0.01559774484 0.004162332974
v -0.03760401532 0.01140705124 0.003522442188
v -0.03513169661 0.01455203816 0.003316634102
v -0.03468834609 0.01052258629 0.003060612595
v -0.03542447835 0.02366994694 0.005469901022
v -0.03795604408 0.02028797194 0.006112836767
v -0.03682924062 0.01968568377 0.004706447013
v -0.03388969973 0.0226444453 0.004162332974
v -0.03465601429 0.0185240712 0.003522442421
v -0.03161766753 0.0211263299 0.003316634102
v -0.03196892142 0.01708778739 0.003060612595
v -0.03012609296 0.03012613393 0.005469901022
v -0.03326876462 0.02730303444 0.006112837698
v -0.03228111193 0.02649248764 0.004706447013
v -0.02882087231 0.02882091515 0.004162332974
v -0.03037626296 0.02492922544 0.003522442188
v -0.02688866295 0.02688871697 0.003316634102
v -0.02802100033 0.02299631946 0.003060612362
v -0.02366990969 0.03542458639 0.005469900556
v -0.02730299346 0.03326884285 0.006112836301
v -0.02649245039 0.03228119016 0.004706447478
v -0.02264440618 0.03388981521 0.004162332974
v -0.02492917702 0.03037634678 0.003522442421
v -0.02112628333 0.03161778301 0.003316634102
v -0.02299626358 0.02802108973 0.003060612362
v -0.01630410925 0.03936169297 0.005469901487
v -0.02028794214 0.03795614839 0.006112835836
v -0.01968565583 0.03682934493 0.004706447944
v -0.01559773088 0.03765633702 0.00416233344
v -0.01852404326 0.0346561186 0.003522442421
v -0.01455203071 0.03513178974 0.003316634102
v -0.01708776131 0.03196902573 0.003060612362
v -0.008311732672 0.04178613424 0.005469901022
v -0.01249323506 0.04118481278 0.006112834904
v -0.01212234888 0.03996216133 0.004706447944
v -0.007951625623 0.03997574747 0.004162333906
v -0.01140703261 0.0376040712 0.003522442421
v -0.00741853565 0.03729569912 0.003316634102
v -0.01052257698 0.03468840197 0.003060612362
v 4.594137337e-08 0.04260475934 0.00546990009
v -0.004218417685 0.04283076525 0.006112840958
v -0.004093185067 0.04155924171 0.004706446547
v 4.596761372e-08 0.04075890034 0.004162332509
v -0.003851652378 0.03910692036 0.003522442421
v 4.6029907e-08 0.03802635521 0.003316634102
v -0.003553008894 0.03607472405 0.003060612362
v 0.008311828598 0.04178613797 0.00546990335
v 0.004218512215 0.04283076525 0.006112840027
v 0.004093278665 0.04155924171 0.004706447013
v 0.007951719686 0.03997574374 0.004162332974
v 0.00385174551 0.03910692036 0.003522442421
v 0.007418628782 0.03729569912 0.003316634102
v 0.003553101327 0.03607472405 0.003060612362
v 0.01630416699 0.03936169297 0.005469900556
v 0.0124933105 0.04118481278 0.006112835836
v 0.01212242525 0.03996216133 0.004706447013
v 0.01559778769 0.03765634075 0.004162332974
v 0.01140710805 0.03760407493 0.003522442421
v 0.01455208752 0.03513179347 0.003316634102
v 0.01052265242 0.03468840197 0.003060612362
v 0.02366997115 0.03542458639 0.005469901022
v 0.02028800361 0.03795614839 0.006112837233
v 0.01968571544 0.03682934493 0.004706447013
v 0.02264446765 0.03388981521 0.004162332509
v 0.01852410287 0.03465612605 0.003522442188
v 0.02112634666 0.03161778301 0.003316634102
v 0.01708782092 0.03196902573 0.003060612362
v 0.03012616187 0.03012613021 0.005469902419
v 0.02730305865 0.03326883912 0.006112836767
v 0.02649250999 0.03228119016 0.004706447478
v 0.02882093936 0.02882090956 0.004162332974
v 0.02492924221 0.03037634492 0.003522442421
v 0.02688873746 0.02688870952 0.003316634102
v 0.02299633436 0.02802108414 0.003060612362
v 0.03542461619 0.02366993949 0.005469901487
v 0.03326887637 0.02730302513 0.006112838164
v 0.03228121996 0.02649248019 0.004706447478
v 0.03388984501 0.02264443599 0.00416233344
v 0.03037636913 0.02492921054 0.003522442421
v 0.03161781281 0.02112631314 0.003316633869
v 0.02802111395 0.02299630456 0.003060612362
v 0.03936171532 0.01630413719 0.005469901022
v 0.03795617819 0.02028797381 0.006112836767
v 0.03682937473 0.01968568191 0.004706447013
v 0.0376563631 0.01559775788 0.004162332974
v 0.0346561484 0.0185240712 0.003522442188
v 0.03513182327 0.01455205865 0.003316634102
v 0.03196905553 0.01708779298 0.003060612362
v 0.04178616777 0.008311779238 0.005469901022
v 0.04118483886 0.01249327324 0.006112839095
v 0.03996218741 0.0121223852 0.004706447013
v 0.03997577354 0.007951671258 0.004162332974
v 0.037604101 0.01140706986 0.003522442188
v 0.03729573265 0.00741858175 0.003316634102
v 0.03468843549 0.01052261423 0.003060612595
v 0.04260478169 2.485936346e-09 0.005469900556
v 0.04283079132 0.004218467046 0.006112839561
v 0.04155927524 0.00409323303 0.004706447013
v 0.0407589227 2.431999491e-09 0.004162332974
v 0.03910694644 0.003851700574 0.003522442188
v 0.03802638128 2.347106287e-09 0.003316634102
v 0.03607475385 0.003553056158 0.003060612362
v 0.04178616777 -0.008311779238 0.005469900556
v 0.04283079132 -0.004218464717 0.006112839095
v 0.04155927151 -0.004093230702 0.004706447013
v 0.03997577354 -0.007951671258 0.004162332974
v 0.03910694644 -0.003851698246 0.003522442188
v 0.03729573265 -0.00741858175 0.003316633869
v 0.03607475385 -0.00355305383 0.003060612362
v 0.03936171532 -0.01630413719 0.005469900556
v 0.04118483886 -0.01249327324 0.006112839095
v 0.03996218741 -0.0121223852 0.004706447013
v 0.0376563631 -0.01559775788 0.004162332974
v 0.037604101 -0.01140706986 0.003522442188
v 0.03513182327 -0.01455205958 0.003316634102
v 0.03468843549 -0.01052261423 0.003060612362
v 0.03542461619 -0.02366993949 0.005469901487
v 0.03795617819 -0.02028797194 0.006112836301
v 0.03682937473 -0.01968568191 0.004706447013
v 0.03388984501 -0.02264443599 0.00416233344
v 0.0346561484 -0.0185240712 0.003522442188
v 0.03161781281 -0.02112631314 0.003316633869
v 0.03196905553 -0.01708779298 0.003060612362
v 0.03012616187 -0.03012613021 0.005469902419
v 0.03326887265 -0.02730302513 0.006112837233
v 0.03228121996 -0.02649248019 0.004706447013
v 0.02882093936 -0.02882090956 0.00416233344
v 0.03037636913 -0.02492921054 0.003522442421
v 0.02688873746 -0.02688870952 0.003316634102
v 0.02802111395 -0.02299630456 0.003060612362
v 0.02366997115 -0.03542458639 0.005469900556
v 0.02730305865 -0.03326884285 0.006112837698
v 0.02649250999 -0.03228119016 0.004706447478
v 0.02264446765 -0.03388981521 0.004162332043
v 0.02492924221 -0.03037634492 0.003522442421
v 0.02112634666 -0.03161778301 0.003316634102
v 0.02299633436 -0.02802108414 0.003060612362
v 0.01630416699 -0.03936169297 0.005469900556
v 0.02028800361 -0.03795614839 0.006112838164
v 0.01968571544 -0.03682934493 0.004706447013
v 0.01559778955 -0.03765634075 0.004162332974
v 0.01852410473 -0.03465612605 0.003522442188
v 0.01455208845 -0.03513179347 0.003316634335
v 0.01708782092 -0.03196902573 0.003060612595
v 0.008311828598 -0.04178613797 0.005469901953
v 0.01249331143 -0.04118481278 0.006112836301
v 0.01212242525 -0.03996216133 0.004706447478
v 0.007951719686 -0.03997574374 0.004162332974
v 0.01140710898 -0.03760407493 0.003522442654
v 0.007418628782 -0.03729569912 0.003316634102
v 0.01052265242 -0.03468840197 0.003060612595
v 0.00421851268 -0.04283076525 0.006112840027
v 0.004093278199 -0.04155924171 0.004706447013
v 0.003851745045 -0.03910692036 0.003522442421
v 0.003553101327 -0.03607472405 0.003060612362
v 4.601147552e-08 -0.0341995731 0.003066666191
v -0.00667197071 -0.03354244679 0.003066666191
v -0.008487463929 -0.04266960174 0.007215870544
v -0.01664881781 -0.04019389674 0.007215872873
v -0.01308758557 -0.03159629926 0.003066666191
v 4.612991944e-08 -0.04350553825 0.007215872873
v 0.008487560786 -0.04266960174 0.00721587101
v 0.006672062445 -0.03354244679 0.003066666191
v -0.02417035401 -0.03617355973 0.007215872407
v -0.01900023594 -0.02843592688 0.003066666191
v -0.03076303937 -0.03076307848 0.007215873338
v -0.0241827108 -0.02418277785 0.003066666191
v -0.03617344797 -0.02417039126 0.007215871476
v -0.0284358114 -0.0190002881 0.003066666191
v -0.04019379988 -0.01664884016 0.00721587101
v -0.03159621358 -0.01308758371 0.003066666191
v -0.04267007113 -0.0084852539 0.007216025144
v -0.03354241699 -0.006671983749 0.003066666191
v -0.04351532832 2.560934131e-09 0.007174279075
v -0.0341995433 2.199430416e-09 0.003066666191
v -0.04267007113 0.0084852539 0.007216025144
v -0.03354241699 0.006671983749 0.003066666191
v -0.04019379988 0.01664884016 0.00721587101
v -0.03159621358 0.01308758371 0.003066666191
v -0.03617344797 0.02417039126 0.007215871941
v -0.0284358114 0.0190002881 0.003066666191
v -0.03076303937 0.03076307848 0.007215872873
v -0.0241827108 0.02418277785 0.003066666191
v -0.02417035401 0.03617355973 0.007215872407
v -0.01900023594 0.02843592688 0.003066666191
v -0.01664881781 0.04019389674 0.007215872873
v -0.01308758557 0.03159629926 0.003066666191
v -0.008487463929 0.04266960174 0.007215869147
v -0.00667197071 0.03354244679 0.003066666191
v 4.61489762e-08 0.04350553825 0.007215872407
v 4.601147552e-08 0.0341995731 0.003066666191
v 0.008487560786 0.04266960174 0.007215870544
v 0.006672062445 0.03354244679 0.003066666191
v 0.01664887741 0.04019389674 0.007215872873
v 0.01308764145 0.03159630299 0.003066666191
v 0.02417041734 0.03617355973 0.007215873338
v 0.01900029927 0.02843592688 0.003066666191
v 0.03076311015 0.03076307476 0.00721587101
v 0.02418279275 0.02418275923 0.003066666191
v 0.03617358208 0.02417038754 0.007215871476
v 0.02843595669 0.01900026761 0.003066666191
v 0.04019392654 0.01664884761 0.007215871476
v 0.03159633279 0.01308761165 0.003066666191
v 0.04266963527 0.008487512358 0.007215872873
v 0.03354247659 0.006672015879 0.003066666191
v 0.04350556433 2.52233523e-09 0.007215873804
v 0.0341996029 2.199430416e-09 0.003066666191
v 0.04266963527 -0.008487512358 0.007215872407
v 0.03354247659 -0.006672015879 0.003066666191
v 0.04019392654 -0.01664884761 0.00721587101
v 0.03159633279 -0.01308761351 0.003066666191
v 0.03617358208 -0.02417038754 0.00721587101
v 0.02843595669 -0.01900026761 0.003066666191
v 0.03076311015 -0.03076307476 0.00721587101
v 0.02418279275 -0.02418275923 0.003066666191
v 0.02417041734 -0.03617355973 0.00721587427
v 0.01900029927 -0.02843592688 0.003066666191
v 0.01664887741 -0.04019389674 0.007215873338
v 0.01308764145 -0.03159630299 0.003066666191
v 0.009879852645 -0.03256937116 0.003066666191
v 0.01256533246 -0.04142223671 0.007213485427
v 0.0160439685 -0.03001611494 0.003066666191
v 0.02040496282 -0.03817496449 0.007213490084
v 0.02159154601 -0.02630934305 0.003066666191
v 0.02746045776 -0.03346063569 0.00721348729
v 0.02630937472 -0.02159151435 0.003066666191
v 0.03346066177 -0.02746042423 0.00721348403
v 0.03001614287 -0.01604394056 0.003066666191
v 0.03817498684 -0.02040493116 0.007213485427
v 0.03256940469 -0.009879814461 0.003066666191
v 0.04142227024 -0.01256529428 0.007213486359
v 0.03387103975 -0.003336006775 0.003066666191
v 0.04307771102 -0.004242783878 0.007213487756
v 0.03387103975 0.003336009104 0.003066666191
v 0.04307771102 0.004242786206 0.007213487756
v 0.03256940469 0.009879814461 0.003066666191
v 0.04142227024 0.01256529428 0.007213486824
v 0.03001614287 0.01604394056 0.003066666191
v 0.03817498684 0.02040493116 0.007213485427
v 0.02630937472 0.02159151435 0.003066666191
v 0.03346066177 0.02746042423 0.007213484962
v 0.02159154601 0.02630934305 0.003066666191
v 0.02746045776 0.03346063197 0.007213486359
v 0.0160439685 0.03001611494 0.003066666191
v 0.02040496282 0.03817496449 0.007213488221
v 0.009879852645 0.03256937116 0.003066666191
v 0.0125653334 0.04142223671 0.007213485427
v 0.003336054273 0.03387100622 0.003066666191
v 0.004242831841 0.04307768121 0.007213485427
v -0.003335962305 0.03387100622 0.003066666191
v -0.004242736381 0.04307768121 0.007213484962
v -0.009879777208 0.03256937116 0.003066666191
v -0.0125652561 0.04142223299 0.00721348403
v -0.01604390889 0.03001611307 0.003066666191
v -0.02040489949 0.03817496449 0.007213488221
v -0.02159147337 0.02630935237 0.003066666191
v -0.0274603907 0.03346063569 0.007213485893
v -0.02630925924 0.02159153298 0.003066666191
v -0.03346055374 0.02746043354 0.007213486359
v -0.03001601249 0.01604393497 0.003066666191
v -0.03817485645 0.02040493116 0.007213485893
v -0.03256931901 0.009879783727 0.003066666191
v -0.04142218083 0.01256527938 0.007213484496
v -0.03387098014 0.003335992806 0.003066666191
v -0.04308305308 0.004238232039 0.007192839868
v -0.03387098014 -0.00333599071 0.003066666191
v -0.04308305308 -0.004238229245 0.007192839868
v -0.03256931901 -0.009879783727 0.003066666191
v -0.04142218083 -0.01256527938 0.007213484496
v -0.03001601249 -0.01604393497 0.003066666191
v -0.03817485645 -0.02040493116 0.007213485893
v -0.0263092611 -0.02159153298 0.003066666191
v -0.03346055374 -0.02746043354 0.007213486824
v -0.02159147337 -0.02630935237 0.003066666191
v -0.02746039256 -0.03346063569 0.007213486359
v -0.01604390889 -0.03001611307 0.003066666191
v -0.02040489949 -0.03817496076 0.00721348729
v 0.003336054273 -0.03387100622 0.003066666191
v 0.004242831375 -0.04307768121 0.007213486359
v -0.004242735915 -0.04307768121 0.007213485893
v -0.009879777208 -0.03256937116 0.003066666191
v -0.0125652561 -0.04142223671 0.007213484496
v -0.003335962072 -0.03387100622 0.003066666191
v 0.003709049197 -0.03765809909 0.003316405928
v 0.003975137603 -0.04035974294 0.004160672426
v 0.004154923372 -0.04218512774 0.005466328468
v 0.0109845046 -0.03621093184 0.003316405928
v 0.01177254319 -0.03880875558 0.004160673358
v 0.01230498869 -0.04056399316 0.005466327537
v 0.01783782989 -0.03337219357 0.003316405928
v 0.01911753602 -0.03576635942 0.004160672426
v 0.01998218149 -0.03738399595 0.005466327071
v 0.02400567383 -0.02925097197 0.003316405928
v 0.02572787181 -0.03134947643 0.004160672426
v 0.02689149044 -0.03276734799 0.005466328934
v 0.02925099805 -0.02400564402 0.003316405928
v 0.0313495025 -0.02572784014 0.004160673358
v 0.03276737779 -0.02689145878 0.005466328934
v 0.03337222338 -0.01783780009 0.003316405928
v 0.0357663855 -0.01911750436 0.004160672892
v 0.03738402575 -0.01998215169 0.005466327071
v 0.03621096164 -0.01098446641 0.003316405928
v 0.03880877793 -0.01177250408 0.004160672426
v 0.04056401551 -0.01230494864 0.005466327071
v 0.03765812516 -0.003709001932 0.003316405928
v 0.04035976902 -0.003975089639 0.004160672892
v 0.04218515754 -0.004154874943 0.005466327071
v 0.03765812516 0.003709004261 0.003316405928
v 0.04035976902 0.003975092433 0.004160672892
v 0.04218515754 0.004154877737 0.005466327537
v 0.03621096164 0.01098446641 0.003316405928
v 0.03880877793 0.01177250408 0.004160672426
v 0.04056401551 0.01230494864 0.005466327071
v 0.03337222338 0.01783780009 0.003316405928
v 0.0357663855 0.01911750436 0.004160672892
v 0.03738402575 0.01998215169 0.005466328003
v 0.02925099805 0.02400564402 0.003316405928
v 0.0313495025 0.02572784014 0.004160673358
v 0.03276737779 0.02689145878 0.005466328934
v 0.02400567383 0.02925097197 0.003316405928
v 0.02572787181 0.03134947643 0.004160672426
v 0.02689149044 0.03276734799 0.005466328003
v 0.01783782989 0.03337219357 0.003316405928
v 0.01911753789 0.03576635942 0.004160672426
v 0.01998218149 0.03738399595 0.005466327071
v 0.0109845046 0.03621093184 0.003316405928
v 0.01177254319 0.03880875558 0.004160672892
v 0.01230498869 0.04056399316 0.005466327537
v 0.003709049663 0.03765809909 0.003316405928
v 0.003975137603 0.04035974294 0.004160672426
v 0.004154923372 0.04218512774 0.005466329399
v -0.003708956763 0.03765809909 0.003316405928
v -0.00397504447 0.04035974294 0.004160672892
v -0.004154828843 0.04218512774 0.005466328468
v -0.01098442823 0.03621092811 0.003316405928
v -0.01177246682 0.03880875185 0.004160673358
v -0.01230491232 0.04056399316 0.005466327537
v -0.01783777028 0.03337219357 0.003316405928
v -0.01911747828 0.03576635569 0.004160673358
v -0.01998212188 0.03738399595 0.005466326606
v -0.02400560677 0.0292509757 0.003316405928
v -0.02572780848 0.03134947643 0.004160672892
v -0.02689142898 0.03276734799 0.005466328468
v -0.02925089002 0.02400565892 0.003316405928
v -0.0313493982 0.02572784945 0.004160672892
v -0.03276726604 0.02689146809 0.005466328003
v -0.03337208927 0.01783779636 0.003316405928
v -0.03576625139 0.01911750622 0.004160672892
v -0.03738389164 0.01998214982 0.005466328003
v -0.03621087223 0.01098444313 0.003316405928
v -0.03880868852 0.01177248824 0.004160672426
v -0.04056393355 0.0123049356 0.005466329399
v -0.03765897453 0.003708898788 0.003316314425
v -0.04036394507 0.00397429103 0.004160605371
v -0.04219453037 0.004152198788 0.005467124749
v -0.03765897453 -0.00370889646 0.003316314425
v -0.04036394507 -0.003974288702 0.004160605371
v -0.04219453037 -0.004152195994 0.005467124749
v -0.03621087223 -0.01098444313 0.003316405928
v -0.03880868852 -0.01177248824 0.004160672426
v -0.04056393355 -0.0123049356 0.005466329399
v -0.03337208927 -0.01783779636 0.003316405928
v -0.03576625139 -0.01911750622 0.004160673358
v -0.03738389164 -0.01998214982 0.005466327537
v -0.02925089002 -0.02400565892 0.003316405928
v -0.0313493982 -0.02572784945 0.004160672892
v -0.03276726976 -0.02689146623 0.00546632614
v -0.02400560677 -0.0292509757 0.003316405928
v -0.02572780848 -0.03134947643 0.004160672892
v -0.02689142898 -0.03276734799 0.005466328003
v -0.01783777028 -0.03337219357 0.003316405928
v -0.01911747828 -0.03576635569 0.004160672892
v -0.01998212002 -0.03738399595 0.005466327537
v -0.01098442823 -0.03621092811 0.003316405928
v -0.01177246589 -0.03880875185 0.004160673358
v -0.01230491139 -0.04056399316 0.005466327071
v -0.003708956297 -0.03765809909 0.003316405928
v -0.003975044005 -0.04035974294 0.004160672892
v -0.004154828843 -0.04218512774 0.005466327071
v -0.00491766911 -0.0499303937 0.03174222633
v -0.01456411928 -0.04801161215 0.03174222633
v -0.02365087718 -0.04424776137 0.03174222633
v -0.0318287462 -0.03878348693 0.03174222633
v -0.03878340498 -0.03182878718 0.03174222633
v -0.04424764216 -0.02365090698 0.03174222633
v -0.04801154509 -0.01456414256 0.03174222633
v -0.04993261024 -0.004902343731 0.03159528971
v -0.04993261024 0.004902346525 0.03159528971
v -0.04801154509 0.01456414256 0.03174222633
v -0.04424764216 0.02365090698 0.03174222633
v -0.03878340498 0.03182878718 0.03174222633
v -0.0318287462 0.03878348693 0.03174222633
v -0.02365087718 0.04424776137 0.03174222633
v -0.01456411835 0.04801161215 0.03174222633
v -0.00491766911 0.0499303937 0.03174222633
v 0.004917766899 0.0499303937 0.03174222633
v 0.01456419658 0.04801161587 0.03174222633
v 0.02365093678 0.04424776137 0.03174222633
v 0.0318288058 0.03878348693 0.03174222633
v 0.03878351673 0.031828776 0.03174222633
v 0.04424778745 0.02365090884 0.03174222633
v 0.04801163822 0.01456415839 0.03174222633
v 0.0499304235 0.004917719401 0.03174222633
v 0.0499304235 -0.004917717073 0.03174222633
v 0.04801163822 -0.01456415839 0.03174222633
v 0.04424778745 -0.02365090884 0.03174222633
v 0.03878351673 -0.031828776 0.03174222633
v 0.0318288058 -0.03878348693 0.03174222633
v 0.02365093678 -0.04424776137 0.03174222633
v 0.01456419658 -0.04801161587 0.03174222633
v 0.004917767365 -0.0499303937 0.03174222633
v 0.03063584678 -0.009293278679 0.0006168496329
v -0.0261621289 0.01398399286 0.0006168496329
v 0.03186020628 -0.003137955908 0.0006168496329
v -0.02838761173 0.008611259982 0.0006168496329
v 0.03186020628 0.003137958236 0.0006168496329
v -0.0295221433 0.002907672198 0.0006168496329
v 0.03063584678 0.009293278679 0.0006168496329
v -0.0295221433 -0.002907670103 0.0006168496329
v 0.02823416889 0.01509145368 0.0006168496329
v -0.02838761173 -0.008611259982 0.0006168496329
v 0.02474745922 0.0203096848 0.0006168496329
v -0.0261621289 -0.01398399193 0.0006168496329
v 0.002907735296 -0.02952217311 0.0006168496329
v 0.0203097146 0.02474742942 0.0006168496329
v -0.02293129265 -0.01881932653 0.0006168496329
v 0.008611346595 -0.02838766389 0.0006168496329
v 0.01509148348 0.02823413908 0.0006168496329
v -0.01881925203 -0.02293139324 0.0006168496329
v 0.01398402639 -0.02616222948 0.0006168496329
v 0.009293315932 0.03063581698 0.0006168496329
v -0.01398396678 -0.02616222762 0.0006168496329
v 0.01881932653 -0.02293138392 0.0006168496329
v 0.00313800294 0.03186017647 0.0006168496329
v -0.008611273952 -0.02838766389 0.0006168496329
v 0.02293141745 -0.01881929301 0.0006168496329
v -0.003137912136 0.03186017647 0.0006168496329
v -0.002907643793 -0.02952217311 0.0006168496329
v 0.02616225742 -0.01398399752 0.0006168496329
v -0.009293241426 0.03063581698 0.0006168496329
v 0.02838769555 -0.008611308411 0.0006168496329
v -0.01509142574 0.02823413908 0.0006168496329
v 0.02952221036 -0.002907688264 0.0006168496329
v 0.003022869118 -0.03069117665 0.002167033264
v 0.008952330798 -0.02951174043 0.002167033264
v 0.0145377554 -0.02719818428 0.002167033264
v 0.01956452057 -0.02383940667 0.002167033264
v 0.02383943833 -0.0195644889 0.002167033264
v 0.02719821408 -0.0145377256 0.002167033264
v 0.0295117721 -0.008952293545 0.002167033264
v 0.03069121018 -0.003022822551 0.002167033264
v 0.03069121018 0.003022824414 0.002167033264
v 0.0295117721 0.008952293545 0.002167033264
v 0.02719821408 0.0145377256 0.002167033264
v 0.02383943833 0.0195644889 0.002167033264
v 0.01956452057 0.02383940667 0.002167033264
v 0.0145377554 0.02719818428 0.002167033264
v 0.008952330798 0.02951174043 0.002167033264
v 0.003022869118 0.03069117665 0.002167033264
v -0.003022778081 0.03069117665 0.002167033264
v -0.008952258155 0.02951174043 0.002167033264
v -0.0145376958 0.02719818428 0.002167033264
v -0.01956444606 0.02383941785 0.002167033264
v -0.02383932099 0.01956451312 0.002167033264
v -0.0271980837 0.01453772187 0.002167033264
v -0.02951168641 0.008952254429 0.002167033264
v -0.03069114685 0.003022803459 0.002167033264
v -0.03069114871 -0.003022801597 0.002167033264
v -0.02951168641 -0.008952254429 0.002167033264
v -0.0271980837 -0.01453772001 0.002167033264
v -0.02383932099 -0.01956451312 0.002167033264
v -0.01956444606 -0.02383941785 0.002167033264
v -0.0145376958 -0.02719818428 0.002167033264
v -0.008952258155 -0.02951174043 0.002167033264
v -0.003022777848 -0.03069117665 0.002167033264
v -0.02293129265 0.01881932653 0.0006168496329
v 0.02823416889 -0.01509145461 0.0006168496329
v -0.003137911903 -0.03186017647 0.0006168496329
v -0.01881925203 0.02293139324 0.0006168496329
v 0.02474745922 -0.0203096848 0.0006168496329
v -0.009293241426 -0.03063581698 0.0006168496329
v -0.01398396678 0.02616222762 0.0006168496329
v 0.0203097146 -0.02474742942 0.0006168496329
v -0.01509142574 -0.02823413908 0.0006168496329
v -0.008611273952 0.02838766389 0.0006168496329
v 0.01509148348 -0.02823413908 0.0006168496329
v -0.02030964009 -0.02474744059 0.0006168496329
v -0.002907644026 0.02952217311 0.0006168496329
v 0.009293315932 -0.03063581698 0.0006168496329
v -0.02474734746 -0.0203096997 0.0006168496329
v 0.002907735528 0.02952217311 0.0006168496329
v 0.003138002707 -0.03186017647 0.0006168496329
v -0.0282340385 -0.01509144995 0.0006168496329
v 0.008611346595 0.02838766389 0.0006168496329
v -0.0306357611 -0.00929325074 0.0006168496329
v 0.01398402639 0.02616222948 0.0006168496329
v -0.03186015412 -0.003137932625 0.0006168496329
v 0.01881932653 0.02293138392 0.0006168496329
v -0.0318601504 0.003137936117 0.0006168496329
v 0.02293141745 0.01881929301 0.0006168496329
v -0.0306357611 0.009293249808 0.0006168496329
v 0.02616225742 0.01398399659 0.0006168496329
v -0.0282340385 0.01509144995 0.0006168496329
v 0.02838769555 0.008611307479 0.0006168496329
v -0.02474734746 0.02030970156 0.0006168496329
v 0.02952221036 0.002907690359 0.0006168496329
v -0.02030964009 0.02474744059 0.0006168496329
v 4.704783052e-08 -0.05884338543 0.05419226736
v 4.598278025e-08 -0.03015955724 0.001066666096
v -0.01147972513 -0.05771275237 0.05419226736
v -0.005883808248 -0.02958005853 0.001066666096
v -0.02251836099 -0.05436423421 0.05419226736
v -0.01154154167 -0.02786381356 0.001066666096
v -0.03269161284 -0.04892651737 0.05419226736
v -0.01675572433 -0.02507677861 0.001066666096
v -0.04160855338 -0.04160857573 0.05419226736
v -0.02132597938 -0.02132606134 0.001066666096
v -0.04892639071 -0.03269163892 0.05419226736
v -0.02507665753 -0.01675578579 0.001066666096
v -0.05436410755 -0.02251838893 0.05419226736
v -0.02786373533 -0.01154152676 0.001066666096
v -0.05771272257 -0.01147977728 0.05419226736
v -0.02958003618 -0.005883806385 0.001066666096
v -0.05884336308 3.354486244e-09 0.05367670953
v -0.0301595293 2.068128779e-09 0.001066666096
v -0.05771272257 0.01147977728 0.05419226736
v -0.02958003245 0.005883806385 0.001066666096
v -0.05436410755 0.02251838893 0.05419226736
v -0.02786373533 0.01154152676 0.001066666096
v -0.04892639071 0.03269163892 0.05419226736
v -0.02507665753 0.01675578766 0.001066666096
v -0.04160855338 0.04160857573 0.05419226736
v -0.02132597938 0.02132606134 0.001066666096
v -0.03269161284 0.04892651737 0.05419226736
v -0.01675572433 0.02507677861 0.001066666096
v -0.02251836099 0.05436423421 0.05419226736
v -0.01154154167 0.02786381356 0.001066666096
v -0.01147972513 0.05771275237 0.05419226736
v -0.005883808248 0.02958005853 0.001066666096
v 4.704783052e-08 0.05884338543 0.05419226736
v 4.598278025e-08 0.03015955724 0.001066666096
v 0.01147982944 0.05771275237 0.05419226736
v 0.00588389812 0.02958005853 0.001066666096
v 0.022518415 0.05436423421 0.05419226736
v 0.01154159661 0.02786381543 0.001066666096
v 0.03269166872 0.04892651737 0.05419226736
v 0.01675578766 0.02507677861 0.001066666096
v 0.04160860181 0.04160857573 0.05419226736
v 0.02132606879 0.02132603899 0.001066666096
v 0.04892654717 0.03269163892 0.05419226736
v 0.02507680841 0.01675575599 0.001066666096
v 0.05436426029 0.02251838893 0.05419226736
v 0.02786384337 0.01154156867 0.001066666096
v 0.05771277472 0.01147977728 0.05419226736
v 0.02958008833 0.005883852951 0.001066666096
v 0.05884341151 3.354486244e-09 0.05419226736
v 0.03015958704 2.068128779e-09 0.001066666096
v 0.05771277472 -0.01147977728 0.05419226736
v 0.02958008833 -0.005883852951 0.001066666096
v 0.05436426029 -0.02251838893 0.05419226736
v 0.02786384337 -0.01154156961 0.001066666096
v 0.04892654717 -0.03269163892 0.05419226736
v 0.02507680841 -0.01675575599 0.001066666096
v 0.04160860181 -0.04160857573 0.05419226736
v 0.02132606879 -0.02132603899 0.001066666096
v 0.03269166872 -0.04892651737 0.05419226736
v 0.01675578766 -0.02507677861 0.001066666096
v 0.022518415 -0.05436423421 0.05419226736
v 0.01154159661 -0.02786381543 0.001066666096
v 0.01147982944 -0.05771275237 0.05419226736
v 0.00588389812 -0.02958005853 0.001066666096
v -0.006207395345 -0.03120686114 0.001066666096
v 4.596425995e-08 -0.03181822971 0.001066666096
v -0.01217628643 -0.02939622663 0.001066666096
v -0.01767723262 -0.0264559146 0.001066666096
v -0.02249884605 -0.02249891683 0.001066666096
v -0.02645579912 -0.0176772885 0.001066666096
v -0.02939614654 -0.01217628084 0.001066666096
v -0.03120683134 -0.006207404193 0.001066666096
v -0.03181819618 2.088408113e-09 0.001066666096
v -0.03120683134 0.006207404193 0.001066666096
v -0.02939614654 0.01217628084 0.001066666096
v -0.02645579912 0.01767729037 0.001066666096
v -0.02249884605 0.02249891683 0.001066666096
v -0.01767723262 0.0264559146 0.001066666096
v -0.01217628643 0.02939622663 0.001066666096
v -0.006207395345 0.03120686114 0.001066666096
v 4.596425995e-08 0.03181822971 0.001066666096
v 0.006207486615 0.03120686114 0.001066666096
v 0.01217634324 0.02939623035 0.001066666096
v 0.01767729595 0.0264559146 0.001066666096
v 0.02249892987 0.02249889448 0.001066666096
v 0.02645594254 0.01767726429 0.001066666096
v 0.02939625829 0.01217631251 0.001066666096
v 0.03120689467 0.006207440514 0.001066666096
v 0.03181826323 2.088408113e-09 0.001066666096
v 0.03120689467 -0.006207440514 0.001066666096
v 0.02939625829 -0.01217631344 0.001066666096
v 0.02645594254 -0.01767726429 0.001066666096
v 0.02249892987 -0.02249889448 0.001066666096
v 0.01767729595 -0.0264559146 0.001066666096
v 0.01217634324 -0.02939623035 0.001066666096
v 0.006207486615 -0.03120686114 0.001066666096
v -0.006207395345 -0.03120686114 0.0001670331694
v 4.596425995e-08 -0.03181822971 0.0001670331694
v -0.01217628643 -0.02939622663 0.0001670331694
v -0.01767723262 -0.0264559146 0.0001670331694
v -0.02249884605 -0.02249891683 0.0001670331694
v -0.02645579912 -0.0176772885 0.0001670331694
v -0.02939614654 -0.01217628084 0.0001670331694
v -0.03120683134 -0.006207404193 0.0001670331694
v -0.03181819618 2.088408113e-09 0.0001670331694
v -0.03120683134 0.006207404193 0.0001670331694
v -0.02939614654 0.01217628084 0.0001670331694
v -0.02645579912 0.01767729037 0.0001670331694
v -0.02249884605 0.02249891683 0.0001670331694
v -0.01767723262 0.0264559146 0.0001670331694
v -0.01217628643 0.02939622663 0.0001670331694
v -0.006207395345 0.03120686114 0.0001670331694
v 4.596425995e-08 0.03181822971 0.0001670331694
v 0.006207486615 0.03120686114 0.0001670331694
v 0.01217634324 0.02939623035 0.0001670331694
v 0.01767729595 0.0264559146 0.0001670331694
v 0.02249892987 0.02249889448 0.0001670331694
v 0.02645594254 0.01767726429 0.0001670331694
v 0.02939625829 0.01217631251 0.0001670331694
v 0.03120689467 0.006207440514 0.0001670331694
v 0.03181826323 2.088408113e-09 0.0001670331694
v 0.03120689467 -0.006207440514 0.0001670331694
v 0.02939625829 -0.01217631344 0.0001670331694
v 0.02645594254 -0.01767726429 0.0001670331694
v 0.02249892987 -0.02249889448 0.0001670331694
v 0.01767729595 -0.0264559146 0.0001670331694
v 0.01217634324 -0.02939623035 0.0001670331694
v 0.006207486615 -0.03120686114 0.0001670331694
v -0.005883808248 -0.02958005853 0.0001670331694
v 4.598278025e-08 -0.03015955724 0.0001670331694
v -0.01154154167 -0.02786381356 0.0001670331694
v -0.01675572433 -0.02507677861 0.0001670331694
v -0.02132597938 -0.02132606134 0.0001670331694
v -0.02507665753 -0.01675578579 0.0001670331694
v -0.02786373533 -0.01154152676 0.0001670331694
v -0.02958003618 -0.005883806385 0.0001670331694
v -0.0301595293 2.068128779e-09 0.0001670331694
v -0.02958003245 0.005883806385 0.0001670331694
v -0.02786373533 0.01154152676 0.0001670331694
v -0.02507665753 0.01675578766 0.0001670331694
v -0.02132597938 0.02132606134 0.0001670331694
v -0.01675572433 0.02507677861 0.0001670331694
v -0.01154154167 0.02786381356 0.0001670331694
v -0.005883808248 0.02958005853 0.0001670331694
v 4.598278025e-08 0.03015955724 0.0001670331694
v 0.00588389812 0.02958005853 0.0001670331694
v 0.01154159661 0.02786381543 0.0001670331694
v 0.01675578766 0.02507677861 0.0001670331694
v 0.02132606879 0.02132603899 0.0001670331694
v 0.02507680841 0.01675575599 0.0001670331694
v 0.02786384337 0.01154156867 0.0001670331694
v 0.02958008833 0.005883852951 0.0001670331694
v 0.03015958704 2.068128779e-09 0.0001670331694
v 0.02958008833 -0.005883852951 0.0001670331694
v 0.02786384337 -0.01154156961 0.0001670331694
v 0.02507680841 -0.01675575599 0.0001670331694
v 0.02132606879 -0.02132603899 0.0001670331694
v 0.01675578766 -0.02507677861 0.0001670331694
v 0.01154159661 -0.02786381543 0.0001670331694
v 0.00588389812 -0.02958005853 0.0001670331694
v 4.609087156e-08 -0.04585548118 0.008209763095
v -0.008945912123 -0.04497439414 0.008209764957
v -0.01754810102 -0.04236496612 0.008209764957
v -0.0254759118 -0.03812747076 0.008209764957
v -0.03242470697 -0.03242473677 0.008209764957
v -0.038127359 -0.02547594532 0.008209764957
v -0.04236486182 -0.01754813269 0.008209764957
v -0.04497436807 -0.008945961483 0.008209764957
v -0.04585545138 2.625832218e-09 0.008128134534
v -0.04497436807 0.008945961483 0.008209764957
v -0.04236486182 0.01754813269 0.008209764957
v -0.038127359 0.02547594532 0.008209764957
v -0.03242470697 0.03242473677 0.008209764957
v -0.0254759118 0.03812747076 0.008209764957
v -0.01754810102 0.04236496612 0.008209764957
v -0.008945912123 0.04497439414 0.008209764957
v 4.609087156e-08 0.04585548118 0.008209764957
v 0.008946011774 0.04497439414 0.008209764957
v 0.01754816063 0.04236496612 0.008209764957
v 0.02547597699 0.03812747076 0.008209764957
v 0.0324247703 0.03242473677 0.008209764957
v 0.03812749311 0.02547594532 0.008209764957
v 0.0423649922 0.01754813269 0.008209764957
v 0.04497442767 0.008945961483 0.008209764957
v 0.04585551098 2.625832218e-09 0.008209764957
v 0.04497442767 -0.008945961483 0.008209764957
v 0.0423649922 -0.01754813269 0.008209764957
v 0.03812749311 -0.02547594532 0.008209764957
v 0.0324247703 -0.03242473677 0.008209764957
v 0.02547597699 -0.03812747076 0.008209764957
v 0.01754816063 -0.04236496612 0.008209764957
v 0.008946011774 -0.04497439414 0.008209764957
v -0.00713654561 -0.03587802872 0.001066666096
v -0.008781138808 -0.04414601624 0.00515576778
v -0.007820930332 -0.03931869194 0.001614502165
v -0.008422893472 -0.04234498739 0.003111216705
v 4.59974423e-08 -0.04501087219 0.00515576778
v 4.605869108e-08 -0.03658091277 0.001066666096
v 4.594712877e-08 -0.04317455366 0.003111216705
v 4.596910586e-08 -0.04008897766 0.001614502165
v -0.01399888378 -0.03379637375 0.001066666096
v -0.01722488552 -0.04158464819 0.00515576778
v -0.01534136105 -0.03703740612 0.001614502165
v -0.01652215794 -0.03988811746 0.003111216705
v -0.0203232374 -0.03041593917 0.001066666096
v -0.02500667609 -0.03742519766 0.00515576778
v -0.02227221616 -0.03333279118 0.001614502165
v -0.02398647368 -0.03589835763 0.003111216705
v -0.02586657554 -0.02586663701 0.001066666096
v -0.03182747588 -0.0318275094 0.00515576778
v -0.02834716253 -0.0283472091 0.001614502165
v -0.03052900545 -0.03052903712 0.003111216705
v -0.03041582368 -0.0203232877 0.001066666096
v -0.03742509335 -0.0250067059 0.00515576778
v -0.03333267942 -0.02227225713 0.001614502165
v -0.03589825332 -0.02398650721 0.003111216705
v -0.03379628435 -0.01399888564 0.001066666096
v -0.04158454761 -0.01722491533 0.00515576778
v -0.03703731298 -0.01534137595 0.001614502165
v -0.03988801315 -0.01652218401 0.003111216705
v -0.03587800637 -0.007136563305 0.001066666096
v -0.04414599389 -0.008781186305 0.005155768245
v -0.03931866586 -0.007820962928 0.001614502165
v -0.04234495759 -0.008422936313 0.003111217171
v -0.03658089042 2.310452718e-09 0.001066666096
v -0.04502983391 2.581815872e-09 0.005151852965
v -0.04009149596 2.406292499e-09 0.001613977365
v -0.04318402708 2.505182284e-09 0.003109259531
v -0.03587800637 0.007136563305 0.001066666096
v -0.04414599389 0.008781186305 0.005155768245
v -0.03931866586 0.007820962928 0.001614502165
v -0.04234495759 0.008422936313 0.003111217171
v -0.03379628435 0.01399888564 0.001066666096
v -0.04158454761 0.01722491533 0.00515576778
v -0.03703731298 0.01534137595 0.001614502165
v -0.03988801315 0.01652218401 0.003111216705
v -0.03041582182 0.0203232877 0.001066666096
v -0.03742509335 0.0250067059 0.00515576778
v -0.03333267942 0.02227225713 0.001614502165
v -0.03589824587 0.02398650721 0.003111216705
v -0.02586657554 0.02586663701 0.001066666096
v -0.03182747588 0.0318275094 0.00515576778
v -0.02834716253 0.0283472091 0.001614502165
v -0.03052900545 0.03052903712 0.003111216705
v -0.0203232374 0.03041593917 0.001066666096
v -0.02500667609 0.03742519766 0.00515576778
v -0.02227221616 0.03333279118 0.001614502165
v -0.02398647368 0.03589835763 0.003111216705
v -0.01399888378 0.03379637375 0.001066666096
v -0.01722488552 0.04158464819 0.005155768245
v -0.01534136105 0.03703740612 0.001614502165
v -0.0165221598 0.03988811746 0.003111217171
v -0.00713654561 0.03587802872 0.001066666096
v -0.008781138808 0.04414601624 0.005155768245
v -0.007820930332 0.03931869194 0.001614502165
v -0.008422893472 0.04234498739 0.003111217171
v 4.605869108e-08 0.03658091277 0.001066666096
v 4.59974423e-08 0.04501087219 0.00515576778
v 4.596910586e-08 0.04008897766 0.001614502165
v 4.594712877e-08 0.04317455366 0.003111216705
v 0.007136638276 0.03587802872 0.001066666096
v 0.008781235665 0.04414601624 0.005155768245
v 0.007821024396 0.03931869194 0.001614502165
v 0.008422989398 0.04234498367 0.003111217171
v 0.01399894059 0.03379637748 0.001066666096
v 0.01722494513 0.04158464819 0.005155768245
v 0.01534141786 0.03703741357 0.001614502165
v 0.0165222194 0.03988811746 0.003111217171
v 0.02032330073 0.03041593917 0.001066666096
v 0.0250067357 0.03742519766 0.00515576778
v 0.02227227949 0.0333327949 0.001614502165
v 0.02398653515 0.03589835763 0.003111216705
v 0.02586665563 0.02586662583 0.001066666096
v 0.03182754293 0.0318275094 0.00515576778
v 0.02834722959 0.02834720165 0.001614502165
v 0.03052906692 0.03052903712 0.003111216705
v 0.03041596897 0.02032327093 0.001066666096
v 0.03742522746 0.0250067059 0.00515576778
v 0.03333282098 0.0222722441 0.001614502165
v 0.03589838743 0.02398650162 0.003111216705
v 0.03379640728 0.01399891172 0.001066666096
v 0.04158467427 0.01722491533 0.00515576778
v 0.03703743592 0.01534138992 0.001614502165
v 0.03988813981 0.01652218774 0.003111216705
v 0.03587806225 0.007136591244 0.001066666096
v 0.04414604604 0.008781186305 0.005155767314
v 0.03931872174 0.007820976898 0.001614502165
v 0.04234501347 0.008422940038 0.003111216705
v 0.03658093885 2.310452718e-09 0.001066666096
v 0.04501089826 2.580831771e-09 0.005155767314
v 0.04008900002 2.406292499e-09 0.001614502165
v 0.04317457974 2.505182284e-09 0.003111216705
v 0.03587806225 -0.007136591244 0.001066666096
v 0.04414604604 -0.008781186305 0.005155767314
v 0.03931872174 -0.007820976898 0.001614502165
v 0.04234501347 -0.008422940038 0.003111216705
v 0.03379640728 -0.01399891265 0.001066666096
v 0.04158467427 -0.01722491533 0.005155767314
v 0.03703743592 -0.01534138992 0.001614502165
v 0.03988813981 -0.01652218774 0.003111216705
v 0.03041596897 -0.02032327093 0.001066666096
v 0.03742522746 -0.0250067059 0.00515576778
v 0.03333282098 -0.0222722441 0.001614502165
v 0.03589838743 -0.02398650162 0.003111216705
v 0.02586665563 -0.02586662583 0.001066666096
v 0.03182754293 -0.0318275094 0.00515576778
v 0.02834722959 -0.02834720165 0.001614502165
v 0.03052906692 -0.03052903712 0.003111216705
v 0.02032330073 -0.03041593917 0.001066666096
v 0.0250067357 -0.03742519766 0.00515576778
v 0.02227227949 -0.0333327949 0.001614502165
v 0.02398653515 -0.03589835763 0.003111216705
v 0.01399894059 -0.03379637748 0.001066666096
v 0.01722494513 -0.04158464819 0.005155768245
v 0.01534142066 -0.03703741357 0.001614502165
v 0.0165222194 -0.03988811746 0.003111217171
v 0.007136638276 -0.03587802872 0.001066666096
v 0.008781235665 -0.04414601624 0.005155768245
v 0.007821024396 -0.03931869194 0.001614502165
v 0.008422989398 -0.04234498367 0.003111217171
v -0.005739839282 -0.0582780689 0.05419226736
v -0.01021281816 -0.05134357512 0.03120101616
v -0.01699904352 -0.05603849143 0.05419226736
v -0.02003323101 -0.04836460203 0.03120101616
v -0.02760498598 -0.05164537579 0.05419226736
v -0.02908376232 -0.0435269922 0.03120101616
v -0.03715008497 -0.04526754469 0.05419226736
v -0.03701663017 -0.03701665625 0.03120101616
v -0.04526747018 -0.03715010732 0.05419226736
v -0.04352687299 -0.02908379212 0.03120101616
v -0.05164524913 -0.02760501392 0.05419226736
v -0.04836448282 -0.02003326081 0.03120101616
v -0.05603841692 -0.01699908264 0.05419226736
v -0.05134354532 -0.01021286938 0.03120101616
v -0.05827804282 -0.005739886779 0.05393448845
v -0.05234940723 2.990159231e-09 0.0309024211
v -0.05827804282 0.005739890039 0.05393448845
v -0.05134354532 0.01021286938 0.03120101616
v -0.05603841692 0.01699908264 0.05419226736
v -0.04836448282 0.02003326081 0.03120101616
v -0.05164524913 0.02760501392 0.05419226736
v -0.04352687299 0.02908379212 0.03120101616
v -0.04526747018 0.03715010732 0.05419226736
v -0.03701663017 0.03701665625 0.03120101616
v -0.03715008497 0.04526754469 0.05419226736
v -0.02908376232 0.0435269922 0.03120101616
v -0.02760498598 0.05164537579 0.05419226736
v -0.02003323101 0.04836460203 0.03120101616
v -0.01699904352 0.05603849143 0.05419226736
v -0.01021281816 0.05134357512 0.03120101616
v -0.005739838816 0.0582780689 0.05419226736
v 4.656935104e-08 0.0523494333 0.03120101616
v 0.005739938002 0.0582780689 0.05419226736
v 0.01021292061 0.05134357512 0.03120101616
v 0.01699912176 0.05603849143 0.05419226736
v 0.02003328875 0.04836460203 0.03120101616
v 0.02760504186 0.05164537579 0.05419226736
v 0.02908382192 0.0435269922 0.03120101616
v 0.03715013713 0.04526754469 0.05419226736
v 0.03701668605 0.03701665625 0.03120101616
v 0.04526757449 0.03715010732 0.05419226736
v 0.043527022 0.02908379212 0.03120101616
v 0.05164540559 0.02760501392 0.05419226736
v 0.04836462438 0.02003326081 0.03120101616
v 0.0560385175 0.01699908264 0.05419226736
v 0.0513436012 0.01021286938 0.03120101616
v 0.05827809125 0.005739890505 0.05419226736
v 0.05234946311 2.990159231e-09 0.03120101616
v 0.05827809125 -0.005739887245 0.05419226736
v 0.0513436012 -0.01021286938 0.03120101616
v 0.0560385175 -0.01699908264 0.05419226736
v 0.04836462438 -0.02003326081 0.03120101616
v 0.05164540559 -0.02760501392 0.05419226736
v 0.043527022 -0.02908379212 0.03120101616
v 0.04526757449 -0.03715010732 0.05419226736
v 0.03701668605 -0.03701665625 0.03120101616
v 0.03715013713 -0.04526754469 0.05419226736
v 0.02908382192 -0.0435269922 0.03120101616
v 0.02760504186 -0.05164537579 0.05419226736
v 0.02003328875 -0.04836460203 0.03120101616
v 0.01699912176 -0.05603849143 0.05419226736
v 0.01021292061 -0.05134357512 0.03120101616
v 0.005739938468 -0.0582780689 0.05419226736
v -0.003103674622 -0.03151254356 0.001066666096
v -0.009191840887 -0.03030154482 0.001066666096
v -0.01492675953 -0.02792607062 0.001066666096
v -0.02008803934 -0.02447741479 0.001066666096
v -0.02447732165 -0.02008810267 0.001066666096
v -0.0279259719 -0.01492678467 0.001066666096
v -0.03030148894 -0.00919184275 0.001066666096
v -0.03151251376 -0.003103700932 0.001066666096
v -0.03151251376 0.003103703028 0.001066666096
v -0.03030148894 0.00919184275 0.001066666096
v -0.0279259719 0.0149267856 0.001066666096
v -0.02447732165 0.02008810267 0.001066666096
v -0.02008803934 0.02447741479 0.001066666096
v -0.01492675953 0.02792607062 0.001066666096
v -0.009191840887 0.03030154482 0.001066666096
v -0.003103674855 0.03151254356 0.001066666096
v 0.003103766358 0.03151254356 0.001066666096
v 0.009191915393 0.03030154482 0.001066666096
v 0.01492681913 0.02792607248 0.001066666096
v 0.02008811384 0.02447740361 0.001066666096
v 0.02447743714 0.02008808032 0.001066666096
v 0.02792610042 0.0149267884 0.001066666096
v 0.03030157648 0.009191876277 0.001066666096
v 0.03151258081 0.003103721421 0.001066666096
v 0.03151258081 -0.003103719326 0.001066666096
v 0.03030157648 -0.009191877209 0.001066666096
v 0.02792610042 -0.01492678933 0.001066666096
v 0.02447743714 -0.02008808032 0.001066666096
v 0.02008811384 -0.02447740361 0.001066666096
v 0.01492681913 -0.02792607248 0.001066666096
v 0.009191915393 -0.03030154482 0.001066666096
v 0.003103766125 -0.03151254356 0.001066666096
v -0.002941881074 -0.02986980788 0.001066666096
v -0.008712675422 -0.02872193605 0.001066666096
v -0.014148633 -0.02647029608 0.001066666096
v -0.01904085279 -0.0232014209 0.001066666096
v -0.02320131846 -0.01904092357 0.001066666096
v -0.0264701955 -0.01414865628 0.001066666096
v -0.02872188576 -0.008712666109 0.001066666096
v -0.02986978367 -0.002941902028 0.001066666096
v -0.02986977994 0.002941904124 0.001066666096
v -0.02872188389 0.008712666109 0.001066666096
v -0.0264701955 0.01414865721 0.001066666096
v -0.02320131846 0.01904092357 0.001066666096
v -0.01904085279 0.0232014209 0.001066666096
v -0.014148633 0.02647029608 0.001066666096
v -0.008712675422 0.02872193605 0.001066666096
v -0.002941881306 0.02986980788 0.001066666096
v 0.00294197211 0.02986980788 0.001066666096
v 0.008712747134 0.02872193605 0.001066666096
v 0.01414869167 0.02647029608 0.001066666096
v 0.01904092729 0.02320140973 0.001066666096
v 0.02320143953 0.01904089749 0.001066666096
v 0.02647032589 0.01414866187 0.001066666096
v 0.02872196585 0.008712710813 0.001066666096
v 0.02986983769 0.00294192764 0.001066666096
v 0.02986983769 -0.002941925544 0.001066666096
v 0.02872196585 -0.008712710813 0.001066666096
v 0.02647032589 -0.0141486628 0.001066666096
v 0.02320143953 -0.01904089749 0.001066666096
v 0.01904092729 -0.02320140973 0.001066666096
v 0.01414869167 -0.02647029608 0.001066666096
v 0.008712747134 -0.02872193605 0.001066666096
v 0.002941971878 -0.02986980788 0.001066666096
v -0.02132597938 0.02132606134 0.0006168496329
v 0.03120689467 0.006207440514 0.0006168496329
v -0.02507665753 0.01675578766 0.0006168496329
v 0.02939625829 0.01217631251 0.0006168496329
v -0.02786373533 0.01154152676 0.0006168496329
v 0.02645594254 0.01767726429 0.0006168496329
v -0.02958003245 0.005883806385 0.0006168496329
v 0.02249892987 0.02249889448 0.0006168496329
v -0.0301595293 2.068128779e-09 0.0006168496329
v 0.01767729595 0.0264559146 0.0006168496329
v -0.02958003618 -0.005883806385 0.0006168496329
v 0.01217634324 0.02939623035 0.0006168496329
v -0.02786373533 -0.01154152676 0.0006168496329
v 0.006207486615 0.03120686114 0.0006168496329
v -0.02507665753 -0.01675578579 0.0006168496329
v 0.00588389812 -0.02958005853 0.0006168496329
v 4.596425995e-08 0.03181822971 0.0006168496329
v -0.02132597938 -0.02132606134 0.0006168496329
v 0.01154159661 -0.02786381543 0.0006168496329
v -0.006207395345 0.03120686114 0.0006168496329
v -0.01675572433 -0.02507677861 0.0006168496329
v 0.01675578766 -0.02507677861 0.0006168496329
v -0.01217628643 0.02939622663 0.0006168496329
v -0.01154154167 -0.02786381356 0.0006168496329
v 0.02132606879 -0.02132603899 0.0006168496329
v -0.01767723262 0.0264559146 0.0006168496329
v 4.598278025e-08 -0.03015955724 0.0006168496329
v -0.005883808248 -0.02958005853 0.0006168496329
v 0.02786384337 -0.01154156961 0.0006168496329
v 0.02507680841 -0.01675575599 0.0006168496329
v -0.02249884605 0.02249891683 0.0006168496329
v -0.02645579912 0.01767729037 0.0006168496329
v -0.003103674622 -0.03151254356 0.0001670331694
v -0.009191840887 -0.03030154482 0.0001670331694
v -0.01492675953 -0.02792607062 0.0001670331694
v -0.02008803934 -0.02447741479 0.0001670331694
v -0.02447732165 -0.02008810267 0.0001670331694
v -0.0279259719 -0.01492678467 0.0001670331694
v -0.03030148894 -0.00919184275 0.0001670331694
v -0.03151251376 -0.003103700932 0.0001670331694
v -0.03151251376 0.003103703028 0.0001670331694
v -0.03030148894 0.00919184275 0.0001670331694
v -0.0279259719 0.0149267856 0.0001670331694
v -0.02447732165 0.02008810267 0.0001670331694
v -0.02008803934 0.02447741479 0.0001670331694
v -0.01492675953 0.02792607062 0.0001670331694
v -0.009191840887 0.03030154482 0.0001670331694
v -0.003103674855 0.03151254356 0.0001670331694
v 0.003103766358 0.03151254356 0.0001670331694
v 0.009191915393 0.03030154482 0.0001670331694
v 0.01492681913 0.02792607248 0.0001670331694
v 0.02008811384 0.02447740361 0.0001670331694
v 0.02447743714 0.02008808032 0.0001670331694
v 0.02792610042 0.0149267884 0.0001670331694
v 0.03030157648 0.009191876277 0.0001670331694
v 0.03151258081 0.003103721421 0.0001670331694
v 0.03151258081 -0.003103719326 0.0001670331694
v 0.03030157648 -0.009191877209 0.0001670331694
v 0.02792610042 -0.01492678933 0.0001670331694
v 0.02447743714 -0.02008808032 0.0001670331694
v 0.02008811384 -0.02447740361 0.0001670331694
v 0.01492681913 -0.02792607248 0.0001670331694
v 0.009191915393 -0.03030154482 0.0001670331694
v 0.003103766125 -0.03151254356 0.0001670331694
v -0.002941881074 -0.02986980788 0.0001670331694
v -0.008712675422 -0.02872193605 0.0001670331694
v -0.014148633 -0.02647029608 0.0001670331694
v -0.01904085279 -0.0232014209 0.0001670331694
v -0.02320131846 -0.01904092357 0.0001670331694
v -0.0264701955 -0.01414865628 0.0001670331694
v -0.02872188576 -0.008712666109 0.0001670331694
v -0.02986978367 -0.002941902028 0.0001670331694
v -0.02986977994 0.002941904124 0.0001670331694
v -0.02872188389 0.008712666109 0.0001670331694
v -0.0264701955 0.01414865721 0.0001670331694
v -0.02320131846 0.01904092357 0.0001670331694
v -0.01904085279 0.0232014209 0.0001670331694
v -0.014148633 0.02647029608 0.0001670331694
v -0.008712675422 0.02872193605 0.0001670331694
v -0.002941881306 0.02986980788 0.0001670331694
v 0.00294197211 0.02986980788 0.0001670331694
v 0.008712747134 0.02872193605 0.0001670331694
v 0.01414869167 0.02647029608 0.0001670331694
v 0.01904092729 0.02320140973 0.0001670331694
v 0.02320143953 0.01904089749 0.0001670331694
v 0.02647032589 0.01414866187 0.0001670331694
v 0.02872196585 0.008712710813 0.0001670331694
v 0.02986983769 0.00294192764 0.0001670331694
v 0.02986983769 -0.002941925544 0.0001670331694
v 0.02872196585 -0.008712710813 0.0001670331694
v 0.02647032589 -0.0141486628 0.0001670331694
v 0.02320143953 -0.01904089749 0.0001670331694
v 0.01904092729 -0.02320140973 0.0001670331694
v 0.01414869167 -0.02647029608 0.0001670331694
v 0.008712747134 -0.02872193605 0.0001670331694
v 0.002941971878 -0.02986980788 0.0001670331694
v 4.597352188e-08 -0.0309888944 0.0001670331694
v -0.006045601796 -0.0303934589 0.0001670331694
v -0.01185891405 -0.0286300201 0.0001670331694
v -0.01721647754 -0.0257663466 0.0001670331694
v -0.02191241272 -0.02191248909 0.0001670331694
v -0.02576622739 -0.01721653715 0.0001670331694
v -0.02862994 -0.0118589038 0.0001670331694
v -0.03039343283 -0.006045605056 0.0001670331694
v -0.03098886274 2.078268446e-09 0.0001670331694
v -0.03039343283 0.006045605056 0.0001670331694
v -0.02862994 0.0118589038 0.0001670331694
v -0.02576622739 0.01721653901 0.0001670331694
v -0.02191241272 0.02191248909 0.0001670331694
v -0.01721647754 0.0257663466 0.0001670331694
v -0.01185891405 0.0286300201 0.0001670331694
v -0.006045601796 0.0303934589 0.0001670331694
v 4.597352188e-08 0.0309888944 0.0001670331694
v 0.0060456926 0.0303934589 0.0001670331694
v 0.01185896993 0.02863002196 0.0001670331694
v 0.01721654087 0.0257663466 0.0001670331694
v 0.02191250026 0.02191246673 0.0001670331694
v 0.02576637641 0.01721651107 0.0001670331694
v 0.02863005176 0.01185894012 0.0001670331694
v 0.03039349243 0.006045646966 0.0001670331694
v 0.03098892421 2.078268446e-09 0.0001670331694
v 0.03039349243 -0.006045646966 0.0001670331694
v 0.02863005176 -0.01185894199 0.0001670331694
v 0.02576637641 -0.01721651107 0.0001670331694
v 0.02191250026 -0.02191246673 0.0001670331694
v 0.01721654087 -0.0257663466 0.0001670331694
v 0.01185896993 -0.02863002196 0.0001670331694
v 0.0060456926 -0.0303934589 0.0001670331694
v 0.03181826323 2.088408113e-09 0.0006168496329
v -0.01675572433 0.02507677861 0.0006168496329
v 0.03120689467 -0.006207440514 0.0006168496329
v -0.01154154167 0.02786381356 0.0006168496329
v 0.02939625829 -0.01217631344 0.0006168496329
v -0.005883808248 0.02958005853 0.0006168496329
v 0.02645594254 -0.01767726429 0.0006168496329
v 4.596425995e-08 -0.03181822971 0.0006168496329
v -0.006207395345 -0.03120686114 0.0006168496329
v 4.598278025e-08 0.03015955724 0.0006168496329
v 0.02249892987 -0.02249889448 0.0006168496329
v -0.01217628643 -0.02939622663 0.0006168496329
v 0.00588389812 0.02958005853 0.0006168496329
v 0.01767729595 -0.0264559146 0.0006168496329
v -0.01767723262 -0.0264559146 0.0006168496329
v 0.01154159661 0.02786381543 0.0006168496329
v 0.01217634324 -0.02939623035 0.0006168496329
v -0.02249884605 -0.02249891683 0.0006168496329
v 0.01675578766 0.02507677861 0.0006168496329
v 0.006207486615 -0.03120686114 0.0006168496329
v -0.02645579912 -0.0176772885 0.0006168496329
v 0.02132606879 0.02132603899 0.0006168496329
v -0.02939614654 -0.01217628084 0.0006168496329
v 0.02507680841 0.01675575599 0.0006168496329
v -0.03120683134 -0.006207404193 0.0006168496329
v 0.02786384337 0.01154156867 0.0006168496329
v -0.03181819618 2.088408113e-09 0.0006168496329
v 0.02958008833 0.005883852951 0.0006168496329
v -0.03120683134 0.006207404193 0.0006168496329
v 0.03015958704 2.068128779e-09 0.0006168496329
v -0.02939614654 0.01217628084 0.0006168496329
v 0.02958008833 -0.005883852951 0.0006168496329
v 4.656935104e-08 -0.0523494333 0.03120101616
v 0.004473028705 -0.04541493952 0.008209764026
v 0.01324708574 -0.04366967827 0.008209764957
v 0.02151206881 -0.04024621844 0.008209764957
v 0.02895037457 -0.03527610376 0.008209764957
v 0.03527612984 -0.02895034105 0.008209764957
v 0.04024624079 -0.02151203901 0.008209764957
v 0.04366970807 -0.01324704662 0.008209764957
v 0.04541496933 -0.004472979344 0.008209764957
v 0.04541496933 0.004472982138 0.008209764957
v 0.04366970807 0.01324704662 0.008209764957
v 0.04024624079 0.02151203901 0.008209764957
v 0.03527612984 0.02895034105 0.008209764957
v 0.02895037457 0.03527610376 0.008209764957
v 0.02151206881 0.04024621844 0.008209764957
v 0.01324708574 0.04366967827 0.008209764957
v 0.00447302917 0.04541493952 0.008209764957
v -0.004472933244 0.04541493952 0.008209764957
v -0.01324700657 0.04366967827 0.008209764957
v -0.02151200548 0.04024621844 0.008209764957
v -0.02895030938 0.03527610376 0.008209764957
v -0.03527603298 0.02895034105 0.008209764957
v -0.04024611041 0.02151203901 0.008209764957
v -0.04366961494 0.01324704662 0.008209764957
v -0.04541490972 0.004472982138 0.008168949746
v -0.04541490972 -0.004472979344 0.008168949746
v -0.04366961494 -0.01324704662 0.008209764957
v -0.04024611041 -0.02151203901 0.008209764957
v -0.03527603298 -0.02895034105 0.008209764957
v -0.02895030938 -0.03527610376 0.008209764957
v -0.02151200548 -0.04024621844 0.008209764957
v -0.01324700657 -0.04366967827 0.008209764957
v -0.004472932778 -0.04541493952 0.008209764026
v -0.008602015674 -0.04324550182 0.004133492243
v -0.004390546586 -0.04457844421 0.00515576778
v 4.597228553e-08 -0.04409271479 0.004133492243
v -0.004211423453 -0.04275976866 0.003111216705
v -0.008121911436 -0.04083184153 0.002362859435
v 4.595811731e-08 -0.04163176566 0.002362859435
v -0.003910441883 -0.0397038348 0.001614502165
v -0.007478738204 -0.03759836033 0.001340584131
v 4.601389847e-08 -0.03833494335 0.001340584131
v -0.003568249755 -0.03622946888 0.001066666096
v -0.01687352173 -0.04073638469 0.004133492243
v -0.01300301217 -0.04286533222 0.00515576778
v -0.01247252524 -0.04111655056 0.003111216705
v -0.01593175903 -0.03846276179 0.002362859435
v -0.01158114523 -0.03817804903 0.001614502165
v -0.01467012241 -0.03541688994 0.001340584131
v -0.01056771446 -0.03483720124 0.001066666096
v -0.02449657395 -0.03666177765 0.004133492243
v -0.02111577988 -0.03950492293 0.00515576778
v -0.02025431581 -0.03789323568 0.003111216705
v -0.02312934399 -0.03461557627 0.002362859435
v -0.01880678907 -0.03518509865 0.001614502165
v -0.02129772678 -0.0318743661 0.001340584131
v -0.01716106012 -0.03210615739 0.001066666096
v -0.03117823973 -0.03117827326 0.004133492243
v -0.02841707692 -0.03462635353 0.00515576778
v -0.0272577405 -0.03321369737 0.003111216705
v -0.02943808399 -0.02943812311 0.002362859435
v -0.02530968934 -0.03084000014 0.001614502165
v -0.02710686997 -0.02710692212 0.001340584131
v -0.0230949074 -0.02814128809 0.001066666096
v -0.03666167334 -0.02449660748 0.004133492243
v -0.03462628275 -0.02841710672 0.00515576778
v -0.03321363032 -0.02725777216 0.003111216705
v -0.03461546451 -0.02312938124 0.002362859435
v -0.03083992004 -0.02530973405 0.001614502165
v -0.03187425062 -0.02129777148 0.001340584131
v -0.02814120054 -0.02309496328 0.001066666096
v -0.04073628038 -0.01687354967 0.004133492243
v -0.03950481862 -0.02111580968 0.00515576778
v -0.03789313138 -0.02025434561 0.003111216705
v -0.03846266121 -0.01593177952 0.002362859435
v -0.03518499434 -0.01880681701 0.001614502165
v -0.0354167968 -0.0146701308 0.001340584131
v -0.03210605308 -0.0171610862 0.001066666096
v -0.04324547574 -0.008602061309 0.004133492708
v -0.04286526889 -0.01300305128 0.005155768245
v -0.04111648351 -0.01247256063 0.003111216938
v -0.04083181173 -0.008121949621 0.002362859668
v -0.03817798942 -0.01158116944 0.001614502165
v -0.03759833425 -0.007478763349 0.001340584131
v -0.03483714536 -0.0105677247 0.001066666096
v -0.04410693049 2.543499189e-09 0.004130556248
v -0.0445879139 -0.004390591756 0.005153810605
v -0.04276449233 -0.004211466759 0.003110238351
v -0.04163776338 2.455737391e-09 0.002361618448
v -0.03970508277 -0.003910480067 0.001614239765
v -0.03833619505 2.358372608e-09 0.001340321731
v -0.03622944653 -0.003568280488 0.001066666096
v -0.04324547574 0.008602061309 0.004133492708
v -0.0445879139 0.004390594549 0.005153810605
v -0.04276449233 0.004211469088 0.003110238351
v -0.04083181173 0.008121949621 0.002362859668
v -0.03970508277 0.003910482395 0.001614239765
v -0.03759833425 0.007478763349 0.001340584131
v -0.03622944653 0.003568282817 0.001066666096
v -0.04073628038 0.01687354967 0.004133492243
v -0.04286526889 0.01300305128 0.005155768245
v -0.04111648351 0.01247256063 0.003111216938
v -0.03846266121 0.01593177952 0.002362859435
v -0.03817798942 0.01158116944 0.001614502165
v -0.0354167968 0.0146701308 0.001340584131
v -0.03483714536 0.0105677247 0.001066666096
v -0.03666166961 0.02449660748 0.004133492243
v -0.03950481862 0.02111580968 0.00515576778
v -0.03789313138 0.02025434561 0.003111216705
v -0.03461546451 0.02312938124 0.002362859435
v -0.03518499434 0.01880681701 0.001614502165
v -0.03187425062 0.02129777148 0.001340584131
v -0.03210605308 0.0171610862 0.001066666096
v -0.03117823973 0.03117827326 0.004133492243
v -0.03462628275 0.02841710672 0.00515576778
v -0.03321362659 0.02725777216 0.003111216705
v -0.02943808399 0.02943812311 0.002362859435
v -0.03083992004 0.02530973405 0.001614502165
v -0.02710686997 0.02710692212 0.001340584131
v -0.02814119868 0.02309496328 0.001066666096
v -0.02449657395 0.03666177765 0.004133492243
v -0.02841707692 0.03462635353 0.00515576778
v -0.0272577405 0.03321369737 0.003111216705
v -0.02312934399 0.03461557627 0.002362859435
v -0.02530968934 0.03084000014 0.001614502165
v -0.02129772678 0.0318743661 0.001340584131
v -0.0230949074 0.02814128809 0.001066666096
v -0.01687352359 0.04073638469 0.004133492708
v -0.02111577988 0.03950492293 0.005155768245
v -0.02025431767 0.03789323568 0.003111216938
v -0.01593176089 0.03846276179 0.002362859668
v -0.01880678907 0.03518509865 0.001614502165
v -0.01467012241 0.03541688994 0.001340584131
v -0.01716106012 0.03210615739 0.001066666096
v -0.008602015674 0.04324550182 0.004133492708
v -0.01300301217 0.04286533222 0.005155768245
v -0.0124725271 0.04111655056 0.003111217171
v -0.008121911436 0.04083184153 0.002362859668
v -0.01158114523 0.03817804903 0.001614502165
v -0.007478738204 0.03759836033 0.001340584131
v -0.01056771446 0.03483720124 0.001066666096
v 4.597228553e-08 0.04409271479 0.004133492243
v -0.004390546121 0.04457844421 0.005155768245
v -0.004211423919 0.04275976866 0.003111216938
v 4.595811731e-08 0.04163176566 0.002362859435
v -0.003910442349 0.0397038348 0.001614502165
v 4.601389847e-08 0.03833494335 0.001340584131
v -0.003568249755 0.03622946888 0.001066666096
v 0.008602112532 0.04324550182 0.004133492708
v 0.00439064065 0.04457844421 0.005155768245
v 0.004211517982 0.04275976866 0.003111216938
v 0.008122006431 0.0408318378 0.002362859668
v 0.003910535481 0.0397038348 0.001614502165
v 0.007478831336 0.03759836033 0.001340584131
v 0.003568342188 0.03622946888 0.001066666096
v 0.0168735832 0.04073638469 0.004133492708
v 0.0130030904 0.04286533222 0.005155768245
v 0.0124726044 0.04111655056 0.003111217171
v 0.01593181863 0.03846276551 0.002362859668
v 0.0115812216 0.03817805275 0.001614502165
v 0.01467017923 0.03541689366 0.001340584131
v 0.0105677899 0.03483720124 0.001066666096
v 0.02449663542 0.03666177765 0.004133492243
v 0.02111583948 0.03950492293 0.005155768245
v 0.02025437728 0.03789323568 0.003111216938
v 0.02312940732 0.03461557627 0.002362859435
v 0.01880684868 0.0351851061 0.001614502165
v 0.02129779011 0.0318743661 0.001340584131
v 0.01716111973 0.03210615739 0.001066666096
v 0.03117830493 0.03117827326 0.004133492243
v 0.02841714025 0.03462635353 0.00515576778
v 0.0272578001 0.03321369737 0.003111216705
v 0.02943814918 0.02943811938 0.002362859435
v 0.02530975454 0.03083999828 0.001614502165
v 0.02710694261 0.02710691467 0.001340584131
v 0.02309497818 0.0281412825 0.001066666096
v 0.03666180745 0.02449660376 0.004133492243
v 0.03462638706 0.02841710672 0.00515576778
v 0.03321372718 0.0272577703 0.003111216705
v 0.03461560607 0.02312937379 0.002362859435
v 0.03084002435 0.02530972287 0.001614502165
v 0.03187439591 0.02129775658 0.001340584131
v 0.0281413123 0.02309494838 0.001066666096
v 0.04073640704 0.01687355153 0.004133492243
v 0.03950495273 0.02111580968 0.00515576778
v 0.03789326549 0.02025434375 0.003111216705
v 0.03846278787 0.01593178883 0.002362859435
v 0.03518512845 0.01880681701 0.001614502165
v 0.03541692346 0.01467015035 0.001340584131
v 0.03210618719 0.01716109179 0.001066666096
v 0.04324553162 0.008602063172 0.004133491777
v 0.04286535829 0.01300305128 0.005155767314
v 0.04111657664 0.01247256435 0.003111216705
v 0.04083186761 0.008121958002 0.002362859435
v 0.03817807883 0.01158118341 0.001614502165
v 0.03759839386 0.007478783838 0.001340584131
v 0.03483723477 0.01056775171 0.001066666096
v 0.04409273714 2.543007138e-09 0.004133491777
v 0.04457847029 0.004390594549 0.005155767314
v 0.04275979847 0.004211471416 0.003111216705
v 0.04163178802 2.455737391e-09 0.002362859435
v 0.03970386088 0.003910489846 0.001614502165
v 0.03833496943 2.358372608e-09 0.001340584131
v 0.03622949868 0.003568296786 0.001066666096
v 0.04324553162 -0.008602063172 0.004133491777
v 0.04457847029 -0.004390591756 0.005155767314
v 0.04275979847 -0.004211469088 0.003111216705
v 0.04083186761 -0.008121958002 0.002362859435
v 0.03970386088 -0.003910487518 0.001614502165
v 0.03759839386 -0.007478783838 0.001340584131
v 0.03622949868 -0.003568294458 0.001066666096
v 0.04073640704 -0.01687355153 0.004133491777
v 0.04286535829 -0.01300305128 0.005155767314
v 0.04111657664 -0.01247256435 0.003111216705
v 0.03846278787 -0.01593178883 0.002362859435
v 0.03817807883 -0.01158118341 0.001614502165
v 0.03541692346 -0.01467015129 0.001340584131
v 0.03483723477 -0.01056775171 0.001066666096
v 0.03666180745 -0.02449660376 0.004133492243
v 0.03950495273 -0.02111580968 0.005155767314
v 0.03789326549 -0.02025434375 0.003111216705
v 0.03461560607 -0.02312937379 0.002362859435
v 0.03518512845 -0.01880681701 0.001614502165
v 0.03187439591 -0.02129775658 0.001340584131
v 0.03210618719 -0.01716109179 0.001066666096
v 0.03117830493 -0.03117827326 0.004133492243
v 0.03462638706 -0.02841710672 0.00515576778
v 0.03321372718 -0.0272577703 0.003111216705
v 0.02943814918 -0.02943811938 0.002362859435
v 0.03084002435 -0.02530972287 0.001614502165
v 0.02710694261 -0.02710691467 0.001340584131
v 0.0281413123 -0.02309494838 0.001066666096
v 0.02449663542 -0.03666177765 0.004133492243
v 0.02841714025 -0.03462635353 0.00515576778
v 0.0272578001 -0.03321369737 0.003111216705
v 0.02312940732 -0.03461557627 0.002362859435
v 0.02530975454 -0.03083999828 0.001614502165
v 0.02129779011 -0.0318743661 0.001340584131
v 0.02309497818 -0.0281412825 0.001066666096
v 0.0168735832 -0.04073638469 0.004133492708
v 0.02111583948 -0.03950492293 0.005155768245
v 0.02025437728 -0.03789323568 0.003111216938
v 0.0159318205 -0.03846276551 0.002362859668
v 0.01880685054 -0.0351851061 0.001614502165
v 0.01467018016 -0.03541689366 0.001340584131
v 0.01716111973 -0.03210615739 0.001066666096
v 0.008602112532 -0.04324550182 0.004133492708
v 0.0130030904 -0.04286533222 0.005155768245
v 0.0124726044 -0.04111655056 0.003111217171
v 0.008122006431 -0.0408318378 0.002362859668
v 0.01158122253 -0.03817805275 0.001614502165
v 0.007478831336 -0.03759836033 0.001340584131
v 0.0105677899 -0.03483720124 0.001066666096
v 0.004390641116 -0.04457844421 0.005155768245
v 0.004211517517 -0.04275976866 0.003111216938
v 0.003910535015 -0.0397038348 0.001614502165
v 0.003568342188 -0.03622946888 0.001066666096
v 4.601147552e-08 -0.0341995731 0.001066666096
v -0.00667197071 -0.03354244679 0.001066666096
v -0.008863525465 -0.04456020519 0.006682766601
v -0.01738649234 -0.0419748053 0.006682766601
v -0.01308758557 -0.03159629926 0.001066666096
v 4.604415693e-08 -0.04543317854 0.00668276567
v 0.008863624185 -0.04456020519 0.006682766601
v 0.006672062445 -0.03354244679 0.001066666096
v -0.02524129301 -0.03777633607 0.006682766601
v -0.01900023594 -0.02843592688 0.001066666096
v -0.03212609142 -0.03212612122 0.006682766601
v -0.0241827108 -0.02418277785 0.001066666096
v -0.03777622432 -0.02524132654 0.006682766601
v -0.0284358114 -0.0190002881 0.001066666096
v -0.04197470471 -0.01738652401 0.006682766601
v -0.03159621358 -0.01308758371 0.001066666096
v -0.04456017911 -0.008863573894 0.006682766601
v -0.03354241699 -0.006671983749 0.001066666096
v -0.04544264078 2.603824045e-09 0.00663999375
v -0.0341995433 2.199430416e-09 0.001066666096
v -0.04456017911 0.008863573894 0.006682766601
v -0.03354241699 0.006671983749 0.001066666096
v -0.04197470471 0.01738652401 0.006682766601
v -0.03159621358 0.01308758371 0.001066666096
v -0.03777622432 0.02524132654 0.006682766601
v -0.0284358114 0.0190002881 0.001066666096
v -0.03212609142 0.03212612122 0.006682766601
v -0.0241827108 0.02418277785 0.001066666096
v -0.02524129301 0.03777633607 0.006682766601
v -0.01900023594 0.02843592688 0.001066666096
v -0.01738649234 0.0419748053 0.006682766601
v -0.01308758557 0.03159629926 0.001066666096
v -0.008863525465 0.04456020519 0.006682766601
v -0.00667197071 0.03354244679 0.001066666096
v 4.604415693e-08 0.04543317854 0.006682766601
v 4.601147552e-08 0.0341995731 0.001066666096
v 0.008863624185 0.04456020519 0.006682766601
v 0.006672062445 0.03354244679 0.001066666096
v 0.01738655195 0.0419748053 0.006682766601
v 0.01308764145 0.03159630299 0.001066666096
v 0.02524135634 0.03777633607 0.006682766601
v 0.01900029927 0.02843592688 0.001066666096
v 0.03212615848 0.03212612122 0.006682766601
v 0.02418279275 0.02418275923 0.001066666096
v 0.03777635843 0.02524132654 0.006682766601
v 0.02843595669 0.01900026761 0.001066666096
v 0.0419748351 0.01738652401 0.006682766601
v 0.03159633279 0.01308761165 0.001066666096
v 0.04456023872 0.008863573894 0.006682766136
v 0.03354247659 0.006672015879 0.001066666096
v 0.04543320462 2.603331994e-09 0.006682766136
v 0.0341996029 2.199430416e-09 0.001066666096
v 0.04456023872 -0.008863573894 0.006682766136
v 0.03354247659 -0.006672015879 0.001066666096
v 0.0419748351 -0.01738652401 0.006682766136
v 0.03159633279 -0.01308761351 0.001066666096
v 0.03777635843 -0.02524132654 0.006682766601
v 0.02843595669 -0.01900026761 0.001066666096
v 0.03212615848 -0.03212612122 0.006682766601
v 0.02418279275 -0.02418275923 0.001066666096
v 0.02524135634 -0.03777633607 0.006682766601
v 0.01900029927 -0.02843592688 0.001066666096
v 0.01738655195 -0.0419748053 0.006682766601
v 0.01308764145 -0.03159630299 0.001066666096
v 0.009879852645 -0.03256937116 0.001066666096
v 0.01312508807 -0.04326750338 0.006682766601
v 0.0160439685 -0.03001611494 0.001066666096
v 0.02131395414 -0.03987557068 0.006682766601
v 0.02159154601 -0.02630934305 0.001066666096
v 0.02868375741 -0.03495122865 0.006682766601
v 0.02630937472 -0.02159151435 0.001066666096
v 0.03495125845 -0.02868372388 0.006682766601
v 0.03001614287 -0.01604394056 0.001066666096
v 0.03987559676 -0.02131392434 0.006682766601
v 0.03256940469 -0.009879814461 0.001066666096
v 0.04326753691 -0.01312504895 0.006682766136
v 0.03387103975 -0.003336006775 0.001066666096
v 0.04499672353 -0.00443178555 0.006682766136
v 0.03387103975 0.003336009104 0.001066666096
v 0.04499672353 0.004431788344 0.006682766136
v 0.03256940469 0.009879814461 0.001066666096
v 0.04326753691 0.01312504895 0.006682766601
v 0.03001614287 0.01604394056 0.001066666096
v 0.03987559676 0.02131392434 0.006682766601
v 0.02630937472 0.02159151435 0.001066666096
v 0.03495125845 0.02868372388 0.006682766601
v 0.02159154601 0.02630934305 0.001066666096
v 0.02868375741 0.03495122865 0.006682766601
v 0.0160439685 0.03001611494 0.001066666096
v 0.02131395414 0.03987557068 0.006682766601
v 0.009879852645 0.03256937116 0.001066666096
v 0.01312508807 0.04326750338 0.006682766601
v 0.003336054273 0.03387100622 0.001066666096
v 0.004431835376 0.04499669373 0.006682766601
v -0.003335962305 0.03387100622 0.001066666096
v -0.004431739915 0.04499669373 0.006682766601
v -0.009879777208 0.03256937116 0.001066666096
v -0.0131250089 0.04326750338 0.006682766601
v -0.01604390889 0.03001611307 0.001066666096
v -0.02131389268 0.03987557068 0.006682766601
v -0.02159147337 0.02630935237 0.001066666096
v -0.02868369222 0.03495122865 0.006682766601
v -0.02630925924 0.02159153298 0.001066666096
v -0.03495115787 0.02868372388 0.006682766601
v -0.03001601249 0.01604393497 0.001066666096
v -0.03987546265 0.02131392434 0.006682766601
v -0.03256931901 0.009879783727 0.001066666096
v -0.04326744378 0.01312504895 0.006682766601
v -0.03387098014 0.003335992806 0.001066666096
v -0.04500140995 0.004431788344 0.006661380176
v -0.03387098014 -0.00333599071 0.001066666096
v -0.04500140995 -0.00443178555 0.006661380176
v -0.03256931901 -0.009879783727 0.001066666096
v -0.04326744378 -0.01312504895 0.006682766601
v -0.03001601249 -0.01604393497 0.001066666096
v -0.03987546265 -0.02131392434 0.006682766601
v -0.0263092611 -0.02159153298 0.001066666096
v -0.03495115787 -0.02868372388 0.006682766601
v -0.02159147337 -0.02630935237 0.001066666096
v -0.02868369222 -0.03495122865 0.006682766601
v -0.01604390889 -0.03001611307 0.001066666096
v -0.02131389268 -0.03987557068 0.006682766601
v 0.003336054273 -0.03387100622 0.001066666096
v 0.00443183491 -0.04499669373 0.006682766136
v -0.00443173945 -0.04499669373 0.006682766136
v -0.009879777208 -0.03256937116 0.001066666096
v -0.0131250089 -0.04326750338 0.006682766601
v -0.003335962072 -0.03387100622 0.001066666096
v 0.003739438485 -0.0379666537 0.001340584131
v 0.004061026499 -0.0412318036 0.002362859435
v 0.004301079549 -0.04366910458 0.004133492708
v 0.01107450575 -0.03650762886 0.001340584131
v 0.01202691346 -0.03964730352 0.002362859668
v 0.01273784786 -0.04199094325 0.004133492708
v 0.0179839842 -0.03364562988 0.001340584131
v 0.01953061298 -0.03653917089 0.002362859435
v 0.02068510838 -0.0386990793 0.004133492708
v 0.02420236543 -0.02949064039 0.001340584131
v 0.02628377825 -0.03202684969 0.002362859435
v 0.02783747017 -0.03392002732 0.004133492243
v 0.02949066833 -0.02420233563 0.001340584131
v 0.03202687576 -0.02628374659 0.002362859435
v 0.03392005712 -0.02783743851 0.004133492243
v 0.03364565969 -0.0179839544 0.001340584131
v 0.03653919697 -0.01953057945 0.002362859435
v 0.03869910911 -0.02068507671 0.004133491777
v 0.03650765866 -0.01107446756 0.001340584131
v 0.03964732587 -0.01202687435 0.002362859435
v 0.0419909656 -0.01273780782 0.004133491777
v 0.03796667978 -0.003739390988 0.001340584131
v 0.04123182967 -0.00406097807 0.002362859435
v 0.04366913438 -0.004301030189 0.004133491777
v 0.03796667978 0.003739393316 0.001340584131
v 0.04123182967 0.004060980864 0.002362859435
v 0.04366913438 0.004301032983 0.004133491777
v 0.03650765866 0.01107446756 0.001340584131
v 0.03964732587 0.01202687435 0.002362859435
v 0.0419909656 0.01273780782 0.004133491777
v 0.03364565969 0.0179839544 0.001340584131
v 0.03653919697 0.01953057945 0.002362859435
v 0.03869910911 0.02068507671 0.004133492243
v 0.02949066833 0.02420233563 0.001340584131
v 0.03202687576 0.02628374659 0.002362859435
v 0.03392005712 0.02783743851 0.004133492243
v 0.02420236543 0.02949064039 0.001340584131
v 0.02628377825 0.03202684969 0.002362859435
v 0.02783747017 0.03392002732 0.004133492243
v 0.0179839842 0.03364562988 0.001340584131
v 0.01953061298 0.03653917089 0.002362859435
v 0.02068510838 0.0386990793 0.004133492708
v 0.01107450575 0.03650762886 0.001340584131
v 0.01202691346 0.03964730352 0.002362859668
v 0.01273784786 0.04199094325 0.004133492708
v 0.003739438951 0.0379666537 0.001340584131
v 0.004061026499 0.0412318036 0.002362859435
v 0.004301079549 0.04366910458 0.004133492708
v -0.003739346052 0.0379666537 0.001340584131
v -0.004060933366 0.0412318036 0.002362859435
v -0.00430098502 0.04366910458 0.004133492708
v -0.01107442938 0.03650762513 0.001340584131
v -0.01202683616 0.0396472998 0.002362859668
v -0.01273776963 0.04199094325 0.004133492708
v -0.0179839246 0.03364562988 0.001340584131
v -0.01953055337 0.03653916717 0.002362859435
v -0.02068504877 0.0386990793 0.004133492708
v -0.02420229837 0.02949064411 0.001340584131
v -0.02628371492 0.03202684969 0.002362859435
v -0.02783740871 0.03392002732 0.004133492243
v -0.02949056029 0.02420234866 0.001340584131
v -0.03202677518 0.02628375217 0.002362859435
v -0.03391995281 0.02783744037 0.004133492243
v -0.03364552557 0.01798395067 0.001340584131
v -0.03653906286 0.01953058131 0.002362859435
v -0.038698975 0.02068507671 0.004133492243
v -0.03650756925 0.01107444707 0.001340584131
v -0.03964723647 0.01202686504 0.002362859435
v -0.0419908762 0.01273780596 0.004133492708
v -0.03796726465 0.003739382606 0.001340452931
v -0.04123478755 0.004060975742 0.002362239175
v -0.04367620498 0.004301032051 0.004132024478
v -0.03796726465 -0.003739380278 0.001340452931
v -0.04123478755 -0.004060973413 0.002362239175
v -0.04367620498 -0.004301029257 0.004132024478
v -0.03650756925 -0.01107444707 0.001340584131
v -0.03964723647 -0.01202686504 0.002362859435
v -0.0419908762 -0.01273780596 0.004133492708
v -0.03364552557 -0.01798395067 0.001340584131
v -0.03653906286 -0.01953058131 0.002362859435
v -0.038698975 -0.02068507671 0.004133492243
v -0.02949056029 -0.02420234866 0.001340584131
v -0.03202677518 -0.02628375217 0.002362859435
v -0.03391995654 -0.02783744037 0.004133492243
v -0.02420229837 -0.02949064411 0.001340584131
v -0.02628371492 -0.03202684969 0.002362859435
v -0.02783740871 -0.03392002732 0.004133492243
v -0.0179839246 -0.03364562988 0.001340584131
v -0.01953055337 -0.03653916717 0.002362859435
v -0.02068504691 -0.0386990793 0.004133492243
v -0.01107442938 -0.03650762513 0.001340584131
v -0.01202683523 -0.0396472998 0.002362859435
v -0.0127377687 -0.04199094325 0.004133492243
v -0.003739345819 -0.0379666537 0.001340584131
v -0.004060932435 -0.0412318036 0.002362859435
v -0.00430098502 -0.04366910458 0.004133492243
v -0.005106385797 -0.05184650421 0.03120101616
v -0.01512302458 -0.04985408857 0.03120101616
v -0.02455849573 -0.04594579712 0.03120101616
v -0.03305019438 -0.04027182609 0.03120101616
v -0.04027175158 -0.03305022418 0.03120101616
v -0.04594567791 -0.02455852553 0.03120101616
v -0.04985401407 -0.01512306556 0.03120101616
v -0.05184647441 -0.005106433295 0.0310517177
v -0.05184647441 0.005106436089 0.0310517177
v -0.04985401407 0.01512306556 0.03120101616
v -0.04594567791 0.02455852553 0.03120101616
v -0.04027175158 0.03305022418 0.03120101616
v -0.03305019438 0.04027182609 0.03120101616
v -0.02455849573 0.04594579712 0.03120101616
v -0.01512302458 0.04985408857 0.03120101616
v -0.005106385797 0.05184650421 0.03120101616
v 0.005106483586 0.05184650421 0.03120101616
v 0.01512310468 0.04985408857 0.03120101616
v 0.02455855533 0.04594579712 0.03120101616
v 0.03305025399 0.04027182609 0.03120101616
v 0.04027185589 0.03305022418 0.03120101616
v 0.04594582319 0.02455852553 0.03120101616
v 0.04985411465 0.01512306556 0.03120101616
v 0.05184653401 0.005106436089 0.03120101616
v 0.05184653401 -0.005106433295 0.03120101616
v 0.04985411465 -0.01512306556 0.03120101616
v 0.04594582319 -0.02455852553 0.03120101616
v 0.04027185589 -0.03305022418 0.03120101616
v 0.03305025399 -0.04027182609 0.03120101616
v 0.02455855533 -0.04594579712 0.03120101616
v 0.01512310468 -0.04985408857 0.03120101616
v 0.005106483586 -0.05184650421 0.03120101616
v 0.02872196585 -0.008712710813 0.0006168496329
v -0.0279259719 0.0149267856 0.0006168496329
v 0.02986983769 -0.002941925544 0.0006168496329
v -0.03030148894 0.00919184275 0.0006168496329
v 0.02986983769 0.00294192764 0.0006168496329
v -0.03151251376 0.003103703028 0.0006168496329
v 0.02872196585 0.008712710813 0.0006168496329
v -0.03151251376 -0.003103700932 0.0006168496329
v 0.02647032589 0.01414866187 0.0006168496329
v -0.03030148894 -0.00919184275 0.0006168496329
v 0.02320143953 0.01904089749 0.0006168496329
v -0.0279259719 -0.01492678467 0.0006168496329
v 0.003103766125 -0.03151254356 0.0006168496329
v 0.01904092729 0.02320140973 0.0006168496329
v -0.02447732165 -0.02008810267 0.0006168496329
v 0.009191915393 -0.03030154482 0.0006168496329
v 0.01414869167 0.02647029608 0.0006168496329
v -0.02008803934 -0.02447741479 0.0006168496329
v 0.01492681913 -0.02792607248 0.0006168496329
v 0.008712747134 0.02872193605 0.0006168496329
v -0.01492675953 -0.02792607062 0.0006168496329
v 0.02008811384 -0.02447740361 0.0006168496329
v 0.00294197211 0.02986980788 0.0006168496329
v -0.009191840887 -0.03030154482 0.0006168496329
v 0.02447743714 -0.02008808032 0.0006168496329
v -0.002941881306 0.02986980788 0.0006168496329
v -0.003103674622 -0.03151254356 0.0006168496329
v 0.02792610042 -0.01492678933 0.0006168496329
v -0.008712675422 0.02872193605 0.0006168496329
v 0.03030157648 -0.009191877209 0.0006168496329
v -0.014148633 0.02647029608 0.0006168496329
v 0.03151258081 -0.003103719326 0.0006168496329
v 0.003022869118 -0.03069117665 0.0001670331694
v 0.008952330798 -0.02951174043 0.0001670331694
v 0.0145377554 -0.02719818428 0.0001670331694
v 0.01956452057 -0.02383940667 0.0001670331694
v 0.02383943833 -0.0195644889 0.0001670331694
v 0.02719821408 -0.0145377256 0.0001670331694
v 0.0295117721 -0.008952293545 0.0001670331694
v 0.03069121018 -0.003022822551 0.0001670331694
v 0.03069121018 0.003022824414 0.0001670331694
v 0.0295117721 0.008952293545 0.0001670331694
v 0.02719821408 0.0145377256 0.0001670331694
v 0.02383943833 0.0195644889 0.0001670331694
v 0.01956452057 0.02383940667 0.0001670331694
v 0.0145377554 0.02719818428 0.0001670331694
v 0.008952330798 0.02951174043 0.0001670331694
v 0.003022869118 0.03069117665 0.0001670331694
v -0.003022778081 0.03069117665 0.0001670331694
v -0.008952258155 0.02951174043 0.0001670331694
v -0.0145376958 0.02719818428 0.0001670331694
v -0.01956444606 0.02383941785 0.0001670331694
v -0.02383932099 0.01956451312 0.0001670331694
v -0.0271980837 0.01453772187 0.0001670331694
v -0.02951168641 0.008952254429 0.0001670331694
v -0.03069114685 0.003022803459 0.0001670331694
v -0.03069114871 -0.003022801597 0.0001670331694
v -0.02951168641 -0.008952254429 0.0001670331694
v -0.0271980837 -0.01453772001 0.0001670331694
v -0.02383932099 -0.01956451312 0.0001670331694
v -0.01956444606 -0.02383941785 0.0001670331694
v -0.0145376958 -0.02719818428 0.0001670331694
v -0.008952258155 -0.02951174043 0.0001670331694
v -0.003022777848 -0.03069117665 0.0001670331694
v -0.02447732165 0.02008810267 0.0006168496329
v 0.02647032589 -0.0141486628 0.0006168496329
v -0.002941881074 -0.02986980788 0.0006168496329
v -0.02008803934 0.02447741479 0.0006168496329
v 0.02320143953 -0.01904089749 0.0006168496329
v -0.008712675422 -0.02872193605 0.0006168496329
v -0.01492675953 0.02792607062 0.0006168496329
v 0.01904092729 -0.02320140973 0.0006168496329
v -0.014148633 -0.02647029608 0.0006168496329
v -0.009191840887 0.03030154482 0.0006168496329
v 0.01414869167 -0.02647029608 0.0006168496329
v -0.01904085279 -0.0232014209 0.0006168496329
v -0.003103674855 0.03151254356 0.0006168496329
v 0.008712747134 -0.02872193605 0.0006168496329
v -0.02320131846 -0.01904092357 0.0006168496329
v 0.003103766358 0.03151254356 0.0006168496329
v 0.002941971878 -0.02986980788 0.0006168496329
v -0.0264701955 -0.01414865628 0.0006168496329
v 0.009191915393 0.03030154482 0.0006168496329
v -0.02872188576 -0.008712666109 0.0006168496329
v 0.01492681913 0.02792607248 0.0006168496329
v -0.02986978367 -0.002941902028 0.0006168496329
v 0.02008811384 0.02447740361 0.0006168496329
v -0.02986977994 0.002941904124 0.0006168496329
v 0.02447743714 0.02008808032 0.0006168496329
v -0.02872188389 0.008712666109 0.0006168496329
v 0.02792610042 0.0149267884 0.0006168496329
v -0.0264701955 0.01414865721 0.0006168496329
v 0.03030157648 0.009191876277 0.0006168496329
v -0.02320131846 0.01904092357 0.0006168496329
v 0.03151258081 0.003103721421 0.0006168496329
v -0.01904085279 0.0232014209 0.0006168496329
f 4 416 2
f 4 2 447
f 4 447 64
f 4 64 446
f 4 446 62
f 4 62 445
f 4 445 60
f 4 60 444
f 4 444 58
f 4 58 443
f 4 443 56
f 4 56 442
f 4 442 54
f 4 54 441
f 4 441 52
f 4 52 440
f 4 440 50
f 4 50 439
f 4 439 48
f 4 48 438
f 4 438 46
f 4 46 437
f 4 437 44
f 4 44 436
f 4 436 42
f 4 42 435
f 4 435 40
f 4 40 434
f 4 434 38
f 4 38 433
f 4 433 36
f 4 36 432
f 4 432 34
f 4 34 431
f 4 431 32
f 4 32 430
f 4 430 30
f 4 30 429
f 4 429 28
f 4 28 428
f 4 428 26
f 4 26 427
f 4 427 24
f 4 24 426
f 4 426 22
f 4 22 425
f 4 425 20
f 4 20 424
f 4 424 18
f 4 18 423
f 4 423 16
f 4 16 422
f 4 422 14
f 4 14 421
f 4 421 12
f 4 12 420
f 4 420 10
f 4 10 419
f 4 419 8
f 4 8 418
f 4 418 6
f 4 6 417
f 1216 577 142
f 1216 142 524
f 1215 449 120
f 1215 120 503
f 1214 448 141
f 1214 141 523
f 1213 451 119
f 1213 119 502
f 1212 450 140
f 1212 140 522
f 1211 453 118
f 1211 118 501
f 1210 452 139
f 1210 139 521
f 1209 455 117
f 1209 117 500
f 1208 454 138
f 1208 138 520
f 1207 457 116
f 1207 116 499
f 1206 456 137
f 1206 137 519
f 1205 459 115
f 1205 115 498
f 1204 458 136
f 1204 136 518
f 1203 461 114
f 1203 114 497
f 1202 460 135
f 1202 135 517
f 1201 474 130
f 1201 130 543
f 1200 464 113
f 1200 113 496
f 1199 462 134
f 1199 134 516
f 1198 463 160
f 1198 160 542
f 1197 467 112
f 1197 112 495
f 1196 465 133
f 1196 133 515
f 1195 466 159
f 1195 159 541
f 1194 470 111
f 1194 111 494
f 1193 468 132
f 1193 132 514
f 1192 469 158
f 1192 158 540
f 1191 473 110
f 1191 110 493
f 1190 471 131
f 1190 131 513
f 1189 472 157
f 1189 157 539
f 1188 478 109
f 1188 109 492
f 1187 475 129
f 1187 129 512
f 1186 477 156
f 1186 156 538
f 1185 479 108
f 1185 108 491
f 1184 545 97
f 1184 97 480
f 1183 546 99
f 1183 99 481
f 1182 547 100
f 1182 100 482
f 1181 548 101
f 1181 101 483
f 1180 549 102
f 1180 102 484
f 1179 550 103
f 1179 103 485
f 1178 551 104
f 1178 104 486
f 1177 552 105
f 1177 105 487
f 1176 553 106
f 1176 106 488
f 1175 554 107
f 1175 107 489
f 1174 555 108
f 1174 108 490
f 1173 556 109
f 1173 109 491
f 1172 557 110
f 1172 110 492
f 1171 558 111
f 1171 111 493
f 1170 559 112
f 1170 112 494
f 1169 560 113
f 1169 113 495
f 1168 561 114
f 1168 114 496
f 1167 562 115
f 1167 115 497
f 1166 563 116
f 1166 116 498
f 1165 564 117
f 1165 117 499
f 1164 565 118
f 1164 118 500
f 1163 566 119
f 1163 119 501
f 1162 567 120
f 1162 120 502
f 1161 568 121
f 1161 121 503
f 1160 569 122
f 1160 122 504
f 1159 570 123
f 1159 123 505
f 1158 571 124
f 1158 124 506
f 1157 572 125
f 1157 125 507
f 1156 573 126
f 1156 126 508
f 1155 574 127
f 1155 127 509
f 1154 575 128
f 1154 128 510
f 1153 544 98
f 1153 98 511
f 1152 576 121
f 1152 121 504
f 1151 579 143
f 1151 143 525
f 1150 578 122
f 1150 122 505
f 1149 581 144
f 1149 144 526
f 1148 580 123
f 1148 123 506
f 1147 583 98
f 1147 98 480
f 1146 585 145
f 1146 145 527
f 1145 582 124
f 1145 124 507
f 1144 584 97
f 1144 97 481
f 1143 588 146
f 1143 146 528
f 1142 586 125
f 1142 125 508
f 1141 587 99
f 1141 99 482
f 1140 591 147
f 1140 147 529
f 1139 589 126
f 1139 126 509
f 1138 590 100
f 1138 100 483
f 1137 594 148
f 1137 148 530
f 1136 592 127
f 1136 127 510
f 1135 593 101
f 1135 101 484
f 1134 597 149
f 1134 149 531
f 1133 595 128
f 1133 128 511
f 1132 596 102
f 1132 102 485
f 1131 599 150
f 1131 150 532
f 1130 598 103
f 1130 103 486
f 1129 601 151
f 1129 151 533
f 1128 600 104
f 1128 104 487
f 1127 603 152
f 1127 152 534
f 1126 602 105
f 1126 105 488
f 1125 605 153
f 1125 153 535
f 1124 604 106
f 1124 106 489
f 1123 607 154
f 1123 154 536
f 1122 606 107
f 1122 107 490
f 1121 476 155
f 1121 155 537
f 1120 609 161
f 1120 161 608
f 1119 610 192
f 1119 192 382
f 1118 611 191
f 1118 191 380
f 1117 612 190
f 1117 190 378
f 1116 613 189
f 1116 189 376
f 1115 614 188
f 1115 188 374
f 1114 615 187
f 1114 187 372
f 1113 616 186
f 1113 186 370
f 1112 617 185
f 1112 185 368
f 1111 618 184
f 1111 184 366
f 1110 619 183
f 1110 183 364
f 1109 620 182
f 1109 182 362
f 1108 621 181
f 1108 181 360
f 1107 622 180
f 1107 180 358
f 1106 623 179
f 1106 179 356
f 1105 624 178
f 1105 178 354
f 1104 625 177
f 1104 177 352
f 1103 626 176
f 1103 176 350
f 1102 627 175
f 1102 175 348
f 1101 628 174
f 1101 174 346
f 1100 629 173
f 1100 173 344
f 1099 630 172
f 1099 172 342
f 1098 631 171
f 1098 171 340
f 1097 632 170
f 1097 170 338
f 1096 633 169
f 1096 169 336
f 1095 634 168
f 1095 168 334
f 1094 635 167
f 1094 167 332
f 1093 636 166
f 1093 166 330
f 1092 637 165
f 1092 165 328
f 1091 638 164
f 1091 164 326
f 1090 639 163
f 1090 163 324
f 1089 640 162
f 1089 162 322
f 1088 643 199
f 1088 199 644
f 1087 646 200
f 1087 200 647
f 1086 649 198
f 1086 198 650
f 1085 641 196
f 1085 196 653
f 1084 645 195
f 1084 195 655
f 1083 648 193
f 1083 193 657
f 1082 651 204
f 1082 204 660
f 1081 654 203
f 1081 203 662
f 1080 656 201
f 1080 201 664
f 1079 658 208
f 1079 208 667
f 1078 661 207
f 1078 207 669
f 1077 663 205
f 1077 205 671
f 1076 665 212
f 1076 212 674
f 1075 668 211
f 1075 211 676
f 1074 670 209
f 1074 209 678
f 1073 672 216
f 1073 216 681
f 1072 675 215
f 1072 215 683
f 1071 677 213
f 1071 213 685
f 1070 679 220
f 1070 220 688
f 1069 682 219
f 1069 219 690
f 1068 684 217
f 1068 217 692
f 1067 686 224
f 1067 224 695
f 1066 689 223
f 1066 223 697
f 1065 691 221
f 1065 221 699
f 1064 693 228
f 1064 228 702
f 1063 696 227
f 1063 227 704
f 1062 698 225
f 1062 225 706
f 1061 700 232
f 1061 232 709
f 1060 703 231
f 1060 231 711
f 1059 705 229
f 1059 229 713
f 1058 707 236
f 1058 236 716
f 1057 710 235
f 1057 235 718
f 1056 712 233
f 1056 233 720
f 1055 714 240
f 1055 240 723
f 1054 717 239
f 1054 239 725
f 1053 719 237
f 1053 237 727
f 1052 721 244
f 1052 244 730
f 1051 724 243
f 1051 243 732
f 1050 726 241
f 1050 241 734
f 1049 728 248
f 1049 248 737
f 1048 731 247
f 1048 247 739
f 1047 733 245
f 1047 245 741
f 1046 735 252
f 1046 252 744
f 1045 738 251
f 1045 251 746
f 1044 740 249
f 1044 249 748
f 1043 742 256
f 1043 256 751
f 1042 745 255
f 1042 255 753
f 1041 747 253
f 1041 253 755
f 1040 749 260
f 1040 260 758
f 1039 752 259
f 1039 259 760
f 1038 754 257
f 1038 257 762
f 1037 756 264
f 1037 264 765
f 1036 759 263
f 1036 263 767
f 1035 761 261
f 1035 261 769
f 1034 763 268
f 1034 268 772
f 1033 766 267
f 1033 267 774
f 1032 768 265
f 1032 265 776
f 1031 770 272
f 1031 272 779
f 1030 773 271
f 1030 271 781
f 1029 775 269
f 1029 269 783
f 1028 777 276
f 1028 276 786
f 1027 780 275
f 1027 275 788
f 1026 782 273
f 1026 273 790
f 1025 784 280
f 1025 280 793
f 1024 787 279
f 1024 279 795
f 1023 789 277
f 1023 277 797
f 1022 791 284
f 1022 284 800
f 1021 794 283
f 1021 283 802
f 1020 796 281
f 1020 281 804
f 1019 798 288
f 1019 288 807
f 1018 801 287
f 1018 287 809
f 1017 803 285
f 1017 285 811
f 1016 805 292
f 1016 292 814
f 1015 808 291
f 1015 291 816
f 1014 810 289
f 1014 289 818
f 1013 812 296
f 1013 296 821
f 1012 815 295
f 1012 295 823
f 1011 817 293
f 1011 293 825
f 1010 819 300
f 1010 300 828
f 1009 822 299
f 1009 299 830
f 1008 824 297
f 1008 297 832
f 1007 826 304
f 1007 304 835
f 1006 829 303
f 1006 303 837
f 1005 831 301
f 1005 301 839
f 1004 833 308
f 1004 308 842
f 1003 836 307
f 1003 307 844
f 1002 838 305
f 1002 305 846
f 1001 840 312
f 1001 312 849
f 1000 843 311
f 1000 311 851
f 999 845 309
f 999 309 853
f 998 847 316
f 998 316 856
f 997 850 315
f 997 315 858
f 996 852 313
f 996 313 860
f 995 854 320
f 995 320 862
f 994 857 319
f 994 319 863
f 993 859 317
f 993 317 864
f 992 866 193
f 992 193 650
f 991 652 202
f 991 202 868
f 990 869 201
f 990 201 657
f 989 642 194
f 989 194 867
f 988 861 197
f 988 197 870
f 987 865 198
f 987 198 864
f 986 659 206
f 986 206 873
f 985 874 205
f 985 205 664
f 984 666 210
f 984 210 875
f 983 876 209
f 983 209 671
f 982 673 214
f 982 214 877
f 981 878 213
f 981 213 678
f 980 680 218
f 980 218 879
f 979 880 217
f 979 217 685
f 978 687 222
f 978 222 881
f 977 882 221
f 977 221 692
f 976 694 226
f 976 226 883
f 975 884 225
f 975 225 699
f 974 701 230
f 974 230 885
f 973 886 229
f 973 229 706
f 972 708 234
f 972 234 887
f 971 888 233
f 971 233 713
f 970 715 238
f 970 238 889
f 969 890 237
f 969 237 720
f 968 722 242
f 968 242 891
f 967 892 241
f 967 241 727
f 966 729 246
f 966 246 893
f 965 894 245
f 965 245 734
f 964 736 250
f 964 250 895
f 963 896 249
f 963 249 741
f 962 743 254
f 962 254 897
f 961 898 253
f 961 253 748
f 960 750 258
f 960 258 899
f 959 900 257
f 959 257 755
f 958 757 262
f 958 262 901
f 957 902 261
f 957 261 762
f 956 764 266
f 956 266 903
f 955 904 265
f 955 265 769
f 954 771 270
f 954 270 905
f 953 906 269
f 953 269 776
f 952 778 274
f 952 274 907
f 951 908 273
f 951 273 783
f 950 785 278
f 950 278 909
f 949 910 277
f 949 277 790
f 948 792 282
f 948 282 911
f 947 912 281
f 947 281 797
f 946 799 286
f 946 286 913
f 945 914 285
f 945 285 804
f 944 806 290
f 944 290 915
f 943 916 289
f 943 289 811
f 942 813 294
f 942 294 917
f 941 918 293
f 941 293 818
f 940 820 298
f 940 298 919
f 939 920 297
f 939 297 825
f 938 827 302
f 938 302 921
f 937 922 301
f 937 301 832
f 936 834 306
f 936 306 923
f 935 924 305
f 935 305 839
f 934 841 310
f 934 310 925
f 933 926 309
f 933 309 846
f 932 848 314
f 932 314 927
f 931 928 313
f 931 313 853
f 930 855 318
f 930 318 871
f 929 872 317
f 929 317 860
f 928 929 860
f 928 860 313
f 95 414 929
f 95 929 928
f 414 96 872
f 414 872 929
f 610 930 871
f 610 871 192
f 191 927 930
f 191 930 610
f 927 314 855
f 927 855 930
f 926 931 853
f 926 853 309
f 94 413 931
f 94 931 926
f 413 95 928
f 413 928 931
f 611 932 927
f 611 927 191
f 190 925 932
f 190 932 611
f 925 310 848
f 925 848 932
f 924 933 846
f 924 846 305
f 93 412 933
f 93 933 924
f 412 94 926
f 412 926 933
f 612 934 925
f 612 925 190
f 189 923 934
f 189 934 612
f 923 306 841
f 923 841 934
f 922 935 839
f 922 839 301
f 92 411 935
f 92 935 922
f 411 93 924
f 411 924 935
f 613 936 923
f 613 923 189
f 188 921 936
f 188 936 613
f 921 302 834
f 921 834 936
f 920 937 832
f 920 832 297
f 91 410 937
f 91 937 920
f 410 92 922
f 410 922 937
f 614 938 921
f 614 921 188
f 187 919 938
f 187 938 614
f 919 298 827
f 919 827 938
f 918 939 825
f 918 825 293
f 90 409 939
f 90 939 918
f 409 91 920
f 409 920 939
f 615 940 919
f 615 919 187
f 186 917 940
f 186 940 615
f 917 294 820
f 917 820 940
f 916 941 818
f 916 818 289
f 89 408 941
f 89 941 916
f 408 90 918
f 408 918 941
f 616 942 917
f 616 917 186
f 185 915 942
f 185 942 616
f 915 290 813
f 915 813 942
f 914 943 811
f 914 811 285
f 88 407 943
f 88 943 914
f 407 89 916
f 407 916 943
f 617 944 915
f 617 915 185
f 184 913 944
f 184 944 617
f 913 286 806
f 913 806 944
f 912 945 804
f 912 804 281
f 87 406 945
f 87 945 912
f 406 88 914
f 406 914 945
f 618 946 913
f 618 913 184
f 183 911 946
f 183 946 618
f 911 282 799
f 911 799 946
f 910 947 797
f 910 797 277
f 86 405 947
f 86 947 910
f 405 87 912
f 405 912 947
f 619 948 911
f 619 911 183
f 182 909 948
f 182 948 619
f 909 278 792
f 909 792 948
f 908 949 790
f 908 790 273
f 85 404 949
f 85 949 908
f 404 86 910
f 404 910 949
f 620 950 909
f 620 909 182
f 181 907 950
f 181 950 620
f 907 274 785
f 907 785 950
f 906 951 783
f 906 783 269
f 84 403 951
f 84 951 906
f 403 85 908
f 403 908 951
f 621 952 907
f 621 907 181
f 180 905 952
f 180 952 621
f 905 270 778
f 905 778 952
f 904 953 776
f 904 776 265
f 83 402 953
f 83 953 904
f 402 84 906
f 402 906 953
f 622 954 905
f 622 905 180
f 179 903 954
f 179 954 622
f 903 266 771
f 903 771 954
f 902 955 769
f 902 769 261
f 82 401 955
f 82 955 902
f 401 83 904
f 401 904 955
f 623 956 903
f 623 903 179
f 178 901 956
f 178 956 623
f 901 262 764
f 901 764 956
f 900 957 762
f 900 762 257
f 81 400 957
f 81 957 900
f 400 82 902
f 400 902 957
f 624 958 901
f 624 901 178
f 177 899 958
f 177 958 624
f 899 258 757
f 899 757 958
f 898 959 755
f 898 755 253
f 80 399 959
f 80 959 898
f 399 81 900
f 399 900 959
f 625 960 899
f 625 899 177
f 176 897 960
f 176 960 625
f 897 254 750
f 897 750 960
f 896 961 748
f 896 748 249
f 79 398 961
f 79 961 896
f 398 80 898
f 398 898 961
f 626 962 897
f 626 897 176
f 175 895 962
f 175 962 626
f 895 250 743
f 895 743 962
f 894 963 741
f 894 741 245
f 78 397 963
f 78 963 894
f 397 79 896
f 397 896 963
f 627 964 895
f 627 895 175
f 174 893 964
f 174 964 627
f 893 246 736
f 893 736 964
f 892 965 734
f 892 734 241
f 77 396 965
f 77 965 892
f 396 78 894
f 396 894 965
f 628 966 893
f 628 893 174
f 173 891 966
f 173 966 628
f 891 242 729
f 891 729 966
f 890 967 727
f 890 727 237
f 76 395 967
f 76 967 890
f 395 77 892
f 395 892 967
f 629 968 891
f 629 891 173
f 172 889 968
f 172 968 629
f 889 238 722
f 889 722 968
f 888 969 720
f 888 720 233
f 75 394 969
f 75 969 888
f 394 76 890
f 394 890 969
f 630 970 889
f 630 889 172
f 171 887 970
f 171 970 630
f 887 234 715
f 887 715 970
f 886 971 713
f 886 713 229
f 74 393 971
f 74 971 886
f 393 75 888
f 393 888 971
f 631 972 887
f 631 887 171
f 170 885 972
f 170 972 631
f 885 230 708
f 885 708 972
f 884 973 706
f 884 706 225
f 73 392 973
f 73 973 884
f 392 74 886
f 392 886 973
f 632 974 885
f 632 885 170
f 169 883 974
f 169 974 632
f 883 226 701
f 883 701 974
f 882 975 699
f 882 699 221
f 72 391 975
f 72 975 882
f 391 73 884
f 391 884 975
f 633 976 883
f 633 883 169
f 168 881 976
f 168 976 633
f 881 222 694
f 881 694 976
f 880 977 692
f 880 692 217
f 71 390 977
f 71 977 880
f 390 72 882
f 390 882 977
f 634 978 881
f 634 881 168
f 167 879 978
f 167 978 634
f 879 218 687
f 879 687 978
f 878 979 685
f 878 685 213
f 70 389 979
f 70 979 878
f 389 71 880
f 389 880 979
f 635 980 879
f 635 879 167
f 166 877 980
f 166 980 635
f 877 214 680
f 877 680 980
f 876 981 678
f 876 678 209
f 69 388 981
f 69 981 876
f 388 70 878
f 388 878 981
f 636 982 877
f 636 877 166
f 165 875 982
f 165 982 636
f 875 210 673
f 875 673 982
f 874 983 671
f 874 671 205
f 68 387 983
f 68 983 874
f 387 69 876
f 387 876 983
f 637 984 875
f 637 875 165
f 164 873 984
f 164 984 637
f 873 206 666
f 873 666 984
f 869 985 664
f 869 664 201
f 67 386 985
f 67 985 869
f 386 68 874
f 386 874 985
f 638 986 873
f 638 873 164
f 163 868 986
f 163 986 638
f 868 202 659
f 868 659 986
f 872 987 864
f 872 864 317
f 96 415 987
f 96 987 872
f 415 66 865
f 415 865 987
f 609 988 870
f 609 870 161
f 192 871 988
f 192 988 609
f 871 318 861
f 871 861 988
f 640 989 867
f 640 867 162
f 161 870 989
f 161 989 640
f 870 197 642
f 870 642 989
f 866 990 657
f 866 657 193
f 65 385 990
f 65 990 866
f 385 67 869
f 385 869 990
f 639 991 868
f 639 868 163
f 162 867 991
f 162 991 639
f 867 194 652
f 867 652 991
f 865 992 650
f 865 650 198
f 66 384 992
f 66 992 865
f 384 65 866
f 384 866 992
f 649 993 864
f 649 864 198
f 200 863 993
f 200 993 649
f 863 319 859
f 863 859 993
f 646 994 863
f 646 863 200
f 199 862 994
f 199 994 646
f 862 320 857
f 862 857 994
f 643 995 862
f 643 862 199
f 197 861 995
f 197 995 643
f 861 318 854
f 861 854 995
f 859 996 860
f 859 860 317
f 319 858 996
f 319 996 859
f 858 315 852
f 858 852 996
f 857 997 858
f 857 858 319
f 320 856 997
f 320 997 857
f 856 316 850
f 856 850 997
f 854 998 856
f 854 856 320
f 318 855 998
f 318 998 854
f 855 314 847
f 855 847 998
f 852 999 853
f 852 853 313
f 315 851 999
f 315 999 852
f 851 311 845
f 851 845 999
f 850 1000 851
f 850 851 315
f 316 849 1000
f 316 1000 850
f 849 312 843
f 849 843 1000
f 847 1001 849
f 847 849 316
f 314 848 1001
f 314 1001 847
f 848 310 840
f 848 840 1001
f 845 1002 846
f 845 846 309
f 311 844 1002
f 311 1002 845
f 844 307 838
f 844 838 1002
f 843 1003 844
f 843 844 311
f 312 842 1003
f 312 1003 843
f 842 308 836
f 842 836 1003
f 840 1004 842
f 840 842 312
f 310 841 1004
f 310 1004 840
f 841 306 833
f 841 833 1004
f 838 1005 839
f 838 839 305
f 307 837 1005
f 307 1005 838
f 837 303 831
f 837 831 1005
f 836 1006 837
f 836 837 307
f 308 835 1006
f 308 1006 836
f 835 304 829
f 835 829 1006
f 833 1007 835
f 833 835 308
f 306 834 1007
f 306 1007 833
f 834 302 826
f 834 826 1007
f 831 1008 832
f 831 832 301
f 303 830 1008
f 303 1008 831
f 830 299 824
f 830 824 1008
f 829 1009 830
f 829 830 303
f 304 828 1009
f 304 1009 829
f 828 300 822
f 828 822 1009
f 826 1010 828
f 826 828 304
f 302 827 1010
f 302 1010 826
f 827 298 819
f 827 819 1010
f 824 1011 825
f 824 825 297
f 299 823 1011
f 299 1011 824
f 823 295 817
f 823 817 1011
f 822 1012 823
f 822 823 299
f 300 821 1012
f 300 1012 822
f 821 296 815
f 821 815 1012
f 819 1013 821
f 819 821 300
f 298 820 1013
f 298 1013 819
f 820 294 812
f 820 812 1013
f 817 1014 818
f 817 818 293
f 295 816 1014
f 295 1014 817
f 816 291 810
f 816 810 1014
f 815 1015 816
f 815 816 295
f 296 814 1015
f 296 1015 815
f 814 292 808
f 814 808 1015
f 812 1016 814
f 812 814 296
f 294 813 1016
f 294 1016 812
f 813 290 805
f 813 805 1016
f 810 1017 811
f 810 811 289
f 291 809 1017
f 291 1017 810
f 809 287 803
f 809 803 1017
f 808 1018 809
f 808 809 291
f 292 807 1018
f 292 1018 808
f 807 288 801
f 807 801 1018
f 805 1019 807
f 805 807 292
f 290 806 1019
f 290 1019 805
f 806 286 798
f 806 798 1019
f 803 1020 804
f 803 804 285
f 287 802 1020
f 287 1020 803
f 802 283 796
f 802 796 1020
f 801 1021 802
f 801 802 287
f 288 800 1021
f 288 1021 801
f 800 284 794
f 800 794 1021
f 798 1022 800
f 798 800 288
f 286 799 1022
f 286 1022 798
f 799 282 791
f 799 791 1022
f 796 1023 797
f 796 797 281
f 283 795 1023
f 283 1023 796
f 795 279 789
f 795 789 1023
f 794 1024 795
f 794 795 283
f 284 793 1024
f 284 1024 794
f 793 280 787
f 793 787 1024
f 791 1025 793
f 791 793 284
f 282 792 1025
f 282 1025 791
f 792 278 784
f 792 784 1025
f 789 1026 790
f 789 790 277
f 279 788 1026
f 279 1026 789
f 788 275 782
f 788 782 1026
f 787 1027 788
f 787 788 279
f 280 786 1027
f 280 1027 787
f 786 276 780
f 786 780 1027
f 784 1028 786
f 784 786 280
f 278 785 1028
f 278 1028 784
f 785 274 777
f 785 777 1028
f 782 1029 783
f 782 783 273
f 275 781 1029
f 275 1029 782
f 781 271 775
f 781 775 1029
f 780 1030 781
f 780 781 275
f 276 779 1030
f 276 1030 780
f 779 272 773
f 779 773 1030
f 777 1031 779
f 777 779 276
f 274 778 1031
f 274 1031 777
f 778 270 770
f 778 770 1031
f 775 1032 776
f 775 776 269
f 271 774 1032
f 271 1032 775
f 774 267 768
f 774 768 1032
f 773 1033 774
f 773 774 271
f 272 772 1033
f 272 1033 773
f 772 268 766
f 772 766 1033
f 770 1034 772
f 770 772 272
f 270 771 1034
f 270 1034 770
f 771 266 763
f 771 763 1034
f 768 1035 769
f 768 769 265
f 267 767 1035
f 267 1035 768
f 767 263 761
f 767 761 1035
f 766 1036 767
f 766 767 267
f 268 765 1036
f 268 1036 766
f 765 264 759
f 765 759 1036
f 763 1037 765
f 763 765 268
f 266 764 1037
f 266 1037 763
f 764 262 756
f 764 756 1037
f 761 1038 762
f 761 762 261
f 263 760 1038
f 263 1038 761
f 760 259 754
f 760 754 1038
f 759 1039 760
f 759 760 263
f 264 758 1039
f 264 1039 759
f 758 260 752
f 758 752 1039
f 756 1040 758
f 756 758 264
f 262 757 1040
f 262 1040 756
f 757 258 749
f 757 749 1040
f 754 1041 755
f 754 755 257
f 259 753 1041
f 259 1041 754
f 753 255 747
f 753 747 1041
f 752 1042 753
f 752 753 259
f 260 751 1042
f 260 1042 752
f 751 256 745
f 751 745 1042
f 749 1043 751
f 749 751 260
f 258 750 1043
f 258 1043 749
f 750 254 742
f 750 742 1043
f 747 1044 748
f 747 748 253
f 255 746 1044
f 255 1044 747
f 746 251 740
f 746 740 1044
f 745 1045 746
f 745 746 255
f 256 744 1045
f 256 1045 745
f 744 252 738
f 744 738 1045
f 742 1046 744
f 742 744 256
f 254 743 1046
f 254 1046 742
f 743 250 735
f 743 735 1046
f 740 1047 741
f 740 741 249
f 251 739 1047
f 251 1047 740
f 739 247 733
f 739 733 1047
f 738 1048 739
f 738 739 251
f 252 737 1048
f 252 1048 738
f 737 248 731
f 737 731 1048
f 735 1049 737
f 735 737 252
f 250 736 1049
f 250 1049 735
f 736 246 728
f 736 728 1049
f 733 1050 734
f 733 734 245
f 247 732 1050
f 247 1050 733
f 732 243 726
f 732 726 1050
f 731 1051 732
f 731 732 247
f 248 730 1051
f 248 1051 731
f 730 244 724
f 730 724 1051
f 728 1052 730
f 728 730 248
f 246 729 1052
f 246 1052 728
f 729 242 721
f 729 721 1052
f 726 1053 727
f 726 727 241
f 243 725 1053
f 243 1053 726
f 725 239 719
f 725 719 1053
f 724 1054 725
f 724 725 243
f 244 723 1054
f 244 1054 724
f 723 240 717
f 723 717 1054
f 721 1055 723
f 721 723 244
f 242 722 1055
f 242 1055 721
f 722 238 714
f 722 714 1055
f 719 1056 720
f 719 720 237
f 239 718 1056
f 239 1056 719
f 718 235 712
f 718 712 1056
f 717 1057 718
f 717 718 239
f 240 716 1057
f 240 1057 717
f 716 236 710
f 716 710 1057
f 714 1058 716
f 714 716 240
f 238 715 1058
f 238 1058 714
f 715 234 707
f 715 707 1058
f 712 1059 713
f 712 713 233
f 235 711 1059
f 235 1059 712
f 711 231 705
f 711 705 1059
f 710 1060 711
f 710 711 235
f 236 709 1060
f 236 1060 710
f 709 232 703
f 709 703 1060
f 707 1061 709
f 707 709 236
f 234 708 1061
f 234 1061 707
f 708 230 700
f 708 700 1061
f 705 1062 706
f 705 706 229
f 231 704 1062
f 231 1062 705
f 704 227 698
f 704 698 1062
f 703 1063 704
f 703 704 231
f 232 702 1063
f 232 1063 703
f 702 228 696
f 702 696 1063
f 700 1064 702
f 700 702 232
f 230 701 1064
f 230 1064 700
f 701 226 693
f 701 693 1064
f 698 1065 699
f 698 699 225
f 227 697 1065
f 227 1065 698
f 697 223 691
f 697 691 1065
f 696 1066 697
f 696 697 227
f 228 695 1066
f 228 1066 696
f 695 224 689
f 695 689 1066
f 693 1067 695
f 693 695 228
f 226 694 1067
f 226 1067 693
f 694 222 686
f 694 686 1067
f 691 1068 692
f 691 692 221
f 223 690 1068
f 223 1068 691
f 690 219 684
f 690 684 1068
f 689 1069 690
f 689 690 223
f 224 688 1069
f 224 1069 689
f 688 220 682
f 688 682 1069
f 686 1070 688
f 686 688 224
f 222 687 1070
f 222 1070 686
f 687 218 679
f 687 679 1070
f 684 1071 685
f 684 685 217
f 219 683 1071
f 219 1071 684
f 683 215 677
f 683 677 1071
f 682 1072 683
f 682 683 219
f 220 681 1072
f 220 1072 682
f 681 216 675
f 681 675 1072
f 679 1073 681
f 679 681 220
f 218 680 1073
f 218 1073 679
f 680 214 672
f 680 672 1073
f 677 1074 678
f 677 678 213
f 215 676 1074
f 215 1074 677
f 676 211 670
f 676 670 1074
f 675 1075 676
f 675 676 215
f 216 674 1075
f 216 1075 675
f 674 212 668
f 674 668 1075
f 672 1076 674
f 672 674 216
f 214 673 1076
f 214 1076 672
f 673 210 665
f 673 665 1076
f 670 1077 671
f 670 671 209
f 211 669 1077
f 211 1077 670
f 669 207 663
f 669 663 1077
f 668 1078 669
f 668 669 211
f 212 667 1078
f 212 1078 668
f 667 208 661
f 667 661 1078
f 665 1079 667
f 665 667 212
f 210 666 1079
f 210 1079 665
f 666 206 658
f 666 658 1079
f 663 1080 664
f 663 664 205
f 207 662 1080
f 207 1080 663
f 662 203 656
f 662 656 1080
f 661 1081 662
f 661 662 207
f 208 660 1081
f 208 1081 661
f 660 204 654
f 660 654 1081
f 658 1082 660
f 658 660 208
f 206 659 1082
f 206 1082 658
f 659 202 651
f 659 651 1082
f 656 1083 657
f 656 657 201
f 203 655 1083
f 203 1083 656
f 655 195 648
f 655 648 1083
f 654 1084 655
f 654 655 203
f 204 653 1084
f 204 1084 654
f 653 196 645
f 653 645 1084
f 651 1085 653
f 651 653 204
f 202 652 1085
f 202 1085 651
f 652 194 641
f 652 641 1085
f 648 1086 650
f 648 650 193
f 195 647 1086
f 195 1086 648
f 647 200 649
f 647 649 1086
f 645 1087 647
f 645 647 195
f 196 644 1087
f 196 1087 645
f 644 199 646
f 644 646 1087
f 641 1088 644
f 641 644 196
f 194 642 1088
f 194 1088 641
f 642 197 643
f 642 643 1088
f 321 1089 322
f 321 322 3
f 1 608 1089
f 1 1089 321
f 608 161 640
f 608 640 1089
f 323 1090 324
f 323 324 5
f 3 322 1090
f 3 1090 323
f 322 162 639
f 322 639 1090
f 325 1091 326
f 325 326 7
f 5 324 1091
f 5 1091 325
f 324 163 638
f 324 638 1091
f 327 1092 328
f 327 328 9
f 7 326 1092
f 7 1092 327
f 326 164 637
f 326 637 1092
f 329 1093 330
f 329 330 11
f 9 328 1093
f 9 1093 329
f 328 165 636
f 328 636 1093
f 331 1094 332
f 331 332 13
f 11 330 1094
f 11 1094 331
f 330 166 635
f 330 635 1094
f 333 1095 334
f 333 334 15
f 13 332 1095
f 13 1095 333
f 332 167 634
f 332 634 1095
f 335 1096 336
f 335 336 17
f 15 334 1096
f 15 1096 335
f 334 168 633
f 334 633 1096
f 337 1097 338
f 337 338 19
f 17 336 1097
f 17 1097 337
f 336 169 632
f 336 632 1097
f 339 1098 340
f 339 340 21
f 19 338 1098
f 19 1098 339
f 338 170 631
f 338 631 1098
f 341 1099 342
f 341 342 23
f 21 340 1099
f 21 1099 341
f 340 171 630
f 340 630 1099
f 343 1100 344
f 343 344 25
f 23 342 1100
f 23 1100 343
f 342 172 629
f 342 629 1100
f 345 1101 346
f 345 346 27
f 25 344 1101
f 25 1101 345
f 344 173 628
f 344 628 1101
f 347 1102 348
f 347 348 29
f 27 346 1102
f 27 1102 347
f 346 174 627
f 346 627 1102
f 349 1103 350
f 349 350 31
f 29 348 1103
f 29 1103 349
f 348 175 626
f 348 626 1103
f 351 1104 352
f 351 352 33
f 31 350 1104
f 31 1104 351
f 350 176 625
f 350 625 1104
f 353 1105 354
f 353 354 35
f 33 352 1105
f 33 1105 353
f 352 177 624
f 352 624 1105
f 355 1106 356
f 355 356 37
f 35 354 1106
f 35 1106 355
f 354 178 623
f 354 623 1106
f 357 1107 358
f 357 358 39
f 37 356 1107
f 37 1107 357
f 356 179 622
f 356 622 1107
f 359 1108 360
f 359 360 41
f 39 358 1108
f 39 1108 359
f 358 180 621
f 358 621 1108
f 361 1109 362
f 361 362 43
f 41 360 1109
f 41 1109 361
f 360 181 620
f 360 620 1109
f 363 1110 364
f 363 364 45
f 43 362 1110
f 43 1110 363
f 362 182 619
f 362 619 1110
f 365 1111 366
f 365 366 47
f 45 364 1111
f 45 1111 365
f 364 183 618
f 364 618 1111
f 367 1112 368
f 367 368 49
f 47 366 1112
f 47 1112 367
f 366 184 617
f 366 617 1112
f 369 1113 370
f 369 370 51
f 49 368 1113
f 49 1113 369
f 368 185 616
f 368 616 1113
f 371 1114 372
f 371 372 53
f 51 370 1114
f 51 1114 371
f 370 186 615
f 370 615 1114
f 373 1115 374
f 373 374 55
f 53 372 1115
f 53 1115 373
f 372 187 614
f 372 614 1115
f 375 1116 376
f 375 376 57
f 55 374 1116
f 55 1116 375
f 374 188 613
f 374 613 1116
f 377 1117 378
f 377 378 59
f 57 376 1117
f 57 1117 377
f 376 189 612
f 376 612 1117
f 379 1118 380
f 379 380 61
f 59 378 1118
f 59 1118 379
f 378 190 611
f 378 611 1118
f 381 1119 382
f 381 382 63
f 61 380 1119
f 61 1119 381
f 380 191 610
f 380 610 1119
f 383 1120 608
f 383 608 1
f 63 382 1120
f 63 1120 383
f 382 192 609
f 382 609 1120
f 607 1121 537
f 607 537 154
f 52 441 1121
f 52 1121 607
f 441 54 476
f 441 476 1121
f 479 1122 490
f 479 490 108
f 76 394 1122
f 76 1122 479
f 394 75 606
f 394 606 1122
f 605 1123 536
f 605 536 153
f 50 440 1123
f 50 1123 605
f 440 52 607
f 440 607 1123
f 606 1124 489
f 606 489 107
f 75 393 1124
f 75 1124 606
f 393 74 604
f 393 604 1124
f 603 1125 535
f 603 535 152
f 48 439 1125
f 48 1125 603
f 439 50 605
f 439 605 1125
f 604 1126 488
f 604 488 106
f 74 392 1126
f 74 1126 604
f 392 73 602
f 392 602 1126
f 601 1127 534
f 601 534 151
f 46 438 1127
f 46 1127 601
f 438 48 603
f 438 603 1127
f 602 1128 487
f 602 487 105
f 73 391 1128
f 73 1128 602
f 391 72 600
f 391 600 1128
f 599 1129 533
f 599 533 150
f 44 437 1129
f 44 1129 599
f 437 46 601
f 437 601 1129
f 600 1130 486
f 600 486 104
f 72 390 1130
f 72 1130 600
f 390 71 598
f 390 598 1130
f 597 1131 532
f 597 532 149
f 42 436 1131
f 42 1131 597
f 436 44 599
f 436 599 1131
f 598 1132 485
f 598 485 103
f 71 389 1132
f 71 1132 598
f 389 70 596
f 389 596 1132
f 583 1133 511
f 583 511 98
f 66 415 1133
f 66 1133 583
f 415 96 595
f 415 595 1133
f 594 1134 531
f 594 531 148
f 40 435 1134
f 40 1134 594
f 435 42 597
f 435 597 1134
f 596 1135 484
f 596 484 102
f 70 388 1135
f 70 1135 596
f 388 69 593
f 388 593 1135
f 595 1136 510
f 595 510 128
f 96 414 1136
f 96 1136 595
f 414 95 592
f 414 592 1136
f 591 1137 530
f 591 530 147
f 38 434 1137
f 38 1137 591
f 434 40 594
f 434 594 1137
f 593 1138 483
f 593 483 101
f 69 387 1138
f 69 1138 593
f 387 68 590
f 387 590 1138
f 592 1139 509
f 592 509 127
f 95 413 1139
f 95 1139 592
f 413 94 589
f 413 589 1139
f 588 1140 529
f 588 529 146
f 36 433 1140
f 36 1140 588
f 433 38 591
f 433 591 1140
f 590 1141 482
f 590 482 100
f 68 386 1141
f 68 1141 590
f 386 67 587
f 386 587 1141
f 589 1142 508
f 589 508 126
f 94 412 1142
f 94 1142 589
f 412 93 586
f 412 586 1142
f 585 1143 528
f 585 528 145
f 34 432 1143
f 34 1143 585
f 432 36 588
f 432 588 1143
f 587 1144 481
f 587 481 99
f 67 385 1144
f 67 1144 587
f 385 65 584
f 385 584 1144
f 586 1145 507
f 586 507 125
f 93 411 1145
f 93 1145 586
f 411 92 582
f 411 582 1145
f 581 1146 527
f 581 527 144
f 32 431 1146
f 32 1146 581
f 431 34 585
f 431 585 1146
f 584 1147 480
f 584 480 97
f 65 384 1147
f 65 1147 584
f 384 66 583
f 384 583 1147
f 582 1148 506
f 582 506 124
f 92 410 1148
f 92 1148 582
f 410 91 580
f 410 580 1148
f 579 1149 526
f 579 526 143
f 30 430 1149
f 30 1149 579
f 430 32 581
f 430 581 1149
f 580 1150 505
f 580 505 123
f 91 409 1150
f 91 1150 580
f 409 90 578
f 409 578 1150
f 577 1151 525
f 577 525 142
f 28 429 1151
f 28 1151 577
f 429 30 579
f 429 579 1151
f 578 1152 504
f 578 504 122
f 90 408 1152
f 90 1152 578
f 408 89 576
f 408 576 1152
f 575 1153 511
f 575 511 128
f 160 543 1153
f 160 1153 575
f 543 130 544
f 543 544 1153
f 574 1154 510
f 574 510 127
f 159 542 1154
f 159 1154 574
f 542 160 575
f 542 575 1154
f 573 1155 509
f 573 509 126
f 158 541 1155
f 158 1155 573
f 541 159 574
f 541 574 1155
f 572 1156 508
f 572 508 125
f 157 540 1156
f 157 1156 572
f 540 158 573
f 540 573 1156
f 571 1157 507
f 571 507 124
f 156 539 1157
f 156 1157 571
f 539 157 572
f 539 572 1157
f 570 1158 506
f 570 506 123
f 155 538 1158
f 155 1158 570
f 538 156 571
f 538 571 1158
f 569 1159 505
f 569 505 122
f 154 537 1159
f 154 1159 569
f 537 155 570
f 537 570 1159
f 568 1160 504
f 568 504 121
f 153 536 1160
f 153 1160 568
f 536 154 569
f 536 569 1160
f 567 1161 503
f 567 503 120
f 152 535 1161
f 152 1161 567
f 535 153 568
f 535 568 1161
f 566 1162 502
f 566 502 119
f 151 534 1162
f 151 1162 566
f 534 152 567
f 534 567 1162
f 565 1163 501
f 565 501 118
f 150 533 1163
f 150 1163 565
f 533 151 566
f 533 566 1163
f 564 1164 500
f 564 500 117
f 149 532 1164
f 149 1164 564
f 532 150 565
f 532 565 1164
f 563 1165 499
f 563 499 116
f 148 531 1165
f 148 1165 563
f 531 149 564
f 531 564 1165
f 562 1166 498
f 562 498 115
f 147 530 1166
f 147 1166 562
f 530 148 563
f 530 563 1166
f 561 1167 497
f 561 497 114
f 146 529 1167
f 146 1167 561
f 529 147 562
f 529 562 1167
f 560 1168 496
f 560 496 113
f 145 528 1168
f 145 1168 560
f 528 146 561
f 528 561 1168
f 559 1169 495
f 559 495 112
f 144 527 1169
f 144 1169 559
f 527 145 560
f 527 560 1169
f 558 1170 494
f 558 494 111
f 143 526 1170
f 143 1170 558
f 526 144 559
f 526 559 1170
f 557 1171 493
f 557 493 110
f 142 525 1171
f 142 1171 557
f 525 143 558
f 525 558 1171
f 556 1172 492
f 556 492 109
f 141 524 1172
f 141 1172 556
f 524 142 557
f 524 557 1172
f 555 1173 491
f 555 491 108
f 140 523 1173
f 140 1173 555
f 523 141 556
f 523 556 1173
f 554 1174 490
f 554 490 107
f 139 522 1174
f 139 1174 554
f 522 140 555
f 522 555 1174
f 553 1175 489
f 553 489 106
f 138 521 1175
f 138 1175 553
f 521 139 554
f 521 554 1175
f 552 1176 488
f 552 488 105
f 137 520 1176
f 137 1176 552
f 520 138 553
f 520 553 1176
f 551 1177 487
f 551 487 104
f 136 519 1177
f 136 1177 551
f 519 137 552
f 519 552 1177
f 550 1178 486
f 550 486 103
f 135 518 1178
f 135 1178 550
f 518 136 551
f 518 551 1178
f 549 1179 485
f 549 485 102
f 134 517 1179
f 134 1179 549
f 517 135 550
f 517 550 1179
f 548 1180 484
f 548 484 101
f 133 516 1180
f 133 1180 548
f 516 134 549
f 516 549 1180
f 547 1181 483
f 547 483 100
f 132 515 1181
f 132 1181 547
f 515 133 548
f 515 548 1181
f 546 1182 482
f 546 482 99
f 131 514 1182
f 131 1182 546
f 514 132 547
f 514 547 1182
f 545 1183 481
f 545 481 97
f 129 513 1183
f 129 1183 545
f 513 131 546
f 513 546 1183
f 544 1184 480
f 544 480 98
f 130 512 1184
f 130 1184 544
f 512 129 545
f 512 545 1184
f 478 1185 491
f 478 491 109
f 77 395 1185
f 77 1185 478
f 395 76 479
f 395 479 1185
f 476 1186 538
f 476 538 155
f 54 442 1186
f 54 1186 476
f 442 56 477
f 442 477 1186
f 474 1187 512
f 474 512 130
f 2 416 1187
f 2 1187 474
f 416 4 475
f 416 475 1187
f 473 1188 492
f 473 492 110
f 78 396 1188
f 78 1188 473
f 396 77 478
f 396 478 1188
f 477 1189 539
f 477 539 156
f 56 443 1189
f 56 1189 477
f 443 58 472
f 443 472 1189
f 475 1190 513
f 475 513 129
f 4 417 1190
f 4 1190 475
f 417 6 471
f 417 471 1190
f 470 1191 493
f 470 493 111
f 79 397 1191
f 79 1191 470
f 397 78 473
f 397 473 1191
f 472 1192 540
f 472 540 157
f 58 444 1192
f 58 1192 472
f 444 60 469
f 444 469 1192
f 471 1193 514
f 471 514 131
f 6 418 1193
f 6 1193 471
f 418 8 468
f 418 468 1193
f 467 1194 494
f 467 494 112
f 80 398 1194
f 80 1194 467
f 398 79 470
f 398 470 1194
f 469 1195 541
f 469 541 158
f 60 445 1195
f 60 1195 469
f 445 62 466
f 445 466 1195
f 468 1196 515
f 468 515 132
f 8 419 1196
f 8 1196 468
f 419 10 465
f 419 465 1196
f 464 1197 495
f 464 495 113
f 81 399 1197
f 81 1197 464
f 399 80 467
f 399 467 1197
f 466 1198 542
f 466 542 159
f 62 446 1198
f 62 1198 466
f 446 64 463
f 446 463 1198
f 465 1199 516
f 465 516 133
f 10 420 1199
f 10 1199 465
f 420 12 462
f 420 462 1199
f 461 1200 496
f 461 496 114
f 82 400 1200
f 82 1200 461
f 400 81 464
f 400 464 1200
f 463 1201 543
f 463 543 160
f 64 447 1201
f 64 1201 463
f 447 2 474
f 447 474 1201
f 462 1202 517
f 462 517 134
f 12 421 1202
f 12 1202 462
f 421 14 460
f 421 460 1202
f 459 1203 497
f 459 497 115
f 83 401 1203
f 83 1203 459
f 401 82 461
f 401 461 1203
f 460 1204 518
f 460 518 135
f 14 422 1204
f 14 1204 460
f 422 16 458
f 422 458 1204
f 457 1205 498
f 457 498 116
f 84 402 1205
f 84 1205 457
f 402 83 459
f 402 459 1205
f 458 1206 519
f 458 519 136
f 16 423 1206
f 16 1206 458
f 423 18 456
f 423 456 1206
f 455 1207 499
f 455 499 117
f 85 403 1207
f 85 1207 455
f 403 84 457
f 403 457 1207
f 456 1208 520
f 456 520 137
f 18 424 1208
f 18 1208 456
f 424 20 454
f 424 454 1208
f 453 1209 500
f 453 500 118
f 86 404 1209
f 86 1209 453
f 404 85 455
f 404 455 1209
f 454 1210 521
f 454 521 138
f 20 425 1210
f 20 1210 454
f 425 22 452
f 425 452 1210
f 451 1211 501
f 451 501 119
f 87 405 1211
f 87 1211 451
f 405 86 453
f 405 453 1211
f 452 1212 522
f 452 522 139
f 22 426 1212
f 22 1212 452
f 426 24 450
f 426 450 1212
f 449 1213 502
f 449 502 120
f 88 406 1213
f 88 1213 449
f 406 87 451
f 406 451 1213
f 450 1214 523
f 450 523 140
f 24 427 1214
f 24 1214 450
f 427 26 448
f 427 448 1214
f 576 1215 503
f 576 503 121
f 89 407 1215
f 89 1215 576
f 407 88 449
f 407 449 1215
f 448 1216 524
f 448 524 141
f 26 428 1216
f 26 1216 448
f 428 28 577
f 428 577 1216
f 1220 1222 1634
f 1220 1634 1224
f 1220 1224 1635
f 1220 1635 1226
f 1220 1226 1636
f 1220 1636 1228
f 1220 1228 1637
f 1220 1637 1230
f 1220 1230 1638
f 1220 1638 1232
f 1220 1232 1639
f 1220 1639 1234
f 1220 1234 1640
f 1220 1640 1236
f 1220 1236 1641
f 1220 1641 1238
f 1220 1238 1642
f 1220 1642 1240
f 1220 1240 1643
f 1220 1643 1242
f 1220 1242 1644
f 1220 1644 1244
f 1220 1244 1645
f 1220 1645 1246
f 1220 1246 1646
f 1220 1646 1248
f 1220 1248 1647
f 1220 1647 1250
f 1220 1250 1648
f 1220 1648 1252
f 1220 1252 1649
f 1220 1649 1254
f 1220 1254 1650
f 1220 1650 1256
f 1220 1256 1651
f 1220 1651 1258
f 1220 1258 1652
f 1220 1652 1260
f 1220 1260 1653
f 1220 1653 1262
f 1220 1262 1654
f 1220 1654 1264
f 1220 1264 1655
f 1220 1655 1266
f 1220 1266 1656
f 1220 1656 1268
f 1220 1268 1657
f 1220 1657 1270
f 1220 1270 1658
f 1220 1658 1272
f 1220 1272 1659
f 1220 1659 1274
f 1220 1274 1660
f 1220 1660 1276
f 1220 1276 1661
f 1220 1661 1278
f 1220 1278 1662
f 1220 1662 1280
f 1220 1280 1663
f 1220 1663 1218
f 2432 1740 1358
f 2432 1358 1793
f 2431 1719 1336
f 2431 1336 1665
f 2430 1739 1357
f 2430 1357 1664
f 2429 1718 1335
f 2429 1335 1667
f 2428 1738 1356
f 2428 1356 1666
f 2427 1717 1334
f 2427 1334 1669
f 2426 1737 1355
f 2426 1355 1668
f 2425 1716 1333
f 2425 1333 1671
f 2424 1736 1354
f 2424 1354 1670
f 2423 1715 1332
f 2423 1332 1673
f 2422 1735 1353
f 2422 1353 1672
f 2421 1714 1331
f 2421 1331 1675
f 2420 1734 1352
f 2420 1352 1674
f 2419 1713 1330
f 2419 1330 1677
f 2418 1733 1351
f 2418 1351 1676
f 2417 1759 1346
f 2417 1346 1690
f 2416 1712 1329
f 2416 1329 1680
f 2415 1732 1350
f 2415 1350 1678
f 2414 1758 1376
f 2414 1376 1679
f 2413 1711 1328
f 2413 1328 1683
f 2412 1731 1349
f 2412 1349 1681
f 2411 1757 1375
f 2411 1375 1682
f 2410 1710 1327
f 2410 1327 1686
f 2409 1730 1348
f 2409 1348 1684
f 2408 1756 1374
f 2408 1374 1685
f 2407 1709 1326
f 2407 1326 1689
f 2406 1729 1347
f 2406 1347 1687
f 2405 1755 1373
f 2405 1373 1688
f 2404 1708 1325
f 2404 1325 1694
f 2403 1728 1345
f 2403 1345 1691
f 2402 1754 1372
f 2402 1372 1693
f 2401 1707 1324
f 2401 1324 1695
f 2400 1696 1313
f 2400 1313 1761
f 2399 1697 1315
f 2399 1315 1762
f 2398 1698 1316
f 2398 1316 1763
f 2397 1699 1317
f 2397 1317 1764
f 2396 1700 1318
f 2396 1318 1765
f 2395 1701 1319
f 2395 1319 1766
f 2394 1702 1320
f 2394 1320 1767
f 2393 1703 1321
f 2393 1321 1768
f 2392 1704 1322
f 2392 1322 1769
f 2391 1705 1323
f 2391 1323 1770
f 2390 1706 1324
f 2390 1324 1771
f 2389 1707 1325
f 2389 1325 1772
f 2388 1708 1326
f 2388 1326 1773
f 2387 1709 1327
f 2387 1327 1774
f 2386 1710 1328
f 2386 1328 1775
f 2385 1711 1329
f 2385 1329 1776
f 2384 1712 1330
f 2384 1330 1777
f 2383 1713 1331
f 2383 1331 1778
f 2382 1714 1332
f 2382 1332 1779
f 2381 1715 1333
f 2381 1333 1780
f 2380 1716 1334
f 2380 1334 1781
f 2379 1717 1335
f 2379 1335 1782
f 2378 1718 1336
f 2378 1336 1783
f 2377 1719 1337
f 2377 1337 1784
f 2376 1720 1338
f 2376 1338 1785
f 2375 1721 1339
f 2375 1339 1786
f 2374 1722 1340
f 2374 1340 1787
f 2373 1723 1341
f 2373 1341 1788
f 2372 1724 1342
f 2372 1342 1789
f 2371 1725 1343
f 2371 1343 1790
f 2370 1726 1344
f 2370 1344 1791
f 2369 1727 1314
f 2369 1314 1760
f 2368 1720 1337
f 2368 1337 1792
f 2367 1741 1359
f 2367 1359 1795
f 2366 1721 1338
f 2366 1338 1794
f 2365 1742 1360
f 2365 1360 1797
f 2364 1722 1339
f 2364 1339 1796
f 2363 1696 1314
f 2363 1314 1799
f 2362 1743 1361
f 2362 1361 1801
f 2361 1723 1340
f 2361 1340 1798
f 2360 1697 1313
f 2360 1313 1800
f 2359 1744 1362
f 2359 1362 1804
f 2358 1724 1341
f 2358 1341 1802
f 2357 1698 1315
f 2357 1315 1803
f 2356 1745 1363
f 2356 1363 1807
f 2355 1725 1342
f 2355 1342 1805
f 2354 1699 1316
f 2354 1316 1806
f 2353 1746 1364
f 2353 1364 1810
f 2352 1726 1343
f 2352 1343 1808
f 2351 1700 1317
f 2351 1317 1809
f 2350 1747 1365
f 2350 1365 1813
f 2349 1727 1344
f 2349 1344 1811
f 2348 1701 1318
f 2348 1318 1812
f 2347 1748 1366
f 2347 1366 1815
f 2346 1702 1319
f 2346 1319 1814
f 2345 1749 1367
f 2345 1367 1817
f 2344 1703 1320
f 2344 1320 1816
f 2343 1750 1368
f 2343 1368 1819
f 2342 1704 1321
f 2342 1321 1818
f 2341 1751 1369
f 2341 1369 1821
f 2340 1705 1322
f 2340 1322 1820
f 2339 1752 1370
f 2339 1370 1823
f 2338 1706 1323
f 2338 1323 1822
f 2337 1753 1371
f 2337 1371 1692
f 2336 1824 1377
f 2336 1377 1825
f 2335 1598 1408
f 2335 1408 1826
f 2334 1596 1407
f 2334 1407 1827
f 2333 1594 1406
f 2333 1406 1828
f 2332 1592 1405
f 2332 1405 1829
f 2331 1590 1404
f 2331 1404 1830
f 2330 1588 1403
f 2330 1403 1831
f 2329 1586 1402
f 2329 1402 1832
f 2328 1584 1401
f 2328 1401 1833
f 2327 1582 1400
f 2327 1400 1834
f 2326 1580 1399
f 2326 1399 1835
f 2325 1578 1398
f 2325 1398 1836
f 2324 1576 1397
f 2324 1397 1837
f 2323 1574 1396
f 2323 1396 1838
f 2322 1572 1395
f 2322 1395 1839
f 2321 1570 1394
f 2321 1394 1840
f 2320 1568 1393
f 2320 1393 1841
f 2319 1566 1392
f 2319 1392 1842
f 2318 1564 1391
f 2318 1391 1843
f 2317 1562 1390
f 2317 1390 1844
f 2316 1560 1389
f 2316 1389 1845
f 2315 1558 1388
f 2315 1388 1846
f 2314 1556 1387
f 2314 1387 1847
f 2313 1554 1386
f 2313 1386 1848
f 2312 1552 1385
f 2312 1385 1849
f 2311 1550 1384
f 2311 1384 1850
f 2310 1548 1383
f 2310 1383 1851
f 2309 1546 1382
f 2309 1382 1852
f 2308 1544 1381
f 2308 1381 1853
f 2307 1542 1380
f 2307 1380 1854
f 2306 1540 1379
f 2306 1379 1855
f 2305 1538 1378
f 2305 1378 1856
f 2304 1860 1415
f 2304 1415 1859
f 2303 1863 1416
f 2303 1416 1862
f 2302 1866 1414
f 2302 1414 1865
f 2301 1869 1412
f 2301 1412 1857
f 2300 1871 1411
f 2300 1411 1861
f 2299 1873 1409
f 2299 1409 1864
f 2298 1876 1420
f 2298 1420 1867
f 2297 1878 1419
f 2297 1419 1870
f 2296 1880 1417
f 2296 1417 1872
f 2295 1883 1424
f 2295 1424 1874
f 2294 1885 1423
f 2294 1423 1877
f 2293 1887 1421
f 2293 1421 1879
f 2292 1890 1428
f 2292 1428 1881
f 2291 1892 1427
f 2291 1427 1884
f 2290 1894 1425
f 2290 1425 1886
f 2289 1897 1432
f 2289 1432 1888
f 2288 1899 1431
f 2288 1431 1891
f 2287 1901 1429
f 2287 1429 1893
f 2286 1904 1436
f 2286 1436 1895
f 2285 1906 1435
f 2285 1435 1898
f 2284 1908 1433
f 2284 1433 1900
f 2283 1911 1440
f 2283 1440 1902
f 2282 1913 1439
f 2282 1439 1905
f 2281 1915 1437
f 2281 1437 1907
f 2280 1918 1444
f 2280 1444 1909
f 2279 1920 1443
f 2279 1443 1912
f 2278 1922 1441
f 2278 1441 1914
f 2277 1925 1448
f 2277 1448 1916
f 2276 1927 1447
f 2276 1447 1919
f 2275 1929 1445
f 2275 1445 1921
f 2274 1932 1452
f 2274 1452 1923
f 2273 1934 1451
f 2273 1451 1926
f 2272 1936 1449
f 2272 1449 1928
f 2271 1939 1456
f 2271 1456 1930
f 2270 1941 1455
f 2270 1455 1933
f 2269 1943 1453
f 2269 1453 1935
f 2268 1946 1460
f 2268 1460 1937
f 2267 1948 1459
f 2267 1459 1940
f 2266 1950 1457
f 2266 1457 1942
f 2265 1953 1464
f 2265 1464 1944
f 2264 1955 1463
f 2264 1463 1947
f 2263 1957 1461
f 2263 1461 1949
f 2262 1960 1468
f 2262 1468 1951
f 2261 1962 1467
f 2261 1467 1954
f 2260 1964 1465
f 2260 1465 1956
f 2259 1967 1472
f 2259 1472 1958
f 2258 1969 1471
f 2258 1471 1961
f 2257 1971 1469
f 2257 1469 1963
f 2256 1974 1476
f 2256 1476 1965
f 2255 1976 1475
f 2255 1475 1968
f 2254 1978 1473
f 2254 1473 1970
f 2253 1981 1480
f 2253 1480 1972
f 2252 1983 1479
f 2252 1479 1975
f 2251 1985 1477
f 2251 1477 1977
f 2250 1988 1484
f 2250 1484 1979
f 2249 1990 1483
f 2249 1483 1982
f 2248 1992 1481
f 2248 1481 1984
f 2247 1995 1488
f 2247 1488 1986
f 2246 1997 1487
f 2246 1487 1989
f 2245 1999 1485
f 2245 1485 1991
f 2244 2002 1492
f 2244 1492 1993
f 2243 2004 1491
f 2243 1491 1996
f 2242 2006 1489
f 2242 1489 1998
f 2241 2009 1496
f 2241 1496 2000
f 2240 2011 1495
f 2240 1495 2003
f 2239 2013 1493
f 2239 1493 2005
f 2238 2016 1500
f 2238 1500 2007
f 2237 2018 1499
f 2237 1499 2010
f 2236 2020 1497
f 2236 1497 2012
f 2235 2023 1504
f 2235 1504 2014
f 2234 2025 1503
f 2234 1503 2017
f 2233 2027 1501
f 2233 1501 2019
f 2232 2030 1508
f 2232 1508 2021
f 2231 2032 1507
f 2231 1507 2024
f 2230 2034 1505
f 2230 1505 2026
f 2229 2037 1512
f 2229 1512 2028
f 2228 2039 1511
f 2228 1511 2031
f 2227 2041 1509
f 2227 1509 2033
f 2226 2044 1516
f 2226 1516 2035
f 2225 2046 1515
f 2225 1515 2038
f 2224 2048 1513
f 2224 1513 2040
f 2223 2051 1520
f 2223 1520 2042
f 2222 2053 1519
f 2222 1519 2045
f 2221 2055 1517
f 2221 1517 2047
f 2220 2058 1524
f 2220 1524 2049
f 2219 2060 1523
f 2219 1523 2052
f 2218 2062 1521
f 2218 1521 2054
f 2217 2065 1528
f 2217 1528 2056
f 2216 2067 1527
f 2216 1527 2059
f 2215 2069 1525
f 2215 1525 2061
f 2214 2072 1532
f 2214 1532 2063
f 2213 2074 1531
f 2213 1531 2066
f 2212 2076 1529
f 2212 1529 2068
f 2211 2078 1536
f 2211 1536 2070
f 2210 2079 1535
f 2210 1535 2073
f 2209 2080 1533
f 2209 1533 2075
f 2208 1866 1409
f 2208 1409 2082
f 2207 2084 1418
f 2207 1418 1868
f 2206 1873 1417
f 2206 1417 2085
f 2205 2083 1410
f 2205 1410 1858
f 2204 2086 1413
f 2204 1413 2077
f 2203 2080 1414
f 2203 1414 2081
f 2202 2089 1422
f 2202 1422 1875
f 2201 1880 1421
f 2201 1421 2090
f 2200 2091 1426
f 2200 1426 1882
f 2199 1887 1425
f 2199 1425 2092
f 2198 2093 1430
f 2198 1430 1889
f 2197 1894 1429
f 2197 1429 2094
f 2196 2095 1434
f 2196 1434 1896
f 2195 1901 1433
f 2195 1433 2096
f 2194 2097 1438
f 2194 1438 1903
f 2193 1908 1437
f 2193 1437 2098
f 2192 2099 1442
f 2192 1442 1910
f 2191 1915 1441
f 2191 1441 2100
f 2190 2101 1446
f 2190 1446 1917
f 2189 1922 1445
f 2189 1445 2102
f 2188 2103 1450
f 2188 1450 1924
f 2187 1929 1449
f 2187 1449 2104
f 2186 2105 1454
f 2186 1454 1931
f 2185 1936 1453
f 2185 1453 2106
f 2184 2107 1458
f 2184 1458 1938
f 2183 1943 1457
f 2183 1457 2108
f 2182 2109 1462
f 2182 1462 1945
f 2181 1950 1461
f 2181 1461 2110
f 2180 2111 1466
f 2180 1466 1952
f 2179 1957 1465
f 2179 1465 2112
f 2178 2113 1470
f 2178 1470 1959
f 2177 1964 1469
f 2177 1469 2114
f 2176 2115 1474
f 2176 1474 1966
f 2175 1971 1473
f 2175 1473 2116
f 2174 2117 1478
f 2174 1478 1973
f 2173 1978 1477
f 2173 1477 2118
f 2172 2119 1482
f 2172 1482 1980
f 2171 1985 1481
f 2171 1481 2120
f 2170 2121 1486
f 2170 1486 1987
f 2169 1992 1485
f 2169 1485 2122
f 2168 2123 1490
f 2168 1490 1994
f 2167 1999 1489
f 2167 1489 2124
f 2166 2125 1494
f 2166 1494 2001
f 2165 2006 1493
f 2165 1493 2126
f 2164 2127 1498
f 2164 1498 2008
f 2163 2013 1497
f 2163 1497 2128
f 2162 2129 1502
f 2162 1502 2015
f 2161 2020 1501
f 2161 1501 2130
f 2160 2131 1506
f 2160 1506 2022
f 2159 2027 1505
f 2159 1505 2132
f 2158 2133 1510
f 2158 1510 2029
f 2157 2034 1509
f 2157 1509 2134
f 2156 2135 1514
f 2156 1514 2036
f 2155 2041 1513
f 2155 1513 2136
f 2154 2137 1518
f 2154 1518 2043
f 2153 2048 1517
f 2153 1517 2138
f 2152 2139 1522
f 2152 1522 2050
f 2151 2055 1521
f 2151 1521 2140
f 2150 2141 1526
f 2150 1526 2057
f 2149 2062 1525
f 2149 1525 2142
f 2148 2143 1530
f 2148 1530 2064
f 2147 2069 1529
f 2147 1529 2144
f 2146 2087 1534
f 2146 1534 2071
f 2145 2076 1533
f 2145 1533 2088
f 2144 1529 2076
f 2144 2076 2145
f 1311 2144 2145
f 1311 2145 1630
f 1630 2145 2088
f 1630 2088 1312
f 1826 1408 2087
f 1826 2087 2146
f 1407 1826 2146
f 1407 2146 2143
f 2143 2146 2071
f 2143 2071 1530
f 2142 1525 2069
f 2142 2069 2147
f 1310 2142 2147
f 1310 2147 1629
f 1629 2147 2144
f 1629 2144 1311
f 1827 1407 2143
f 1827 2143 2148
f 1406 1827 2148
f 1406 2148 2141
f 2141 2148 2064
f 2141 2064 1526
f 2140 1521 2062
f 2140 2062 2149
f 1309 2140 2149
f 1309 2149 1628
f 1628 2149 2142
f 1628 2142 1310
f 1828 1406 2141
f 1828 2141 2150
f 1405 1828 2150
f 1405 2150 2139
f 2139 2150 2057
f 2139 2057 1522
f 2138 1517 2055
f 2138 2055 2151
f 1308 2138 2151
f 1308 2151 1627
f 1627 2151 2140
f 1627 2140 1309
f 1829 1405 2139
f 1829 2139 2152
f 1404 1829 2152
f 1404 2152 2137
f 2137 2152 2050
f 2137 2050 1518
f 2136 1513 2048
f 2136 2048 2153
f 1307 2136 2153
f 1307 2153 1626
f 1626 2153 2138
f 1626 2138 1308
f 1830 1404 2137
f 1830 2137 2154
f 1403 1830 2154
f 1403 2154 2135
f 2135 2154 2043
f 2135 2043 1514
f 2134 1509 2041
f 2134 2041 2155
f 1306 2134 2155
f 1306 2155 1625
f 1625 2155 2136
f 1625 2136 1307
f 1831 1403 2135
f 1831 2135 2156
f 1402 1831 2156
f 1402 2156 2133
f 2133 2156 2036
f 2133 2036 1510
f 2132 1505 2034
f 2132 2034 2157
f 1305 2132 2157
f 1305 2157 1624
f 1624 2157 2134
f 1624 2134 1306
f 1832 1402 2133
f 1832 2133 2158
f 1401 1832 2158
f 1401 2158 2131
f 2131 2158 2029
f 2131 2029 1506
f 2130 1501 2027
f 2130 2027 2159
f 1304 2130 2159
f 1304 2159 1623
f 1623 2159 2132
f 1623 2132 1305
f 1833 1401 2131
f 1833 2131 2160
f 1400 1833 2160
f 1400 2160 2129
f 2129 2160 2022
f 2129 2022 1502
f 2128 1497 2020
f 2128 2020 2161
f 1303 2128 2161
f 1303 2161 1622
f 1622 2161 2130
f 1622 2130 1304
f 1834 1400 2129
f 1834 2129 2162
f 1399 1834 2162
f 1399 2162 2127
f 2127 2162 2015
f 2127 2015 1498
f 2126 1493 2013
f 2126 2013 2163
f 1302 2126 2163
f 1302 2163 1621
f 1621 2163 2128
f 1621 2128 1303
f 1835 1399 2127
f 1835 2127 2164
f 1398 1835 2164
f 1398 2164 2125
f 2125 2164 2008
f 2125 2008 1494
f 2124 1489 2006
f 2124 2006 2165
f 1301 2124 2165
f 1301 2165 1620
f 1620 2165 2126
f 1620 2126 1302
f 1836 1398 2125
f 1836 2125 2166
f 1397 1836 2166
f 1397 2166 2123
f 2123 2166 2001
f 2123 2001 1490
f 2122 1485 1999
f 2122 1999 2167
f 1300 2122 2167
f 1300 2167 1619
f 1619 2167 2124
f 1619 2124 1301
f 1837 1397 2123
f 1837 2123 2168
f 1396 1837 2168
f 1396 2168 2121
f 2121 2168 1994
f 2121 1994 1486
f 2120 1481 1992
f 2120 1992 2169
f 1299 2120 2169
f 1299 2169 1618
f 1618 2169 2122
f 1618 2122 1300
f 1838 1396 2121
f 1838 2121 2170
f 1395 1838 2170
f 1395 2170 2119
f 2119 2170 1987
f 2119 1987 1482
f 2118 1477 1985
f 2118 1985 2171
f 1298 2118 2171
f 1298 2171 1617
f 1617 2171 2120
f 1617 2120 1299
f 1839 1395 2119
f 1839 2119 2172
f 1394 1839 2172
f 1394 2172 2117
f 2117 2172 1980
f 2117 1980 1478
f 2116 1473 1978
f 2116 1978 2173
f 1297 2116 2173
f 1297 2173 1616
f 1616 2173 2118
f 1616 2118 1298
f 1840 1394 2117
f 1840 2117 2174
f 1393 1840 2174
f 1393 2174 2115
f 2115 2174 1973
f 2115 1973 1474
f 2114 1469 1971
f 2114 1971 2175
f 1296 2114 2175
f 1296 2175 1615
f 1615 2175 2116
f 1615 2116 1297
f 1841 1393 2115
f 1841 2115 2176
f 1392 1841 2176
f 1392 2176 2113
f 2113 2176 1966
f 2113 1966 1470
f 2112 1465 1964
f 2112 1964 2177
f 1295 2112 2177
f 1295 2177 1614
f 1614 2177 2114
f 1614 2114 1296
f 1842 1392 2113
f 1842 2113 2178
f 1391 1842 2178
f 1391 2178 2111
f 2111 2178 1959
f 2111 1959 1466
f 2110 1461 1957
f 2110 1957 2179
f 1294 2110 2179
f 1294 2179 1613
f 1613 2179 2112
f 1613 2112 1295
f 1843 1391 2111
f 1843 2111 2180
f 1390 1843 2180
f 1390 2180 2109
f 2109 2180 1952
f 2109 1952 1462
f 2108 1457 1950
f 2108 1950 2181
f 1293 2108 2181
f 1293 2181 1612
f 1612 2181 2110
f 1612 2110 1294
f 1844 1390 2109
f 1844 2109 2182
f 1389 1844 2182
f 1389 2182 2107
f 2107 2182 1945
f 2107 1945 1458
f 2106 1453 1943
f 2106 1943 2183
f 1292 2106 2183
f 1292 2183 1611
f 1611 2183 2108
f 1611 2108 1293
f 1845 1389 2107
f 1845 2107 2184
f 1388 1845 2184
f 1388 2184 2105
f 2105 2184 1938
f 2105 1938 1454
f 2104 1449 1936
f 2104 1936 2185
f 1291 2104 2185
f 1291 2185 1610
f 1610 2185 2106
f 1610 2106 1292
f 1846 1388 2105
f 1846 2105 2186
f 1387 1846 2186
f 1387 2186 2103
f 2103 2186 1931
f 2103 1931 1450
f 2102 1445 1929
f 2102 1929 2187
f 1290 2102 2187
f 1290 2187 1609
f 1609 2187 2104
f 1609 2104 1291
f 1847 1387 2103
f 1847 2103 2188
f 1386 1847 2188
f 1386 2188 2101
f 2101 2188 1924
f 2101 1924 1446
f 2100 1441 1922
f 2100 1922 2189
f 1289 2100 2189
f 1289 2189 1608
f 1608 2189 2102
f 1608 2102 1290
f 1848 1386 2101
f 1848 2101 2190
f 1385 1848 2190
f 1385 2190 2099
f 2099 2190 1917
f 2099 1917 1442
f 2098 1437 1915
f 2098 1915 2191
f 1288 2098 2191
f 1288 2191 1607
f 1607 2191 2100
f 1607 2100 1289
f 1849 1385 2099
f 1849 2099 2192
f 1384 1849 2192
f 1384 2192 2097
f 2097 2192 1910
f 2097 1910 1438
f 2096 1433 1908
f 2096 1908 2193
f 1287 2096 2193
f 1287 2193 1606
f 1606 2193 2098
f 1606 2098 1288
f 1850 1384 2097
f 1850 2097 2194
f 1383 1850 2194
f 1383 2194 2095
f 2095 2194 1903
f 2095 1903 1434
f 2094 1429 1901
f 2094 1901 2195
f 1286 2094 2195
f 1286 2195 1605
f 1605 2195 2096
f 1605 2096 1287
f 1851 1383 2095
f 1851 2095 2196
f 1382 1851 2196
f 1382 2196 2093
f 2093 2196 1896
f 2093 1896 1430
f 2092 1425 1894
f 2092 1894 2197
f 1285 2092 2197
f 1285 2197 1604
f 1604 2197 2094
f 1604 2094 1286
f 1852 1382 2093
f 1852 2093 2198
f 1381 1852 2198
f 1381 2198 2091
f 2091 2198 1889
f 2091 1889 1426
f 2090 1421 1887
f 2090 1887 2199
f 1284 2090 2199
f 1284 2199 1603
f 1603 2199 2092
f 1603 2092 1285
f 1853 1381 2091
f 1853 2091 2200
f 1380 1853 2200
f 1380 2200 2089
f 2089 2200 1882
f 2089 1882 1422
f 2085 1417 1880
f 2085 1880 2201
f 1283 2085 2201
f 1283 2201 1602
f 1602 2201 2090
f 1602 2090 1284
f 1854 1380 2089
f 1854 2089 2202
f 1379 1854 2202
f 1379 2202 2084
f 2084 2202 1875
f 2084 1875 1418
f 2088 1533 2080
f 2088 2080 2203
f 1312 2088 2203
f 1312 2203 1631
f 1631 2203 2081
f 1631 2081 1282
f 1825 1377 2086
f 1825 2086 2204
f 1408 1825 2204
f 1408 2204 2087
f 2087 2204 2077
f 2087 2077 1534
f 1856 1378 2083
f 1856 2083 2205
f 1377 1856 2205
f 1377 2205 2086
f 2086 2205 1858
f 2086 1858 1413
f 2082 1409 1873
f 2082 1873 2206
f 1281 2082 2206
f 1281 2206 1601
f 1601 2206 2085
f 1601 2085 1283
f 1855 1379 2084
f 1855 2084 2207
f 1378 1855 2207
f 1378 2207 2083
f 2083 2207 1868
f 2083 1868 1410
f 2081 1414 1866
f 2081 1866 2208
f 1282 2081 2208
f 1282 2208 1600
f 1600 2208 2082
f 1600 2082 1281
f 1865 1414 2080
f 1865 2080 2209
f 1416 1865 2209
f 1416 2209 2079
f 2079 2209 2075
f 2079 2075 1535
f 1862 1416 2079
f 1862 2079 2210
f 1415 1862 2210
f 1415 2210 2078
f 2078 2210 2073
f 2078 2073 1536
f 1859 1415 2078
f 1859 2078 2211
f 1413 1859 2211
f 1413 2211 2077
f 2077 2211 2070
f 2077 2070 1534
f 2075 1533 2076
f 2075 2076 2212
f 1535 2075 2212
f 1535 2212 2074
f 2074 2212 2068
f 2074 2068 1531
f 2073 1535 2074
f 2073 2074 2213
f 1536 2073 2213
f 1536 2213 2072
f 2072 2213 2066
f 2072 2066 1532
f 2070 1536 2072
f 2070 2072 2214
f 1534 2070 2214
f 1534 2214 2071
f 2071 2214 2063
f 2071 2063 1530
f 2068 1529 2069
f 2068 2069 2215
f 1531 2068 2215
f 1531 2215 2067
f 2067 2215 2061
f 2067 2061 1527
f 2066 1531 2067
f 2066 2067 2216
f 1532 2066 2216
f 1532 2216 2065
f 2065 2216 2059
f 2065 2059 1528
f 2063 1532 2065
f 2063 2065 2217
f 1530 2063 2217
f 1530 2217 2064
f 2064 2217 2056
f 2064 2056 1526
f 2061 1525 2062
f 2061 2062 2218
f 1527 2061 2218
f 1527 2218 2060
f 2060 2218 2054
f 2060 2054 1523
f 2059 1527 2060
f 2059 2060 2219
f 1528 2059 2219
f 1528 2219 2058
f 2058 2219 2052
f 2058 2052 1524
f 2056 1528 2058
f 2056 2058 2220
f 1526 2056 2220
f 1526 2220 2057
f 2057 2220 2049
f 2057 2049 1522
f 2054 1521 2055
f 2054 2055 2221
f 1523 2054 2221
f 1523 2221 2053
f 2053 2221 2047
f 2053 2047 1519
f 2052 1523 2053
f 2052 2053 2222
f 1524 2052 2222
f 1524 2222 2051
f 2051 2222 2045
f 2051 2045 1520
f 2049 1524 2051
f 2049 2051 2223
f 1522 2049 2223
f 1522 2223 2050
f 2050 2223 2042
f 2050 2042 1518
f 2047 1517 2048
f 2047 2048 2224
f 1519 2047 2224
f 1519 2224 2046
f 2046 2224 2040
f 2046 2040 1515
f 2045 1519 2046
f 2045 2046 2225
f 1520 2045 2225
f 1520 2225 2044
f 2044 2225 2038
f 2044 2038 1516
f 2042 1520 2044
f 2042 2044 2226
f 1518 2042 2226
f 1518 2226 2043
f 2043 2226 2035
f 2043 2035 1514
f 2040 1513 2041
f 2040 2041 2227
f 1515 2040 2227
f 1515 2227 2039
f 2039 2227 2033
f 2039 2033 1511
f 2038 1515 2039
f 2038 2039 2228
f 1516 2038 2228
f 1516 2228 2037
f 2037 2228 2031
f 2037 2031 1512
f 2035 1516 2037
f 2035 2037 2229
f 1514 2035 2229
f 1514 2229 2036
f 2036 2229 2028
f 2036 2028 1510
f 2033 1509 2034
f 2033 2034 2230
f 1511 2033 2230
f 1511 2230 2032
f 2032 2230 2026
f 2032 2026 1507
f 2031 1511 2032
f 2031 2032 2231
f 1512 2031 2231
f 1512 2231 2030
f 2030 2231 2024
f 2030 2024 1508
f 2028 1512 2030
f 2028 2030 2232
f 1510 2028 2232
f 1510 2232 2029
f 2029 2232 2021
f 2029 2021 1506
f 2026 1505 2027
f 2026 2027 2233
f 1507 2026 2233
f 1507 2233 2025
f 2025 2233 2019
f 2025 2019 1503
f 2024 1507 2025
f 2024 2025 2234
f 1508 2024 2234
f 1508 2234 2023
f 2023 2234 2017
f 2023 2017 1504
f 2021 1508 2023
f 2021 2023 2235
f 1506 2021 2235
f 1506 2235 2022
f 2022 2235 2014
f 2022 2014 1502
f 2019 1501 2020
f 2019 2020 2236
f 1503 2019 2236
f 1503 2236 2018
f 2018 2236 2012
f 2018 2012 1499
f 2017 1503 2018
f 2017 2018 2237
f 1504 2017 2237
f 1504 2237 2016
f 2016 2237 2010
f 2016 2010 1500
f 2014 1504 2016
f 2014 2016 2238
f 1502 2014 2238
f 1502 2238 2015
f 2015 2238 2007
f 2015 2007 1498
f 2012 1497 2013
f 2012 2013 2239
f 1499 2012 2239
f 1499 2239 2011
f 2011 2239 2005
f 2011 2005 1495
f 2010 1499 2011
f 2010 2011 2240
f 1500 2010 2240
f 1500 2240 2009
f 2009 2240 2003
f 2009 2003 1496
f 2007 1500 2009
f 2007 2009 2241
f 1498 2007 2241
f 1498 2241 2008
f 2008 2241 2000
f 2008 2000 1494
f 2005 1493 2006
f 2005 2006 2242
f 1495 2005 2242
f 1495 2242 2004
f 2004 2242 1998
f 2004 1998 1491
f 2003 1495 2004
f 2003 2004 2243
f 1496 2003 2243
f 1496 2243 2002
f 2002 2243 1996
f 2002 1996 1492
f 2000 1496 2002
f 2000 2002 2244
f 1494 2000 2244
f 1494 2244 2001
f 2001 2244 1993
f 2001 1993 1490
f 1998 1489 1999
f 1998 1999 2245
f 1491 1998 2245
f 1491 2245 1997
f 1997 2245 1991
f 1997 1991 1487
f 1996 1491 1997
f 1996 1997 2246
f 1492 1996 2246
f 1492 2246 1995
f 1995 2246 1989
f 1995 1989 1488
f 1993 1492 1995
f 1993 1995 2247
f 1490 1993 2247
f 1490 2247 1994
f 1994 2247 1986
f 1994 1986 1486
f 1991 1485 1992
f 1991 1992 2248
f 1487 1991 2248
f 1487 2248 1990
f 1990 2248 1984
f 1990 1984 1483
f 1989 1487 1990
f 1989 1990 2249
f 1488 1989 2249
f 1488 2249 1988
f 1988 2249 1982
f 1988 1982 1484
f 1986 1488 1988
f 1986 1988 2250
f 1486 1986 2250
f 1486 2250 1987
f 1987 2250 1979
f 1987 1979 1482
f 1984 1481 1985
f 1984 1985 2251
f 1483 1984 2251
f 1483 2251 1983
f 1983 2251 1977
f 1983 1977 1479
f 1982 1483 1983
f 1982 1983 2252
f 1484 1982 2252
f 1484 2252 1981
f 1981 2252 1975
f 1981 1975 1480
f 1979 1484 1981
f 1979 1981 2253
f 1482 1979 2253
f 1482 2253 1980
f 1980 2253 1972
f 1980 1972 1478
f 1977 1477 1978
f 1977 1978 2254
f 1479 1977 2254
f 1479 2254 1976
f 1976 2254 1970
f 1976 1970 1475
f 1975 1479 1976
f 1975 1976 2255
f 1480 1975 2255
f 1480 2255 1974
f 1974 2255 1968
f 1974 1968 1476
f 1972 1480 1974
f 1972 1974 2256
f 1478 1972 2256
f 1478 2256 1973
f 1973 2256 1965
f 1973 1965 1474
f 1970 1473 1971
f 1970 1971 2257
f 1475 1970 2257
f 1475 2257 1969
f 1969 2257 1963
f 1969 1963 1471
f 1968 1475 1969
f 1968 1969 2258
f 1476 1968 2258
f 1476 2258 1967
f 1967 2258 1961
f 1967 1961 1472
f 1965 1476 1967
f 1965 1967 2259
f 1474 1965 2259
f 1474 2259 1966
f 1966 2259 1958
f 1966 1958 1470
f 1963 1469 1964
f 1963 1964 2260
f 1471 1963 2260
f 1471 2260 1962
f 1962 2260 1956
f 1962 1956 1467
f 1961 1471 1962
f 1961 1962 2261
f 1472 1961 2261
f 1472 2261 1960
f 1960 2261 1954
f 1960 1954 1468
f 1958 1472 1960
f 1958 1960 2262
f 1470 1958 2262
f 1470 2262 1959
f 1959 2262 1951
f 1959 1951 1466
f 1956 1465 1957
f 1956 1957 2263
f 1467 1956 2263
f 1467 2263 1955
f 1955 2263 1949
f 1955 1949 1463
f 1954 1467 1955
f 1954 1955 2264
f 1468 1954 2264
f 1468 2264 1953
f 1953 2264 1947
f 1953 1947 1464
f 1951 1468 1953
f 1951 1953 2265
f 1466 1951 2265
f 1466 2265 1952
f 1952 2265 1944
f 1952 1944 1462
f 1949 1461 1950
f 1949 1950 2266
f 1463 1949 2266
f 1463 2266 1948
f 1948 2266 1942
f 1948 1942 1459
f 1947 1463 1948
f 1947 1948 2267
f 1464 1947 2267
f 1464 2267 1946
f 1946 2267 1940
f 1946 1940 1460
f 1944 1464 1946
f 1944 1946 2268
f 1462 1944 2268
f 1462 2268 1945
f 1945 2268 1937
f 1945 1937 1458
f 1942 1457 1943
f 1942 1943 2269
f 1459 1942 2269
f 1459 2269 1941
f 1941 2269 1935
f 1941 1935 1455
f 1940 1459 1941
f 1940 1941 2270
f 1460 1940 2270
f 1460 2270 1939
f 1939 2270 1933
f 1939 1933 1456
f 1937 1460 1939
f 1937 1939 2271
f 1458 1937 2271
f 1458 2271 1938
f 1938 2271 1930
f 1938 1930 1454
f 1935 1453 1936
f 1935 1936 2272
f 1455 1935 2272
f 1455 2272 1934
f 1934 2272 1928
f 1934 1928 1451
f 1933 1455 1934
f 1933 1934 2273
f 1456 1933 2273
f 1456 2273 1932
f 1932 2273 1926
f 1932 1926 1452
f 1930 1456 1932
f 1930 1932 2274
f 1454 1930 2274
f 1454 2274 1931
f 1931 2274 1923
f 1931 1923 1450
f 1928 1449 1929
f 1928 1929 2275
f 1451 1928 2275
f 1451 2275 1927
f 1927 2275 1921
f 1927 1921 1447
f 1926 1451 1927
f 1926 1927 2276
f 1452 1926 2276
f 1452 2276 1925
f 1925 2276 1919
f 1925 1919 1448
f 1923 1452 1925
f 1923 1925 2277
f 1450 1923 2277
f 1450 2277 1924
f 1924 2277 1916
f 1924 1916 1446
f 1921 1445 1922
f 1921 1922 2278
f 1447 1921 2278
f 1447 2278 1920
f 1920 2278 1914
f 1920 1914 1443
f 1919 1447 1920
f 1919 1920 2279
f 1448 1919 2279
f 1448 2279 1918
f 1918 2279 1912
f 1918 1912 1444
f 1916 1448 1918
f 1916 1918 2280
f 1446 1916 2280
f 1446 2280 1917
f 1917 2280 1909
f 1917 1909 1442
f 1914 1441 1915
f 1914 1915 2281
f 1443 1914 2281
f 1443 2281 1913
f 1913 2281 1907
f 1913 1907 1439
f 1912 1443 1913
f 1912 1913 2282
f 1444 1912 2282
f 1444 2282 1911
f 1911 2282 1905
f 1911 1905 1440
f 1909 1444 1911
f 1909 1911 2283
f 1442 1909 2283
f 1442 2283 1910
f 1910 2283 1902
f 1910 1902 1438
f 1907 1437 1908
f 1907 1908 2284
f 1439 1907 2284
f 1439 2284 1906
f 1906 2284 1900
f 1906 1900 1435
f 1905 1439 1906
f 1905 1906 2285
f 1440 1905 2285
f 1440 2285 1904
f 1904 2285 1898
f 1904 1898 1436
f 1902 1440 1904
f 1902 1904 2286
f 1438 1902 2286
f 1438 2286 1903
f 1903 2286 1895
f 1903 1895 1434
f 1900 1433 1901
f 1900 1901 2287
f 1435 1900 2287
f 1435 2287 1899
f 1899 2287 1893
f 1899 1893 1431
f 1898 1435 1899
f 1898 1899 2288
f 1436 1898 2288
f 1436 2288 1897
f 1897 2288 1891
f 1897 1891 1432
f 1895 1436 1897
f 1895 1897 2289
f 1434 1895 2289
f 1434 2289 1896
f 1896 2289 1888
f 1896 1888 1430
f 1893 1429 1894
f 1893 1894 2290
f 1431 1893 2290
f 1431 2290 1892
f 1892 2290 1886
f 1892 1886 1427
f 1891 1431 1892
f 1891 1892 2291
f 1432 1891 2291
f 1432 2291 1890
f 1890 2291 1884
f 1890 1884 1428
f 1888 1432 1890
f 1888 1890 2292
f 1430 1888 2292
f 1430 2292 1889
f 1889 2292 1881
f 1889 1881 1426
f 1886 1425 1887
f 1886 1887 2293
f 1427 1886 2293
f 1427 2293 1885
f 1885 2293 1879
f 1885 1879 1423
f 1884 1427 1885
f 1884 1885 2294
f 1428 1884 2294
f 1428 2294 1883
f 1883 2294 1877
f 1883 1877 1424
f 1881 1428 1883
f 1881 1883 2295
f 1426 1881 2295
f 1426 2295 1882
f 1882 2295 1874
f 1882 1874 1422
f 1879 1421 1880
f 1879 1880 2296
f 1423 1879 2296
f 1423 2296 1878
f 1878 2296 1872
f 1878 1872 1419
f 1877 1423 1878
f 1877 1878 2297
f 1424 1877 2297
f 1424 2297 1876
f 1876 2297 1870
f 1876 1870 1420
f 1874 1424 1876
f 1874 1876 2298
f 1422 1874 2298
f 1422 2298 1875
f 1875 2298 1867
f 1875 1867 1418
f 1872 1417 1873
f 1872 1873 2299
f 1419 1872 2299
f 1419 2299 1871
f 1871 2299 1864
f 1871 1864 1411
f 1870 1419 1871
f 1870 1871 2300
f 1420 1870 2300
f 1420 2300 1869
f 1869 2300 1861
f 1869 1861 1412
f 1867 1420 1869
f 1867 1869 2301
f 1418 1867 2301
f 1418 2301 1868
f 1868 2301 1857
f 1868 1857 1410
f 1864 1409 1866
f 1864 1866 2302
f 1411 1864 2302
f 1411 2302 1863
f 1863 2302 1865
f 1863 1865 1416
f 1861 1411 1863
f 1861 1863 2303
f 1412 1861 2303
f 1412 2303 1860
f 1860 2303 1862
f 1860 1862 1415
f 1857 1412 1860
f 1857 1860 2304
f 1410 1857 2304
f 1410 2304 1858
f 1858 2304 1859
f 1858 1859 1413
f 1537 1219 1538
f 1537 1538 2305
f 1217 1537 2305
f 1217 2305 1824
f 1824 2305 1856
f 1824 1856 1377
f 1539 1221 1540
f 1539 1540 2306
f 1219 1539 2306
f 1219 2306 1538
f 1538 2306 1855
f 1538 1855 1378
f 1541 1223 1542
f 1541 1542 2307
f 1221 1541 2307
f 1221 2307 1540
f 1540 2307 1854
f 1540 1854 1379
f 1543 1225 1544
f 1543 1544 2308
f 1223 1543 2308
f 1223 2308 1542
f 1542 2308 1853
f 1542 1853 1380
f 1545 1227 1546
f 1545 1546 2309
f 1225 1545 2309
f 1225 2309 1544
f 1544 2309 1852
f 1544 1852 1381
f 1547 1229 1548
f 1547 1548 2310
f 1227 1547 2310
f 1227 2310 1546
f 1546 2310 1851
f 1546 1851 1382
f 1549 1231 1550
f 1549 1550 2311
f 1229 1549 2311
f 1229 2311 1548
f 1548 2311 1850
f 1548 1850 1383
f 1551 1233 1552
f 1551 1552 2312
f 1231 1551 2312
f 1231 2312 1550
f 1550 2312 1849
f 1550 1849 1384
f 1553 1235 1554
f 1553 1554 2313
f 1233 1553 2313
f 1233 2313 1552
f 1552 2313 1848
f 1552 1848 1385
f 1555 1237 1556
f 1555 1556 2314
f 1235 1555 2314
f 1235 2314 1554
f 1554 2314 1847
f 1554 1847 1386
f 1557 1239 1558
f 1557 1558 2315
f 1237 1557 2315
f 1237 2315 1556
f 1556 2315 1846
f 1556 1846 1387
f 1559 1241 1560
f 1559 1560 2316
f 1239 1559 2316
f 1239 2316 1558
f 1558 2316 1845
f 1558 1845 1388
f 1561 1243 1562
f 1561 1562 2317
f 1241 1561 2317
f 1241 2317 1560
f 1560 2317 1844
f 1560 1844 1389
f 1563 1245 1564
f 1563 1564 2318
f 1243 1563 2318
f 1243 2318 1562
f 1562 2318 1843
f 1562 1843 1390
f 1565 1247 1566
f 1565 1566 2319
f 1245 1565 2319
f 1245 2319 1564
f 1564 2319 1842
f 1564 1842 1391
f 1567 1249 1568
f 1567 1568 2320
f 1247 1567 2320
f 1247 2320 1566
f 1566 2320 1841
f 1566 1841 1392
f 1569 1251 1570
f 1569 1570 2321
f 1249 1569 2321
f 1249 2321 1568
f 1568 2321 1840
f 1568 1840 1393
f 1571 1253 1572
f 1571 1572 2322
f 1251 1571 2322
f 1251 2322 1570
f 1570 2322 1839
f 1570 1839 1394
f 1573 1255 1574
f 1573 1574 2323
f 1253 1573 2323
f 1253 2323 1572
f 1572 2323 1838
f 1572 1838 1395
f 1575 1257 1576
f 1575 1576 2324
f 1255 1575 2324
f 1255 2324 1574
f 1574 2324 1837
f 1574 1837 1396
f 1577 1259 1578
f 1577 1578 2325
f 1257 1577 2325
f 1257 2325 1576
f 1576 2325 1836
f 1576 1836 1397
f 1579 1261 1580
f 1579 1580 2326
f 1259 1579 2326
f 1259 2326 1578
f 1578 2326 1835
f 1578 1835 1398
f 1581 1263 1582
f 1581 1582 2327
f 1261 1581 2327
f 1261 2327 1580
f 1580 2327 1834
f 1580 1834 1399
f 1583 1265 1584
f 1583 1584 2328
f 1263 1583 2328
f 1263 2328 1582
f 1582 2328 1833
f 1582 1833 1400
f 1585 1267 1586
f 1585 1586 2329
f 1265 1585 2329
f 1265 2329 1584
f 1584 2329 1832
f 1584 1832 1401
f 1587 1269 1588
f 1587 1588 2330
f 1267 1587 2330
f 1267 2330 1586
f 1586 2330 1831
f 1586 1831 1402
f 1589 1271 1590
f 1589 1590 2331
f 1269 1589 2331
f 1269 2331 1588
f 1588 2331 1830
f 1588 1830 1403
f 1591 1273 1592
f 1591 1592 2332
f 1271 1591 2332
f 1271 2332 1590
f 1590 2332 1829
f 1590 1829 1404
f 1593 1275 1594
f 1593 1594 2333
f 1273 1593 2333
f 1273 2333 1592
f 1592 2333 1828
f 1592 1828 1405
f 1595 1277 1596
f 1595 1596 2334
f 1275 1595 2334
f 1275 2334 1594
f 1594 2334 1827
f 1594 1827 1406
f 1597 1279 1598
f 1597 1598 2335
f 1277 1597 2335
f 1277 2335 1596
f 1596 2335 1826
f 1596 1826 1407
f 1599 1217 1824
f 1599 1824 2336
f 1279 1599 2336
f 1279 2336 1598
f 1598 2336 1825
f 1598 1825 1408
f 1823 1370 1753
f 1823 1753 2337
f 1268 1823 2337
f 1268 2337 1657
f 1657 2337 1692
f 1657 1692 1270
f 1695 1324 1706
f 1695 1706 2338
f 1292 1695 2338
f 1292 2338 1610
f 1610 2338 1822
f 1610 1822 1291
f 1821 1369 1752
f 1821 1752 2339
f 1266 1821 2339
f 1266 2339 1656
f 1656 2339 1823
f 1656 1823 1268
f 1822 1323 1705
f 1822 1705 2340
f 1291 1822 2340
f 1291 2340 1609
f 1609 2340 1820
f 1609 1820 1290
f 1819 1368 1751
f 1819 1751 2341
f 1264 1819 2341
f 1264 2341 1655
f 1655 2341 1821
f 1655 1821 1266
f 1820 1322 1704
f 1820 1704 2342
f 1290 1820 2342
f 1290 2342 1608
f 1608 2342 1818
f 1608 1818 1289
f 1817 1367 1750
f 1817 1750 2343
f 1262 1817 2343
f 1262 2343 1654
f 1654 2343 1819
f 1654 1819 1264
f 1818 1321 1703
f 1818 1703 2344
f 1289 1818 2344
f 1289 2344 1607
f 1607 2344 1816
f 1607 1816 1288
f 1815 1366 1749
f 1815 1749 2345
f 1260 1815 2345
f 1260 2345 1653
f 1653 2345 1817
f 1653 1817 1262
f 1816 1320 1702
f 1816 1702 2346
f 1288 1816 2346
f 1288 2346 1606
f 1606 2346 1814
f 1606 1814 1287
f 1813 1365 1748
f 1813 1748 2347
f 1258 1813 2347
f 1258 2347 1652
f 1652 2347 1815
f 1652 1815 1260
f 1814 1319 1701
f 1814 1701 2348
f 1287 1814 2348
f 1287 2348 1605
f 1605 2348 1812
f 1605 1812 1286
f 1799 1314 1727
f 1799 1727 2349
f 1282 1799 2349
f 1282 2349 1631
f 1631 2349 1811
f 1631 1811 1312
f 1810 1364 1747
f 1810 1747 2350
f 1256 1810 2350
f 1256 2350 1651
f 1651 2350 1813
f 1651 1813 1258
f 1812 1318 1700
f 1812 1700 2351
f 1286 1812 2351
f 1286 2351 1604
f 1604 2351 1809
f 1604 1809 1285
f 1811 1344 1726
f 1811 1726 2352
f 1312 1811 2352
f 1312 2352 1630
f 1630 2352 1808
f 1630 1808 1311
f 1807 1363 1746
f 1807 1746 2353
f 1254 1807 2353
f 1254 2353 1650
f 1650 2353 1810
f 1650 1810 1256
f 1809 1317 1699
f 1809 1699 2354
f 1285 1809 2354
f 1285 2354 1603
f 1603 2354 1806
f 1603 1806 1284
f 1808 1343 1725
f 1808 1725 2355
f 1311 1808 2355
f 1311 2355 1629
f 1629 2355 1805
f 1629 1805 1310
f 1804 1362 1745
f 1804 1745 2356
f 1252 1804 2356
f 1252 2356 1649
f 1649 2356 1807
f 1649 1807 1254
f 1806 1316 1698
f 1806 1698 2357
f 1284 1806 2357
f 1284 2357 1602
f 1602 2357 1803
f 1602 1803 1283
f 1805 1342 1724
f 1805 1724 2358
f 1310 1805 2358
f 1310 2358 1628
f 1628 2358 1802
f 1628 1802 1309
f 1801 1361 1744
f 1801 1744 2359
f 1250 1801 2359
f 1250 2359 1648
f 1648 2359 1804
f 1648 1804 1252
f 1803 1315 1697
f 1803 1697 2360
f 1283 1803 2360
f 1283 2360 1601
f 1601 2360 1800
f 1601 1800 1281
f 1802 1341 1723
f 1802 1723 2361
f 1309 1802 2361
f 1309 2361 1627
f 1627 2361 1798
f 1627 1798 1308
f 1797 1360 1743
f 1797 1743 2362
f 1248 1797 2362
f 1248 2362 1647
f 1647 2362 1801
f 1647 1801 1250
f 1800 1313 1696
f 1800 1696 2363
f 1281 1800 2363
f 1281 2363 1600
f 1600 2363 1799
f 1600 1799 1282
f 1798 1340 1722
f 1798 1722 2364
f 1308 1798 2364
f 1308 2364 1626
f 1626 2364 1796
f 1626 1796 1307
f 1795 1359 1742
f 1795 1742 2365
f 1246 1795 2365
f 1246 2365 1646
f 1646 2365 1797
f 1646 1797 1248
f 1796 1339 1721
f 1796 1721 2366
f 1307 1796 2366
f 1307 2366 1625
f 1625 2366 1794
f 1625 1794 1306
f 1793 1358 1741
f 1793 1741 2367
f 1244 1793 2367
f 1244 2367 1645
f 1645 2367 1795
f 1645 1795 1246
f 1794 1338 1720
f 1794 1720 2368
f 1306 1794 2368
f 1306 2368 1624
f 1624 2368 1792
f 1624 1792 1305
f 1791 1344 1727
f 1791 1727 2369
f 1376 1791 2369
f 1376 2369 1759
f 1759 2369 1760
f 1759 1760 1346
f 1790 1343 1726
f 1790 1726 2370
f 1375 1790 2370
f 1375 2370 1758
f 1758 2370 1791
f 1758 1791 1376
f 1789 1342 1725
f 1789 1725 2371
f 1374 1789 2371
f 1374 2371 1757
f 1757 2371 1790
f 1757 1790 1375
f 1788 1341 1724
f 1788 1724 2372
f 1373 1788 2372
f 1373 2372 1756
f 1756 2372 1789
f 1756 1789 1374
f 1787 1340 1723
f 1787 1723 2373
f 1372 1787 2373
f 1372 2373 1755
f 1755 2373 1788
f 1755 1788 1373
f 1786 1339 1722
f 1786 1722 2374
f 1371 1786 2374
f 1371 2374 1754
f 1754 2374 1787
f 1754 1787 1372
f 1785 1338 1721
f 1785 1721 2375
f 1370 1785 2375
f 1370 2375 1753
f 1753 2375 1786
f 1753 1786 1371
f 1784 1337 1720
f 1784 1720 2376
f 1369 1784 2376
f 1369 2376 1752
f 1752 2376 1785
f 1752 1785 1370
f 1783 1336 1719
f 1783 1719 2377
f 1368 1783 2377
f 1368 2377 1751
f 1751 2377 1784
f 1751 1784 1369
f 1782 1335 1718
f 1782 1718 2378
f 1367 1782 2378
f 1367 2378 1750
f 1750 2378 1783
f 1750 1783 1368
f 1781 1334 1717
f 1781 1717 2379
f 1366 1781 2379
f 1366 2379 1749
f 1749 2379 1782
f 1749 1782 1367
f 1780 1333 1716
f 1780 1716 2380
f 1365 1780 2380
f 1365 2380 1748
f 1748 2380 1781
f 1748 1781 1366
f 1779 1332 1715
f 1779 1715 2381
f 1364 1779 2381
f 1364 2381 1747
f 1747 2381 1780
f 1747 1780 1365
f 1778 1331 1714
f 1778 1714 2382
f 1363 1778 2382
f 1363 2382 1746
f 1746 2382 1779
f 1746 1779 1364
f 1777 1330 1713
f 1777 1713 2383
f 1362 1777 2383
f 1362 2383 1745
f 1745 2383 1778
f 1745 1778 1363
f 1776 1329 1712
f 1776 1712 2384
f 1361 1776 2384
f 1361 2384 1744
f 1744 2384 1777
f 1744 1777 1362
f 1775 1328 1711
f 1775 1711 2385
f 1360 1775 2385
f 1360 2385 1743
f 1743 2385 1776
f 1743 1776 1361
f 1774 1327 1710
f 1774 1710 2386
f 1359 1774 2386
f 1359 2386 1742
f 1742 2386 1775
f 1742 1775 1360
f 1773 1326 1709
f 1773 1709 2387
f 1358 1773 2387
f 1358 2387 1741
f 1741 2387 1774
f 1741 1774 1359
f 1772 1325 1708
f 1772 1708 2388
f 1357 1772 2388
f 1357 2388 1740
f 1740 2388 1773
f 1740 1773 1358
f 1771 1324 1707
f 1771 1707 2389
f 1356 1771 2389
f 1356 2389 1739
f 1739 2389 1772
f 1739 1772 1357
f 1770 1323 1706
f 1770 1706 2390
f 1355 1770 2390
f 1355 2390 1738
f 1738 2390 1771
f 1738 1771 1356
f 1769 1322 1705
f 1769 1705 2391
f 1354 1769 2391
f 1354 2391 1737
f 1737 2391 1770
f 1737 1770 1355
f 1768 1321 1704
f 1768 1704 2392
f 1353 1768 2392
f 1353 2392 1736
f 1736 2392 1769
f 1736 1769 1354
f 1767 1320 1703
f 1767 1703 2393
f 1352 1767 2393
f 1352 2393 1735
f 1735 2393 1768
f 1735 1768 1353
f 1766 1319 1702
f 1766 1702 2394
f 1351 1766 2394
f 1351 2394 1734
f 1734 2394 1767
f 1734 1767 1352
f 1765 1318 1701
f 1765 1701 2395
f 1350 1765 2395
f 1350 2395 1733
f 1733 2395 1766
f 1733 1766 1351
f 1764 1317 1700
f 1764 1700 2396
f 1349 1764 2396
f 1349 2396 1732
f 1732 2396 1765
f 1732 1765 1350
f 1763 1316 1699
f 1763 1699 2397
f 1348 1763 2397
f 1348 2397 1731
f 1731 2397 1764
f 1731 1764 1349
f 1762 1315 1698
f 1762 1698 2398
f 1347 1762 2398
f 1347 2398 1730
f 1730 2398 1763
f 1730 1763 1348
f 1761 1313 1697
f 1761 1697 2399
f 1345 1761 2399
f 1345 2399 1729
f 1729 2399 1762
f 1729 1762 1347
f 1760 1314 1696
f 1760 1696 2400
f 1346 1760 2400
f 1346 2400 1728
f 1728 2400 1761
f 1728 1761 1345
f 1694 1325 1707
f 1694 1707 2401
f 1293 1694 2401
f 1293 2401 1611
f 1611 2401 1695
f 1611 1695 1292
f 1692 1371 1754
f 1692 1754 2402
f 1270 1692 2402
f 1270 2402 1658
f 1658 2402 1693
f 1658 1693 1272
f 1690 1346 1728
f 1690 1728 2403
f 1218 1690 2403
f 1218 2403 1632
f 1632 2403 1691
f 1632 1691 1220
f 1689 1326 1708
f 1689 1708 2404
f 1294 1689 2404
f 1294 2404 1612
f 1612 2404 1694
f 1612 1694 1293
f 1693 1372 1755
f 1693 1755 2405
f 1272 1693 2405
f 1272 2405 1659
f 1659 2405 1688
f 1659 1688 1274
f 1691 1345 1729
f 1691 1729 2406
f 1220 1691 2406
f 1220 2406 1633
f 1633 2406 1687
f 1633 1687 1222
f 1686 1327 1709
f 1686 1709 2407
f 1295 1686 2407
f 1295 2407 1613
f 1613 2407 1689
f 1613 1689 1294
f 1688 1373 1756
f 1688 1756 2408
f 1274 1688 2408
f 1274 2408 1660
f 1660 2408 1685
f 1660 1685 1276
f 1687 1347 1730
f 1687 1730 2409
f 1222 1687 2409
f 1222 2409 1634
f 1634 2409 1684
f 1634 1684 1224
f 1683 1328 1710
f 1683 1710 2410
f 1296 1683 2410
f 1296 2410 1614
f 1614 2410 1686
f 1614 1686 1295
f 1685 1374 1757
f 1685 1757 2411
f 1276 1685 2411
f 1276 2411 1661
f 1661 2411 1682
f 1661 1682 1278
f 1684 1348 1731
f 1684 1731 2412
f 1224 1684 2412
f 1224 2412 1635
f 1635 2412 1681
f 1635 1681 1226
f 1680 1329 1711
f 1680 1711 2413
f 1297 1680 2413
f 1297 2413 1615
f 1615 2413 1683
f 1615 1683 1296
f 1682 1375 1758
f 1682 1758 2414
f 1278 1682 2414
f 1278 2414 1662
f 1662 2414 1679
f 1662 1679 1280
f 1681 1349 1732
f 1681 1732 2415
f 1226 1681 2415
f 1226 2415 1636
f 1636 2415 1678
f 1636 1678 1228
f 1677 1330 1712
f 1677 1712 2416
f 1298 1677 2416
f 1298 2416 1616
f 1616 2416 1680
f 1616 1680 1297
f 1679 1376 1759
f 1679 1759 2417
f 1280 1679 2417
f 1280 2417 1663
f 1663 2417 1690
f 1663 1690 1218
f 1678 1350 1733
f 1678 1733 2418
f 1228 1678 2418
f 1228 2418 1637
f 1637 2418 1676
f 1637 1676 1230
f 1675 1331 1713
f 1675 1713 2419
f 1299 1675 2419
f 1299 2419 1617
f 1617 2419 1677
f 1617 1677 1298
f 1676 1351 1734
f 1676 1734 2420
f 1230 1676 2420
f 1230 2420 1638
f 1638 2420 1674
f 1638 1674 1232
f 1673 1332 1714
f 1673 1714 2421
f 1300 1673 2421
f 1300 2421 1618
f 1618 2421 1675
f 1618 1675 1299
f 1674 1352 1735
f 1674 1735 2422
f 1232 1674 2422
f 1232 2422 1639
f 1639 2422 1672
f 1639 1672 1234
f 1671 1333 1715
f 1671 1715 2423
f 1301 1671 2423
f 1301 2423 1619
f 1619 2423 1673
f 1619 1673 1300
f 1672 1353 1736
f 1672 1736 2424
f 1234 1672 2424
f 1234 2424 1640
f 1640 2424 1670
f 1640 1670 1236
f 1669 1334 1716
f 1669 1716 2425
f 1302 1669 2425
f 1302 2425 1620
f 1620 2425 1671
f 1620 1671 1301
f 1670 1354 1737
f 1670 1737 2426
f 1236 1670 2426
f 1236 2426 1641
f 1641 2426 1668
f 1641 1668 1238
f 1667 1335 1717
f 1667 1717 2427
f 1303 1667 2427
f 1303 2427 1621
f 1621 2427 1669
f 1621 1669 1302
f 1668 1355 1738
f 1668 1738 2428
f 1238 1668 2428
f 1238 2428 1642
f 1642 2428 1666
f 1642 1666 1240
f 1665 1336 1718
f 1665 1718 2429
f 1304 1665 2429
f 1304 2429 1622
f 1622 2429 1667
f 1622 1667 1303
f 1666 1356 1739
f 1666 1739 2430
f 1240 1666 2430
f 1240 2430 1643
f 1643 2430 1664
f 1643 1664 1242
f 1792 1337 1719
f 1792 1719 2431
f 1305 1792 2431
f 1305 2431 1623
f 1623 2431 1665
f 1623 1665 1304
f 1664 1357 1740
f 1664 1740 2432
f 1242 1664 2432
f 1242 2432 1644
f 1644 2432 1793
f 1644 1793 1244
f 321 3 1219
f 321 1219 1537
f 323 5 1221
f 323 1221 1539
f 325 7 1223
f 325 1223 1541
f 327 9 1225
f 327 1225 1543
f 329 11 1227
f 329 1227 1545
f 331 13 1229
f 331 1229 1547
f 333 15 1231
f 333 1231 1549
f 335 17 1233
f 335 1233 1551
f 337 19 1235
f 337 1235 1553
f 339 21 1237
f 339 1237 1555
f 341 23 1239
f 341 1239 1557
f 343 25 1241
f 343 1241 1559
f 345 27 1243
f 345 1243 1561
f 347 29 1245
f 347 1245 1563
f 349 31 1247
f 349 1247 1565
f 351 33 1249
f 351 1249 1567
f 353 35 1251
f 353 1251 1569
f 355 37 1253
f 355 1253 1571
f 357 39 1255
f 357 1255 1573
f 359 41 1257
f 359 1257 1575
f 361 43 1259
f 361 1259 1577
f 363 45 1261
f 363 1261 1579
f 365 47 1263
f 365 1263 1581
f 367 49 1265
f 367 1265 1583
f 369 51 1267
f 369 1267 1585
f 371 53 1269
f 371 1269 1587
f 373 55 1271
f 373 1271 1589
f 375 57 1273
f 375 1273 1591
f 377 59 1275
f 377 1275 1593
f 379 61 1277
f 379 1277 1595
f 381 63 1279
f 381 1279 1597
f 383 1 1217
f 383 1217 1599
f 1 321 1537
f 1 1537 1217
f 3 323 1539
f 3 1539 1219
f 5 325 1541
f 5 1541 1221
f 7 327 1543
f 7 1543 1223
f 9 329 1545
f 9 1545 1225
f 11 331 1547
f 11 1547 1227
f 13 333 1549
f 13 1549 1229
f 15 335 1551
f 15 1551 1231
f 17 337 1553
f 17 1553 1233
f 19 339 1555
f 19 1555 1235
f 21 341 1557
f 21 1557 1237
f 23 343 1559
f 23 1559 1239
f 25 345 1561
f 25 1561 1241
f 27 347 1563
f 27 1563 1243
f 29 349 1565
f 29 1565 1245
f 31 351 1567
f 31 1567 1247
f 33 353 1569
f 33 1569 1249
f 35 355 1571
f 35 1571 1251
f 37 357 1573
f 37 1573 1253
f 39 359 1575
f 39 1575 1255
f 41 361 1577
f 41 1577 1257
f 43 363 1579
f 43 1579 1259
f 45 365 1581
f 45 1581 1261
f 47 367 1583
f 47 1583 1263
f 49 369 1585
f 49 1585 1265
f 51 371 1587
f 51 1587 1267
f 53 373 1589
f 53 1589 1269
f 55 375 1591
f 55 1591 1271
f 57 377 1593
f 57 1593 1273
f 59 379 1595
f 59 1595 1275
f 61 381 1597
f 61 1597 1277
f 63 383 1599
f 63 1599 1279
