# Exported from robot_room_v2.usdc, material /root/spoon2/Looks/OmniPBR
v 0.039269 -0.00943018 -0.00242
v 0.041183 -0.00936868 -0.00239
v 0.04119 -0.01064448 -0.00106
v 0.039269 -0.01071428 -0.00108
v 0.043105 -0.00918988 -0.00231
v 0.043128 -0.01044128 -0.001
v 0.045012 -0.00890208 -0.00219
v 0.045062 -0.01011438 -0.0009
v 0.046887 -0.00851368 -0.00203
v 0.046968 -0.00967318 -0.00077
v 0.048709 -0.00803328 -0.00184
v 0.048826 -0.00912738 -0.00062
v 0.050457 -0.00746898 -0.00163
v 0.050612 -0.00848638 -0.00046
v 0.052113 -0.00682938 -0.0014
v 0.052304 -0.00775978 -0.00028
v 0.053656 -0.00612288 -0.00115
v 0.053881 -0.00695718 -0.0001
v 0.055067 -0.00535788 -0.0009
v 0.055319 -0.00608798 7e-05
v 0.056325 -0.00454268 -0.00065
v 0.056597 -0.00516188 0.00024
v 0.057412 -0.00368568 -0.00041
v 0.057692 -0.00418838 0.00039
v 0.058306 -0.00279548 -0.00018
v 0.058583 -0.00317688 0.00052
v 0.058988 -0.00188028 3e-05
v 0.059247 -0.00213708 0.00061
v 0.059439 -0.00094858 0.00022
v 0.059661 -0.00107858 0.00068
v 0.059638 -8.68e-06 0.00037
v 0.059804 -1.068e-05 0.0007
v 0.039269 -0.00808408 -0.00356
v 0.041178 -0.00803138 -0.00353
v 0.043085 -0.00787808 -0.00344
v 0.04497 -0.00763138 -0.0033
v 0.046817 -0.00729838 -0.00311
v 0.048608 -0.00688648 -0.00289
v 0.050325 -0.00640268 -0.00263
v 0.051949 -0.00585438 -0.00235
v 0.053464 -0.00524858 -0.00205
v 0.054851 -0.00459268 -0.00173
v 0.056092 -0.00389388 -0.00141
v 0.057171 -0.00315918 -0.00109
v 0.058068 -0.00239598 -0.00077
v 0.058766 -0.00161138 -0.00047
v 0.059248 -0.00081258 -0.00018
v 0.059495 -6.88e-06 8e-05
v 0.039269 -0.00668568 -0.00451
v 0.041174 -0.00664208 -0.00448
v 0.043068 -0.00651528 -0.00438
v 0.044935 -0.00631118 -0.00422
v 0.046759 -0.00603578 -0.00402
v 0.048524 -0.00569508 -0.00376
v 0.050214 -0.00529498 -0.00347
v 0.051813 -0.00484148 -0.00315
v 0.053304 -0.00434048 -0.0028
v 0.054671 -0.00379798 -0.00243
v 0.055898 -0.00321998 -0.00204
v 0.05697 -0.00261238 -0.00165
v 0.05787 -0.00198118 -0.00126
v 0.058582 -0.00133228 -0.00088
v 0.059089 -0.00067168 -0.00051
v 0.059376 -5.38e-06 -0.00016
v 0.039269 -0.00524448 -0.00527
v 0.04117 -0.00521028 -0.00524
v 0.043054 -0.00511078 -0.00513
v 0.044907 -0.00495068 -0.00496
v 0.046713 -0.00473458 -0.00474
v 0.048457 -0.00446728 -0.00446
v 0.050126 -0.00415348 -0.00414
v 0.051703 -0.00379768 -0.00378
v 0.053175 -0.00340468 -0.0034
v 0.054527 -0.00297908 -0.00298
v 0.055743 -0.00252568 -0.00255
v 0.05681 -0.00204908 -0.00211
v 0.057711 -0.00155388 -0.00166
v 0.058434 -0.00104488 -0.00121
v 0.058962 -0.00052668 -0.00077
v 0.039269 -0.00376978 -0.00585
v 0.041167 -0.00374528 -0.00581
v 0.043044 -0.00367368 -0.0057
v 0.044886 -0.00355868 -0.00552
v 0.046678 -0.00340338 -0.00528
v 0.048407 -0.00321118 -0.00498
v 0.050059 -0.00298558 -0.00464
v 0.051621 -0.00272978 -0.00426
v 0.053079 -0.00244728 -0.00384
v 0.054419 -0.00214138 -0.0034
v 0.055627 -0.00181538 -0.00293
v 0.056689 -0.00147278 -0.00245
v 0.057593 -0.00111688 -0.00196
v 0.058323 -0.00075098 -0.00146
v 0.058866 -0.00037848 -0.00097
v 0.039269 -0.00227138 -0.00623
v 0.041166 -0.00225658 -0.00619
v 0.043037 -0.00221348 -0.00607
v 0.044872 -0.00214418 -0.00589
v 0.046655 -0.00205058 -0.00564
v 0.048373 -0.00193478 -0.00533
v 0.050015 -0.00179888 -0.00498
v 0.051567 -0.00164478 -0.00458
v 0.053015 -0.00147448 -0.00414
v 0.054347 -0.00129018 -0.00368
v 0.055549 -0.00109378 -0.00319
v 0.056609 -0.00088738 -0.00268
v 0.057513 -0.00067288 -0.00215
v 0.058249 -0.00045238 -0.00163
v 0.058803 -0.00022798 -0.0011
v 0.039269 -0.00075868 -0.00642
v 0.041165 -0.00075378 -0.00638
v 0.043034 -0.00073938 -0.00626
v 0.044864 -0.00071618 -0.00607
v 0.046643 -0.00068498 -0.00582
v 0.048357 -0.00064628 -0.00551
v 0.049993 -0.00060088 -0.00515
v 0.051539 -0.00054938 -0.00474
v 0.052983 -0.00049248 -0.00429
v 0.054311 -0.00043098 -0.00382
v 0.05551 -0.00036538 -0.00331
v 0.056569 -0.00029638 -0.00279
v 0.057474 -0.00022478 -0.00225
v 0.058212 -0.00015108 -0.00171
v 0.058771 -7.618e-05 -0.00117
v 0.059138 -4.8e-07 -0.00063
v 0.039269 0.00075872 -0.00642
v 0.041165 0.00075382 -0.00638
v 0.043034 0.00073942 -0.00626
v 0.044864 0.00071622 -0.00607
v 0.046643 0.00068502 -0.00582
v 0.048357 0.00064632 -0.00551
v 0.049993 0.00060092 -0.00515
v 0.051539 0.00054942 -0.00474
v 0.052983 0.00049252 -0.00429
v 0.054311 0.00043102 -0.00382
v 0.05551 0.00036542 -0.00331
v 0.056569 0.00029642 -0.00279
v 0.057474 0.00022482 -0.00225
v 0.058212 0.00015112 -0.00171
v 0.058771 7.622e-05 -0.00117
v 0.039269 0.00227142 -0.00623
v 0.041166 0.00225662 -0.00619
v 0.043037 0.00221352 -0.00607
v 0.044872 0.00214422 -0.00589
v 0.046655 0.00205062 -0.00564
v 0.048373 0.00193482 -0.00533
v 0.050015 0.00179892 -0.00498
v 0.051567 0.00164482 -0.00458
v 0.053015 0.00147452 -0.00414
v 0.054347 0.00129022 -0.00368
v 0.055549 0.00109382 -0.00319
v 0.056609 0.00088742 -0.00268
v 0.057513 0.00067292 -0.00215
v 0.058249 0.00045242 -0.00163
v 0.058803 0.00022802 -0.0011
v 0.059162 1.62e-06 -0.00058
v 0.039269 0.00376982 -0.00585
v 0.041167 0.00374532 -0.00581
v 0.043044 0.00367372 -0.0057
v 0.044886 0.00355862 -0.00552
v 0.046678 0.00340332 -0.00528
v 0.048407 0.00321122 -0.00498
v 0.050059 0.00298562 -0.00464
v 0.051621 0.00272982 -0.00426
v 0.053079 0.00244732 -0.00384
v 0.054419 0.00214142 -0.0034
v 0.055627 0.00181542 -0.00293
v 0.056689 0.00147282 -0.00245
v 0.057593 0.00111692 -0.00196
v 0.058323 0.00075102 -0.00146
v 0.058866 0.00037852 -0.00097
v 0.059209 2.82e-06 -0.00049
v 0.039269 0.00524442 -0.00527
v 0.04117 0.00521022 -0.00524
v 0.043054 0.00511082 -0.00513
v 0.044907 0.00495072 -0.00496
v 0.046713 0.00473462 -0.00474
v 0.048457 0.00446732 -0.00446
v 0.050126 0.00415352 -0.00414
v 0.051703 0.00379772 -0.00378
v 0.053175 0.00340472 -0.0034
v 0.054527 0.00297912 -0.00298
v 0.055743 0.00252572 -0.00255
v 0.05681 0.00204912 -0.00211
v 0.057711 0.00155392 -0.00166
v 0.058434 0.00104492 -0.00121
v 0.058962 0.00052672 -0.00077
v 0.059281 4.02e-06 -0.00035
v 0.039269 0.00668572 -0.00451
v 0.041174 0.00664212 -0.00448
v 0.043068 0.00651532 -0.00438
v 0.044935 0.00631122 -0.00422
v 0.046759 0.00603582 -0.00402
v 0.048524 0.00569512 -0.00376
v 0.050214 0.00529502 -0.00347
v 0.051813 0.00484152 -0.00315
v 0.053304 0.00434052 -0.0028
v 0.054671 0.00379802 -0.00243
v 0.055898 0.00322002 -0.00204
v 0.05697 0.00261242 -0.00165
v 0.05787 0.00198122 -0.00126
v 0.058582 0.00133232 -0.00088
v 0.059089 0.00067172 -0.00051
v 0.059376 5.42e-06 -0.00016
v 0.039269 0.00808412 -0.00356
v 0.041178 0.00803142 -0.00353
v 0.043084 0.00787812 -0.00344
v 0.04497 0.00763142 -0.0033
v 0.046817 0.00729842 -0.00311
v 0.048608 0.00688652 -0.00289
v 0.050325 0.00640272 -0.00263
v 0.051949 0.00585442 -0.00235
v 0.053464 0.00524862 -0.00205
v 0.054851 0.00459272 -0.00173
v 0.056092 0.00389392 -0.00141
v 0.057171 0.00315922 -0.00109
v 0.058068 0.00239602 -0.00077
v 0.058766 0.00161142 -0.00047
v 0.059248 0.00081262 -0.00018
v 0.059495 6.92e-06 8e-05
v 0.039269 0.00943022 -0.00242
v 0.041183 0.00936872 -0.00239
v 0.043105 0.00918992 -0.00231
v 0.045012 0.00890212 -0.00219
v 0.046887 0.00851372 -0.00203
v 0.048709 0.00803322 -0.00184
v 0.050457 0.00746902 -0.00163
v 0.052113 0.00682942 -0.0014
v 0.053656 0.00612292 -0.00115
v 0.055067 0.00535792 -0.0009
v 0.056325 0.00454272 -0.00065
v 0.057412 0.00368572 -0.00041
v 0.058306 0.00279552 -0.00018
v 0.058988 0.00188032 3e-05
v 0.059439 0.00094862 0.00022
v 0.059638 8.72e-06 0.00037
v 0.039269 0.01071432 -0.00108
v 0.04119 0.01064448 -0.00106
v 0.043128 0.01044133 -0.001
v 0.045062 0.0101144 -0.0009
v 0.046968 0.00967322 -0.00077
v 0.048826 0.00912742 -0.00062
v 0.050612 0.00848642 -0.00046
v 0.052304 0.00775982 -0.00028
v 0.053881 0.00695722 -0.0001
v 0.055319 0.00608802 7e-05
v 0.056597 0.00516192 0.00024
v 0.057692 0.00418842 0.00039
v 0.058583 0.00317692 0.00052
v 0.059247 0.00213712 0.00061
v 0.059661 0.00107862 0.00068
v 0.059804 1.072e-05 0.0007
v 0.039269 -0.01280778 -0.00067
v 0.041203 -0.01272428 -0.00065
v 0.041201 -0.01241848 -0.00106
v 0.039269 -0.01249998 -0.00108
v 0.043177 -0.01248148 -0.00059
v 0.043172 -0.01218148 -0.001
v 0.045166 -0.01209068 -0.0005
v 0.045155 -0.01180008 -0.0009
v 0.047143 -0.01156328 -0.00039
v 0.047125 -0.01128538 -0.00077
v 0.049084 -0.01091078 -0.00025
v 0.049057 -0.01064858 -0.00062
v 0.050961 -0.01014458 -0.0001
v 0.050926 -0.00990078 -0.00046
v 0.052749 -0.00927608 5e-05
v 0.052706 -0.00905308 -0.00028
v 0.054421 -0.00831658 0.00021
v 0.054372 -0.00811668 -0.0001
v 0.055953 -0.00727768 0.00036
v 0.055897 -0.00710268 7e-05
v 0.057318 -0.00617058 0.0005
v 0.057258 -0.00602218 0.00024
v 0.058489 -0.00500678 0.00062
v 0.058429 -0.00488638 0.00039
v 0.059442 -0.00379778 0.00071
v 0.059383 -0.00370638 0.00052
v 0.06015 -0.00255488 0.00078
v 0.060096 -0.00249328 0.00061
v 0.060587 -0.00128948 0.0008
v 0.060543 -0.00125828 0.00068
v 0.060728 -1.308e-05 0.00078
v 0.060697 -1.248e-05 0.0007
v 0.039269 -0.01302198 -0.00033
v 0.041203 -0.01293708 -0.00031
v 0.04318 -0.01269018 -0.00026
v 0.045173 -0.01229278 -0.00017
v 0.047155 -0.01175668 -6e-05
v 0.049101 -0.01109328 6e-05
v 0.050983 -0.01031428 0.0002
v 0.052775 -0.00943118 0.00033
v 0.054452 -0.00845568 0.00047
v 0.055986 -0.00739938 0.0006
v 0.057352 -0.00627388 0.00072
v 0.058523 -0.00509068 0.00081
v 0.059473 -0.00386138 0.00088
v 0.060175 -0.00259778 0.00091
v 0.060603 -0.00131128 0.00091
v 0.060731 -1.348e-05 0.00086
v 0.039269 -0.01314998 -6e-05
v 0.041204 -0.01306428 -4e-05
v 0.043182 -0.01281498 2e-05
v 0.045177 -0.01241368 9e-05
v 0.047161 -0.01187228 0.0002
v 0.049109 -0.01120238 0.00031
v 0.050993 -0.01041568 0.00043
v 0.052787 -0.00952398 0.00056
v 0.054465 -0.00853888 0.00068
v 0.055999 -0.00747218 0.0008
v 0.057364 -0.00633558 0.00089
v 0.058533 -0.00514078 0.00097
v 0.059478 -0.00389948 0.00101
v 0.060174 -0.00262338 0.00102
v 0.060594 -0.00132428 0.00099
v 0.060712 -1.378e-05 0.00092
v 0.039269 -0.01319948 0.00016
v 0.041204 -0.01311338 0.00017
v 0.043182 -0.01286318 0.00022
v 0.045177 -0.01246038 0.0003
v 0.047162 -0.01191698 0.00039
v 0.049109 -0.01124458 0.0005
v 0.050993 -0.01045488 0.00062
v 0.052786 -0.00955988 0.00073
v 0.054462 -0.00857108 0.00085
v 0.055994 -0.00750038 0.00095
v 0.057356 -0.00635948 0.00103
v 0.05852 -0.00516018 0.00109
v 0.059461 -0.00391428 0.00112
v 0.060151 -0.00263338 0.00111
v 0.060563 -0.00132938 0.00106
v 0.060672 -1.398e-05 0.00096
v 0.039269 -0.01317788 0.0003
v 0.041204 -0.01309198 0.00032
v 0.043181 -0.01284218 0.00037
v 0.045175 -0.01244008 0.00044
v 0.047157 -0.01189748 0.00053
v 0.049102 -0.01122618 0.00064
v 0.050983 -0.01043788 0.00075
v 0.052772 -0.00954428 0.00086
v 0.054445 -0.00855718 0.00096
v 0.055972 -0.00748818 0.00105
v 0.057329 -0.00634918 0.00113
v 0.058488 -0.00515188 0.00118
v 0.059423 -0.00390798 0.00119
v 0.060107 -0.00262918 0.00117
v 0.060513 -0.00132738 0.00111
v 0.060615 -1.408e-05 0.001
v 0.039269 -0.01309288 0.00039
v 0.041203 -0.01300748 0.00041
v 0.043179 -0.01275928 0.00046
v 0.04517 -0.01235978 0.00053
v 0.047148 -0.01182068 0.00062
v 0.049089 -0.01115378 0.00072
v 0.050965 -0.01037048 0.00083
v 0.052749 -0.00948268 0.00093
v 0.054415 -0.00850198 0.00103
v 0.055937 -0.00743988 0.00112
v 0.057287 -0.00630828 0.00119
v 0.05844 -0.00511868 0.00123
v 0.059369 -0.00388278 0.00124
v 0.060047 -0.00261228 0.00121
v 0.060447 -0.00131888 0.00114
v 0.060544 -1.408e-05 0.00102
v 0.039269 -0.01295188 0.00043
v 0.041202 -0.01286738 0.00044
v 0.043176 -0.01262188 0.00049
v 0.045162 -0.01222668 0.00056
v 0.047136 -0.01169348 0.00065
v 0.04907 -0.01103368 0.00075
v 0.050939 -0.01025888 0.00086
v 0.052716 -0.00938058 0.00096
v 0.054375 -0.00841038 0.00106
v 0.055889 -0.00735988 0.00115
v 0.057232 -0.00624038 0.00121
v 0.058378 -0.00506358 0.00125
v 0.0593 -0.00384108 0.00126
v 0.059973 -0.00258418 0.00123
v 0.060369 -0.00130468 0.00116
v 0.060462 -1.398e-05 0.00103
v 0.039269 -0.01276238 0.0004
v 0.041201 -0.01267928 0.00042
v 0.043171 -0.01243728 0.00047
v 0.045153 -0.01204788 0.00054
v 0.04712 -0.01152248 0.00063
v 0.049047 -0.01087228 0.00073
v 0.050908 -0.01010888 0.00084
v 0.052676 -0.00924348 0.00095
v 0.054326 -0.00828748 0.00105
v 0.055831 -0.00725228 0.00113
v 0.057166 -0.00614918 0.0012
v 0.058305 -0.00498958 0.00124
v 0.05922 -0.00378488 0.00125
v 0.059888 -0.00254648 0.00123
v 0.060281 -0.00128558 0.00116
v 0.060373 -1.378e-05 0.00103
v 0.039269 -0.01253218 0.00033
v 0.0412 -0.01245048 0.00035
v 0.043166 -0.01221288 0.0004
v 0.045142 -0.01183048 0.00047
v 0.047102 -0.01131458 0.00056
v 0.04902 -0.01067618 0.00067
v 0.050872 -0.00992648 0.00078
v 0.05263 -0.00907668 0.00089
v 0.05427 -0.00813788 0.00099
v 0.055766 -0.00712138 0.00108
v 0.057092 -0.00603818 0.00116
v 0.058222 -0.00489958 0.0012
v 0.059132 -0.00371658 0.00122
v 0.059795 -0.00250048 0.0012
v 0.060186 -0.00126238 0.00114
v 0.060279 -1.348e-05 0.00102
v 0.039269 -0.01226848 0.00021
v 0.041198 -0.01218858 0.00022
v 0.04316 -0.01195598 0.00027
v 0.04513 -0.01158158 0.00035
v 0.047082 -0.01107648 0.00045
v 0.048991 -0.01045158 0.00055
v 0.050831 -0.00971768 0.00067
v 0.052579 -0.00888578 0.00079
v 0.054208 -0.00796678 0.0009
v 0.055694 -0.00697158 0.001
v 0.057011 -0.00591118 0.00108
v 0.058134 -0.00479648 0.00114
v 0.059038 -0.00363838 0.00116
v 0.059698 -0.00244788 0.00115
v 0.060089 -0.00123578 0.0011
v 0.060185 -1.318e-05 0.001
v 0.039269 -0.01197908 3e-05
v 0.041197 -0.01190098 5e-05
v 0.043154 -0.01167388 0.0001
v 0.045117 -0.01130838 0.00018
v 0.04706 -0.01081518 0.00028
v 0.048959 -0.01020498 0.0004
v 0.050788 -0.00948838 0.00052
v 0.052525 -0.00867608 0.00065
v 0.054143 -0.00777878 0.00077
v 0.055618 -0.00680708 0.00088
v 0.056926 -0.00577168 0.00097
v 0.058042 -0.00468328 0.00104
v 0.058941 -0.00355258 0.00108
v 0.059599 -0.00239008 0.00109
v 0.059991 -0.00120658 0.00105
v 0.060092 -1.278e-05 0.00096
v 0.039269 -0.01167138 -0.00018
v 0.041195 -0.01159538 -0.00016
v 0.043148 -0.01137408 -0.00011
v 0.045103 -0.01101798 -3e-05
v 0.047037 -0.01053748 8e-05
v 0.048925 -0.00994288 0.0002
v 0.050744 -0.00924468 0.00033
v 0.052469 -0.00845328 0.00047
v 0.054076 -0.00757898 0.0006
v 0.055541 -0.00663218 0.00072
v 0.05684 -0.00562338 0.00083
v 0.057949 -0.00456298 0.00092
v 0.058845 -0.00346118 0.00097
v 0.059501 -0.00232858 0.001
v 0.059896 -0.00117548 0.00098
v 0.060004 -1.228e-05 0.00092
v 0.039269 -0.01135308 -0.00044
v 0.041193 -0.01127908 -0.00042
v 0.043141 -0.01106378 -0.00037
v 0.045089 -0.01071738 -0.00028
v 0.047014 -0.01024998 -0.00017
v 0.048892 -0.00967158 -4e-05
v 0.050699 -0.00899248 0.00011
v 0.052412 -0.00822258 0.00025
v 0.054009 -0.00737218 0.0004
v 0.055464 -0.00645118 0.00054
v 0.056755 -0.00546988 0.00066
v 0.057859 -0.00443838 0.00077
v 0.058751 -0.00336668 0.00084
v 0.059408 -0.00226498 0.00089
v 0.059808 -0.00114328 0.0009
v 0.059925 -1.178e-05 0.00086
v 0.039269 -0.01103148 -0.00075
v 0.041191 -0.01095958 -0.00072
v 0.043135 -0.01075038 -0.00066
v 0.045075 -0.01041378 -0.00057
v 0.046991 -0.00995958 -0.00045
v 0.048858 -0.00939768 -0.00031
v 0.050654 -0.00873768 -0.00016
v 0.052357 -0.00798968 -2.22044605e-16
v 0.053943 -0.00716328 0.00016
v 0.055389 -0.00626838 0.00032
v 0.056673 -0.00531488 0.00046
v 0.057772 -0.00431248 0.00059
v 0.058663 -0.00327118 0.00069
v 0.059322 -0.00220058 0.00076
v 0.059728 -0.00111068 0.00079
v 0.059857 -1.128e-05 0.00078
v 0.039269 0.01102594 -0.00275
v 0.041195 0.01095407 -0.00272
v 0.041201 0.01241854 -0.00106
v 0.039269 0.01250002 -0.00108
v 0.043148 0.01074501 -0.00264
v 0.043172 0.01218153 -0.001
v 0.045105 0.01040857 -0.00251
v 0.045155 0.01180012 -0.0009
v 0.047044 0.00995458 -0.00233
v 0.047125 0.01128544 -0.00077
v 0.04894 0.00939282 -0.00213
v 0.049057 0.01064863 -0.00062
v 0.050771 0.00873322 -0.00189
v 0.050926 0.00990082 -0.00046
v 0.052515 0.00798542 -0.00164
v 0.052706 0.00905312 -0.00028
v 0.054147 0.00715942 -0.00137
v 0.054372 0.00811672 -0.0001
v 0.055645 0.00626492 -0.00109
v 0.055897 0.00710272 7e-05
v 0.056987 0.00531182 -0.00081
v 0.057258 0.00602222 0.00024
v 0.058148 0.00430982 -0.00054
v 0.058429 0.00488642 0.00039
v 0.059106 0.00326892 -0.00028
v 0.059383 0.00370642 0.00052
v 0.059838 0.00219872 -3e-05
v 0.060096 0.00249332 0.00061
v 0.06032 0.00110922 0.00018
v 0.060543 0.00125832 0.00068
v 0.060531 1.022e-05 0.00037
v 0.060697 1.252e-05 0.0007
v 0.039269 0.00946932 -0.00418
v 0.041189 0.00940762 -0.00414
v 0.043128 0.00922802 -0.00404
v 0.045063 0.00893912 -0.00388
v 0.046974 0.00854922 -0.00367
v 0.04884 0.00806672 -0.00342
v 0.050639 0.00750022 -0.00313
v 0.052351 0.00685802 -0.0028
v 0.053955 0.00614862 -0.00245
v 0.055429 0.00538032 -0.00209
v 0.056754 0.00456172 -0.00171
v 0.057907 0.00370112 -0.00133
v 0.058868 0.00280712 -0.00096
v 0.059616 0.00188792 -0.00059
v 0.060129 0.00095212 -0.00024
v 0.060388 8.12e-06 8e-05
v 0.039269 0.00784292 -0.00537
v 0.041185 0.00779172 -0.00533
v 0.043111 0.00764302 -0.00522
v 0.045028 0.00740372 -0.00503
v 0.046916 0.00708082 -0.00479
v 0.048756 0.00668122 -0.00449
v 0.050528 0.00621192 -0.00415
v 0.052214 0.00568002 -0.00377
v 0.053795 0.00509242 -0.00336
v 0.055249 0.00445612 -0.00292
v 0.05656 0.00377812 -0.00246
v 0.057706 0.00306532 -0.00199
v 0.05867 0.00232472 -0.00152
v 0.059431 0.00156342 -0.00105
v 0.05997 0.00078822 -0.0006
v 0.060269 6.32e-06 -0.00016
v 0.039269 0.00615932 -0.00632
v 0.041181 0.00611912 -0.00628
v 0.043098 0.00600232 -0.00615
v 0.045 0.00581442 -0.00595
v 0.046869 0.00556082 -0.00568
v 0.048689 0.00524692 -0.00535
v 0.05044 0.00487842 -0.00497
v 0.052105 0.00446072 -0.00455
v 0.053666 0.00399922 -0.00408
v 0.055105 0.00349952 -0.00358
v 0.056405 0.00296702 -0.00306
v 0.057546 0.00240722 -0.00252
v 0.058511 0.00182552 -0.00197
v 0.059283 0.00122762 -0.00142
v 0.059843 0.00061882 -0.00088
v 0.060174 4.72e-06 -0.00035
v 0.039269 0.00443122 -0.00704
v 0.041179 0.00440232 -0.00699
v 0.043088 0.00431832 -0.00686
v 0.044978 0.00418312 -0.00664
v 0.046834 0.00400062 -0.00635
v 0.048638 0.00377492 -0.006
v 0.050374 0.00350972 -0.00559
v 0.052023 0.00320922 -0.00513
v 0.05357 0.00287722 -0.00462
v 0.054997 0.00251762 -0.00408
v 0.056288 0.00213452 -0.00351
v 0.057426 0.00173182 -0.00292
v 0.058393 0.00131332 -0.00231
v 0.059172 0.00088312 -0.0017
v 0.059748 0.00044512 -0.00109
v 0.060102 3.22e-06 -0.00049
v 0.039269 0.00267142 -0.00751
v 0.041177 0.00265402 -0.00746
v 0.043081 0.00260342 -0.00732
v 0.044964 0.00252182 -0.0071
v 0.046811 0.00241182 -0.0068
v 0.048605 0.00227572 -0.00643
v 0.05033 0.00211592 -0.006
v 0.051969 0.00193472 -0.00551
v 0.053506 0.00173452 -0.00498
v 0.054925 0.00151782 -0.00441
v 0.056211 0.00128682 -0.00381
v 0.057345 0.00104402 -0.00318
v 0.058313 0.00079172 -0.00254
v 0.059098 0.00053242 -0.00189
v 0.059684 0.00026832 -0.00123
v 0.060054 1.92e-06 -0.00058
v 0.039269 0.00089262 -0.00775
v 0.041176 0.00088682 -0.0077
v 0.043078 0.00086982 -0.00756
v 0.044957 0.00084262 -0.00733
v 0.0468 0.00080592 -0.00702
v 0.048588 0.00076042 -0.00665
v 0.050307 0.00070702 -0.00621
v 0.051941 0.00064642 -0.00571
v 0.053474 0.00057962 -0.00516
v 0.054889 0.00050712 -0.00458
v 0.056172 0.00043002 -0.00396
v 0.057305 0.00034882 -0.00331
v 0.058274 0.00026452 -0.00265
v 0.059061 0.00017792 -0.00198
v 0.059652 8.962e-05 -0.0013
v 0.060031 6.2e-07 -0.00063
v 0.039269 -0.00089258 -0.00775
v 0.041176 -0.00088678 -0.0077
v 0.043078 -0.00086988 -0.00756
v 0.044957 -0.00084258 -0.00733
v 0.0468 -0.00080588 -0.00702
v 0.048588 -0.00076038 -0.00665
v 0.050307 -0.00070698 -0.00621
v 0.051941 -0.00064638 -0.00571
v 0.053474 -0.00057958 -0.00516
v 0.054889 -0.00050708 -0.00458
v 0.056172 -0.00042998 -0.00396
v 0.057305 -0.00034878 -0.00331
v 0.058274 -0.00026448 -0.00265
v 0.059061 -0.00017788 -0.00198
v 0.059652 -8.958e-05 -0.0013
v 0.039269 -0.00267138 -0.00751
v 0.041177 -0.00265398 -0.00746
v 0.043081 -0.00260338 -0.00732
v 0.044964 -0.00252178 -0.0071
v 0.046811 -0.00241178 -0.0068
v 0.048605 -0.00227568 -0.00643
v 0.05033 -0.00211588 -0.006
v 0.051969 -0.00193468 -0.00551
v 0.053506 -0.00173448 -0.00498
v 0.054925 -0.00151778 -0.00441
v 0.056211 -0.00128678 -0.00381
v 0.057345 -0.00104398 -0.00318
v 0.058313 -0.00079168 -0.00254
v 0.059098 -0.00053238 -0.00189
v 0.059684 -0.00026828 -0.00123
v 0.039269 -0.00443118 -0.00704
v 0.041179 -0.00440228 -0.00699
v 0.043088 -0.00431828 -0.00686
v 0.044978 -0.00418308 -0.00664
v 0.046834 -0.00400058 -0.00635
v 0.048638 -0.00377488 -0.006
v 0.050374 -0.00350968 -0.00559
v 0.052023 -0.00320918 -0.00513
v 0.05357 -0.00287718 -0.00462
v 0.054997 -0.00251758 -0.00408
v 0.056288 -0.00213448 -0.00351
v 0.057426 -0.00173168 -0.00292
v 0.058393 -0.00131328 -0.00231
v 0.059172 -0.00088308 -0.0017
v 0.059748 -0.00044508 -0.00109
v 0.039269 -0.00615928 -0.00632
v 0.041181 -0.00611908 -0.00628
v 0.043098 -0.00600228 -0.00615
v 0.045 -0.00581438 -0.00595
v 0.046869 -0.00556078 -0.00568
v 0.048689 -0.00524698 -0.00535
v 0.05044 -0.00487838 -0.00497
v 0.052105 -0.00446068 -0.00455
v 0.053666 -0.00399918 -0.00408
v 0.055105 -0.00349948 -0.00358
v 0.056405 -0.00296698 -0.00306
v 0.057546 -0.00240718 -0.00252
v 0.058511 -0.00182548 -0.00197
v 0.059283 -0.00122758 -0.00142
v 0.059843 -0.00061878 -0.00088
v 0.039269 -0.00784288 -0.00537
v 0.041185 -0.00779168 -0.00533
v 0.043111 -0.00764298 -0.00522
v 0.045028 -0.00740368 -0.00503
v 0.046916 -0.00708078 -0.00479
v 0.048756 -0.00668118 -0.00449
v 0.050528 -0.00621188 -0.00415
v 0.052214 -0.00567998 -0.00377
v 0.053795 -0.00509238 -0.00336
v 0.055249 -0.00445608 -0.00292
v 0.05656 -0.00377808 -0.00246
v 0.057706 -0.00306528 -0.00199
v 0.05867 -0.00232468 -0.00152
v 0.059431 -0.00156338 -0.00105
v 0.05997 -0.00078818 -0.0006
v 0.060269 -6.28e-06 -0.00016
v 0.039269 -0.00946928 -0.00418
v 0.041189 -0.00940758 -0.00414
v 0.043128 -0.00922798 -0.00404
v 0.045063 -0.00893908 -0.00388
v 0.046974 -0.00854918 -0.00367
v 0.04884 -0.00806678 -0.00342
v 0.050639 -0.00750018 -0.00313
v 0.052351 -0.00685798 -0.0028
v 0.053955 -0.00614858 -0.00245
v 0.055429 -0.00538028 -0.00209
v 0.056754 -0.00456168 -0.00171
v 0.057907 -0.00370108 -0.00133
v 0.058868 -0.00280708 -0.00096
v 0.059616 -0.00188788 -0.00059
v 0.060129 -0.00095208 -0.00024
v 0.060388 -8.08e-06 8e-05
v 0.039269 -0.01102588 -0.00275
v 0.041195 -0.01095408 -0.00272
v 0.043148 -0.01074498 -0.00264
v 0.045105 -0.01040858 -0.00251
v 0.047044 -0.00995458 -0.00233
v 0.04894 -0.00939278 -0.00213
v 0.050771 -0.00873318 -0.00189
v 0.052515 -0.00798538 -0.00164
v 0.054147 -0.00715938 -0.00137
v 0.055645 -0.00626488 -0.00109
v 0.056987 -0.00531178 -0.00081
v 0.058148 -0.00430978 -0.00054
v 0.059106 -0.00326888 -0.00028
v 0.059838 -0.00219868 -3e-05
v 0.06032 -0.00110918 0.00018
v 0.060531 -1.018e-05 0.00037
v 0.039269 0.01103151 -0.00075
v 0.041191 0.01095961 -0.00072
v 0.043135 0.01075045 -0.00066
v 0.045075 0.01041386 -0.00057
v 0.046991 0.00995966 -0.00045
v 0.048858 0.00939772 -0.00031
v 0.050654 0.00873772 -0.00016
v 0.052357 0.00798972 -2.22044605e-16
v 0.053943 0.00716332 0.00016
v 0.055389 0.00626842 0.00032
v 0.056673 0.00531492 0.00046
v 0.057772 0.00431252 0.00059
v 0.058663 0.00327122 0.00069
v 0.059322 0.00220062 0.00076
v 0.059728 0.00111072 0.00079
v 0.059857 1.132e-05 0.00078
v 0.039269 0.01135307 -0.00044
v 0.041193 0.01127907 -0.00042
v 0.043141 0.01106382 -0.00037
v 0.045089 0.01071743 -0.00028
v 0.047014 0.01025 -0.00017
v 0.048892 0.00967162 -4e-05
v 0.050699 0.00899252 0.00011
v 0.052412 0.00822262 0.00025
v 0.054009 0.00737222 0.0004
v 0.055464 0.00645122 0.00054
v 0.056755 0.00546992 0.00066
v 0.057859 0.00443842 0.00077
v 0.058751 0.00336672 0.00084
v 0.059408 0.00226502 0.00089
v 0.059808 0.00114332 0.0009
v 0.059925 1.182e-05 0.00086
v 0.039269 0.01167146 -0.00018
v 0.041195 0.01159539 -0.00016
v 0.043148 0.0113741 -0.00011
v 0.045103 0.011018 -3e-05
v 0.047037 0.01053747 8e-05
v 0.048925 0.00994292 0.0002
v 0.050744 0.00924472 0.00033
v 0.052469 0.00845332 0.00047
v 0.054076 0.00757902 0.0006
v 0.055541 0.00663222 0.00072
v 0.05684 0.00562342 0.00083
v 0.057949 0.00456302 0.00092
v 0.058845 0.00346122 0.00097
v 0.059501 0.00232862 0.001
v 0.059896 0.00117552 0.00098
v 0.060004 1.232e-05 0.00092
v 0.039269 0.01197913 3e-05
v 0.041197 0.01190105 5e-05
v 0.043154 0.01167394 0.0001
v 0.045117 0.01130845 0.00018
v 0.04706 0.01081526 0.00028
v 0.048959 0.01020504 0.0004
v 0.050788 0.00948842 0.00052
v 0.052525 0.00867612 0.00065
v 0.054143 0.00777882 0.00077
v 0.055618 0.00680712 0.00088
v 0.056926 0.00577172 0.00097
v 0.058042 0.00468332 0.00104
v 0.058941 0.00355262 0.00108
v 0.059599 0.00239012 0.00109
v 0.059991 0.00120662 0.00105
v 0.060092 1.282e-05 0.00096
v 0.039269 0.01226854 0.00021
v 0.041198 0.01218858 0.00022
v 0.04316 0.01195598 0.00027
v 0.04513 0.01158166 0.00035
v 0.047082 0.01107656 0.00045
v 0.048991 0.01045159 0.00055
v 0.050831 0.00971772 0.00067
v 0.052579 0.00888582 0.00079
v 0.054208 0.00796682 0.0009
v 0.055694 0.00697162 0.001
v 0.057011 0.00591122 0.00108
v 0.058134 0.00479652 0.00114
v 0.059038 0.00363842 0.00116
v 0.059698 0.00244792 0.00115
v 0.060089 0.00123582 0.0011
v 0.060185 1.322e-05 0.001
v 0.039269 0.01253216 0.00033
v 0.0412 0.01245048 0.00035
v 0.043166 0.01221288 0.0004
v 0.045142 0.01183053 0.00047
v 0.047102 0.01131457 0.00056
v 0.04902 0.01067617 0.00067
v 0.050872 0.00992652 0.00078
v 0.05263 0.00907672 0.00089
v 0.05427 0.00813792 0.00099
v 0.055766 0.00712142 0.00108
v 0.057092 0.00603822 0.00116
v 0.058222 0.00489962 0.0012
v 0.059132 0.00371662 0.00122
v 0.059795 0.00250052 0.0012
v 0.060186 0.00126242 0.00114
v 0.060279 1.352e-05 0.00102
v 0.039269 0.01276245 0.0004
v 0.041201 0.01267927 0.00042
v 0.043171 0.0124373 0.00047
v 0.045153 0.01204792 0.00054
v 0.04712 0.01152247 0.00063
v 0.049047 0.01087234 0.00073
v 0.050908 0.01010889 0.00084
v 0.052676 0.00924352 0.00095
v 0.054326 0.00828752 0.00105
v 0.055831 0.00725232 0.00113
v 0.057166 0.00614922 0.0012
v 0.058305 0.00498962 0.00124
v 0.05922 0.00378492 0.00125
v 0.059888 0.00254652 0.00123
v 0.060281 0.00128562 0.00116
v 0.060373 1.382e-05 0.00103
v 0.039269 0.01295187 0.00043
v 0.041202 0.01286745 0.00044
v 0.043176 0.01262189 0.00049
v 0.045162 0.01222672 0.00056
v 0.047136 0.01169347 0.00065
v 0.04907 0.01103369 0.00075
v 0.050939 0.01025891 0.00086
v 0.052716 0.00938062 0.00096
v 0.054375 0.00841042 0.00106
v 0.055889 0.00735992 0.00115
v 0.057232 0.00624042 0.00121
v 0.058378 0.00506362 0.00125
v 0.0593 0.00384112 0.00126
v 0.059973 0.00258422 0.00123
v 0.060369 0.00130472 0.00116
v 0.060462 1.402e-05 0.00103
v 0.039269 0.01309287 0.00039
v 0.041203 0.01300754 0.00041
v 0.043179 0.0127593 0.00046
v 0.04517 0.01235982 0.00053
v 0.047148 0.01182077 0.00062
v 0.049089 0.01115379 0.00072
v 0.050965 0.01037057 0.00083
v 0.052749 0.00948272 0.00093
v 0.054415 0.00850202 0.00103
v 0.055937 0.00743992 0.00112
v 0.057287 0.00630832 0.00119
v 0.05844 0.00511872 0.00123
v 0.059369 0.00388282 0.00124
v 0.060047 0.00261232 0.00121
v 0.060447 0.00131892 0.00114
v 0.060544 1.412e-05 0.00102
v 0.039269 0.01317792 0.0003
v 0.041204 0.01309203 0.00032
v 0.043181 0.01284218 0.00037
v 0.045175 0.0124401 0.00044
v 0.047157 0.01189754 0.00053
v 0.049102 0.01122623 0.00064
v 0.050983 0.0104379 0.00075
v 0.052772 0.00954432 0.00086
v 0.054445 0.00855722 0.00096
v 0.055972 0.00748822 0.00105
v 0.057329 0.00634922 0.00113
v 0.058488 0.00515192 0.00118
v 0.059423 0.00390802 0.00119
v 0.060107 0.00262922 0.00117
v 0.060513 0.00132742 0.00111
v 0.060615 1.412e-05 0.001
v 0.039269 0.01319948 0.00016
v 0.041204 0.01311345 0.00017
v 0.043182 0.01286318 0.00022
v 0.045177 0.01246045 0.0003
v 0.047162 0.01191699 0.00039
v 0.049109 0.01124457 0.0005
v 0.050993 0.01045495 0.00062
v 0.052786 0.00955992 0.00073
v 0.054462 0.00857112 0.00085
v 0.055994 0.00750042 0.00095
v 0.057356 0.00635952 0.00103
v 0.05852 0.00516022 0.00109
v 0.059461 0.00391432 0.00112
v 0.060151 0.00263342 0.00111
v 0.060563 0.00132942 0.00106
v 0.060672 1.402e-05 0.00096
v 0.039269 0.01315001 -6e-05
v 0.041204 0.0130643 -4e-05
v 0.043182 0.01281497 2e-05
v 0.045177 0.01241374 9e-05
v 0.047161 0.01187231 0.0002
v 0.049109 0.01120241 0.00031
v 0.050993 0.01041574 0.00043
v 0.052787 0.00952402 0.00056
v 0.054465 0.00853892 0.00068
v 0.055999 0.00747222 0.0008
v 0.057364 0.00633562 0.00089
v 0.058533 0.00514082 0.00097
v 0.059478 0.00389952 0.00101
v 0.060174 0.00262352 0.00102
v 0.060594 0.00132432 0.00099
v 0.060712 1.382e-05 0.00092
v 0.039269 0.01302197 -0.00033
v 0.041203 0.01293709 -0.00031
v 0.04318 0.01269019 -0.00026
v 0.045173 0.01229286 -0.00017
v 0.047155 0.0117567 -6e-05
v 0.049101 0.01109331 6e-05
v 0.050983 0.01031429 0.0002
v 0.052775 0.00943122 0.00033
v 0.054452 0.00845572 0.00047
v 0.055986 0.00739942 0.0006
v 0.057352 0.00627392 0.00072
v 0.058523 0.00509072 0.00081
v 0.059473 0.00386142 0.00088
v 0.060175 0.00259782 0.00091
v 0.060603 0.00131132 0.00091
v 0.060731 1.352e-05 0.00086
v 0.039269 0.01280782 -0.00067
v 0.041203 0.01272433 -0.00065
v 0.043177 0.01248149 -0.00059
v 0.045166 0.01209069 -0.0005
v 0.047143 0.01156334 -0.00039
v 0.049084 0.01091086 -0.00025
v 0.050961 0.01014464 -0.0001
v 0.052749 0.00927612 5e-05
v 0.054421 0.00831662 0.00021
v 0.055953 0.00727772 0.00036
v 0.057318 0.00617062 0.0005
v 0.058489 0.00500682 0.00062
v 0.059442 0.00379782 0.00071
v 0.06015 0.00255492 0.00078
v 0.060587 0.00128952 0.0008
v 0.060728 1.312e-05 0.00078
v 0.014269 -0.00117878 0.00606
v 0.015965 -0.00128388 0.00569
v 0.015965 -0.00145868 0.00571
v 0.014269 -0.00133928 0.00606
v 0.017506 -0.00157968 0.0052
v 0.017506 -0.00179488 0.00526
v 0.018926 -0.00203688 0.00461
v 0.018926 -0.00231428 0.00474
v 0.02026 -0.00262608 0.00393
v 0.02026 -0.00298368 0.00417
v 0.021544 -0.00331798 0.0032
v 0.021544 -0.00376988 0.00355
v 0.022812 -0.00408328 0.00243
v 0.022812 -0.00463928 0.0029
v 0.024098 -0.00489248 0.00165
v 0.024098 -0.00555868 0.00225
v 0.025439 -0.00571638 0.00088
v 0.025439 -0.00649488 0.00161
v 0.026869 -0.00652568 0.00014
v 0.026869 -0.00741428 0.001
v 0.028422 -0.00729088 -0.00055
v 0.028422 -0.00828368 0.00044
v 0.030134 -0.00798278 -0.00116
v 0.030134 -0.00906988 -6e-05
v 0.03204 -0.00857198 -0.00168
v 0.03204 -0.00973928 -0.00048
v 0.034175 -0.00902918 -0.00207
v 0.034175 -0.01025868 -0.00081
v 0.036572 -0.00932498 -0.00233
v 0.036572 -0.01059488 -0.00101
v 0.014269 -0.00101048 0.00606
v 0.015965 -0.00110058 0.00568
v 0.017506 -0.00135418 0.00514
v 0.018926 -0.00174608 0.00449
v 0.02026 -0.00225128 0.00373
v 0.021544 -0.00284438 0.0029
v 0.022812 -0.00350038 0.00203
v 0.024098 -0.00419418 0.00114
v 0.025439 -0.00490048 0.00025
v 0.026869 -0.00559418 -0.0006
v 0.028422 -0.00625018 -0.0014
v 0.030134 -0.00684338 -0.00211
v 0.03204 -0.00734848 -0.0027
v 0.034175 -0.00774038 -0.00316
v 0.036572 -0.00799398 -0.00346
v 0.014269 -0.00083568 0.00606
v 0.015965 -0.00091018 0.00566
v 0.017506 -0.00111988 0.0051
v 0.018926 -0.00144408 0.00439
v 0.02026 -0.00186178 0.00356
v 0.021544 -0.00235238 0.00266
v 0.022812 -0.00289488 0.00169
v 0.024098 -0.00346858 0.00071
v 0.025439 -0.00405278 -0.00027
v 0.026869 -0.00462648 -0.00122
v 0.028422 -0.00516898 -0.0021
v 0.030134 -0.00565958 -0.00289
v 0.03204 -0.00607728 -0.00356
v 0.034175 -0.00640148 -0.00407
v 0.036572 -0.00661118 -0.0044
v 0.014269 -0.00065548 0.00606
v 0.015965 -0.00071398 0.00565
v 0.017506 -0.00087848 0.00506
v 0.018926 -0.00113278 0.00431
v 0.02026 -0.00146048 0.00343
v 0.021544 -0.00184518 0.00246
v 0.022812 -0.00227078 0.00143
v 0.024098 -0.00272088 0.00037
v 0.025439 -0.00317908 -0.00069
v 0.026869 -0.00362908 -0.00171
v 0.028422 -0.00405468 -0.00267
v 0.030134 -0.00443948 -0.00352
v 0.03204 -0.00476718 -0.00424
v 0.034175 -0.00502148 -0.00479
v 0.036572 -0.00518598 -0.00515
v 0.014269 -0.00047118 0.00606
v 0.015965 -0.00051318 0.00565
v 0.017506 -0.00063148 0.00503
v 0.018926 -0.00081428 0.00425
v 0.02026 -0.00104978 0.00333
v 0.021544 -0.00132638 0.00231
v 0.022812 -0.00163228 0.00123
v 0.024098 -0.00195578 0.00011
v 0.025439 -0.00228518 -0.00101
v 0.026869 -0.00260868 -0.00208
v 0.028422 -0.00291458 -0.00309
v 0.030134 -0.00319118 -0.00399
v 0.03204 -0.00342678 -0.00475
v 0.034175 -0.00360958 -0.00534
v 0.036572 -0.00372778 -0.00571
v 0.014269 -0.00028388 0.00606
v 0.015965 -0.00030918 0.00564
v 0.017506 -0.00038048 0.00501
v 0.018926 -0.00049058 0.00421
v 0.02026 -0.00063248 0.00326
v 0.021544 -0.00079918 0.00221
v 0.022812 -0.00098348 0.00109
v 0.024098 -0.00117838 -6e-05
v 0.025439 -0.00137688 -0.00122
v 0.026869 -0.00157178 -0.00233
v 0.028422 -0.00175618 -0.00337
v 0.030134 -0.00192278 -0.0043
v 0.03204 -0.00206468 -0.00509
v 0.034175 -0.00217488 -0.0057
v 0.036572 -0.00224608 -0.00609
v 0.014269 -9.478e-05 0.00606
v 0.015965 -0.00010328 0.00564
v 0.017506 -0.00012708 0.00501
v 0.018926 -0.00016388 0.00419
v 0.02026 -0.00021128 0.00323
v 0.021544 -0.00026698 0.00216
v 0.022812 -0.00032848 0.00102
v 0.024098 -0.00039358 -0.00015
v 0.025439 -0.00045988 -0.00132
v 0.026869 -0.00052498 -0.00245
v 0.028422 -0.00058658 -0.00351
v 0.030134 -0.00064228 -0.00446
v 0.03204 -0.00068968 -0.00526
v 0.034175 -0.00072648 -0.00588
v 0.036572 -0.00075028 -0.00628
v 0.014269 9.482e-05 0.00606
v 0.015965 0.00010332 0.00564
v 0.017506 0.00012712 0.00501
v 0.018926 0.00016392 0.00419
v 0.02026 0.00021132 0.00323
v 0.021544 0.00026692 0.00216
v 0.022812 0.00032852 0.00102
v 0.024098 0.00039362 -0.00015
v 0.025439 0.00045992 -0.00132
v 0.026869 0.00052502 -0.00245
v 0.028422 0.00058662 -0.00351
v 0.030134 0.00064232 -0.00446
v 0.03204 0.00068972 -0.00526
v 0.034175 0.00072652 -0.00588
v 0.036572 0.00075032 -0.00628
v 0.014269 0.00028392 0.00606
v 0.015965 0.00030922 0.00564
v 0.017506 0.00038052 0.00501
v 0.018926 0.00049062 0.00421
v 0.02026 0.00063252 0.00326
v 0.021544 0.00079922 0.00221
v 0.022812 0.00098352 0.00109
v 0.024098 0.00117842 -6e-05
v 0.025439 0.00137692 -0.00122
v 0.026869 0.00157182 -0.00233
v 0.028422 0.00175612 -0.00337
v 0.030134 0.00192282 -0.0043
v 0.03204 0.00206472 -0.00509
v 0.034175 0.00217482 -0.0057
v 0.036572 0.00224612 -0.00609
v 0.014269 0.00047122 0.00606
v 0.015965 0.00051322 0.00565
v 0.017506 0.00063152 0.00503
v 0.018926 0.00081422 0.00425
v 0.02026 0.00104982 0.00333
v 0.021544 0.00132642 0.00231
v 0.022812 0.00163232 0.00123
v 0.024098 0.00195582 0.00011
v 0.025439 0.00228522 -0.00101
v 0.026869 0.00260872 -0.00208
v 0.028422 0.00291462 -0.00309
v 0.030134 0.00319122 -0.00399
v 0.03204 0.00342682 -0.00475
v 0.034175 0.00360962 -0.00534
v 0.036572 0.00372782 -0.00571
v 0.014269 0.00065552 0.00606
v 0.015965 0.00071402 0.00565
v 0.017506 0.00087852 0.00506
v 0.018926 0.00113282 0.00431
v 0.02026 0.00146042 0.00343
v 0.021544 0.00184522 0.00246
v 0.022812 0.00227082 0.00143
v 0.024098 0.00272092 0.00037
v 0.025439 0.00317912 -0.00069
v 0.026869 0.00362912 -0.00171
v 0.028422 0.00405472 -0.00267
v 0.030134 0.00443952 -0.00352
v 0.03204 0.00476722 -0.00424
v 0.034175 0.00502152 -0.00479
v 0.036572 0.00518602 -0.00515
v 0.014269 0.00083572 0.00606
v 0.015965 0.00091022 0.00566
v 0.017506 0.00111992 0.0051
v 0.018926 0.00144412 0.00439
v 0.02026 0.00186182 0.00356
v 0.021544 0.00235232 0.00266
v 0.022812 0.00289492 0.00169
v 0.024098 0.00346862 0.00071
v 0.025439 0.00405282 -0.00027
v 0.026869 0.00462652 -0.00122
v 0.028422 0.00516902 -0.0021
v 0.030134 0.00565962 -0.00289
v 0.03204 0.00607732 -0.00356
v 0.034175 0.00640142 -0.00407
v 0.036572 0.00661122 -0.0044
v 0.014269 0.00101052 0.00606
v 0.015965 0.00110062 0.00568
v 0.017506 0.00135422 0.00514
v 0.018926 0.00174612 0.00449
v 0.02026 0.00225122 0.00373
v 0.021544 0.00284442 0.0029
v 0.022812 0.00350042 0.00203
v 0.024098 0.00419412 0.00114
v 0.025439 0.00490052 0.00025
v 0.026869 0.00559422 -0.0006
v 0.028422 0.00625022 -0.0014
v 0.030134 0.00684342 -0.00211
v 0.03204 0.00734852 -0.0027
v 0.034175 0.00774042 -0.00316
v 0.036572 0.00799402 -0.00346
v 0.014269 0.00117872 0.00606
v 0.015965 0.00128392 0.00569
v 0.017506 0.00157972 0.0052
v 0.018926 0.00203692 0.00461
v 0.02026 0.00262612 0.00393
v 0.021544 0.00331802 0.0032
v 0.022812 0.00408322 0.00243
v 0.024098 0.00489252 0.00165
v 0.025439 0.00571642 0.00088
v 0.026869 0.00652572 0.00014
v 0.028422 0.00729092 -0.00055
v 0.030134 0.00798282 -0.00116
v 0.03204 0.00857202 -0.00168
v 0.034175 0.00902922 -0.00207
v 0.036572 0.00932502 -0.00233
v 0.014269 0.00133932 0.00606
v 0.015965 0.00145872 0.00571
v 0.017506 0.00179482 0.00526
v 0.018926 0.00231432 0.00474
v 0.02026 0.00298372 0.00417
v 0.021544 0.00376982 0.00355
v 0.022812 0.00463932 0.0029
v 0.024098 0.00555872 0.00225
v 0.025439 0.00649482 0.00161
v 0.026869 0.00741432 0.001
v 0.028422 0.00828372 0.00044
v 0.030134 0.00906982 -6e-05
v 0.03204 0.00973932 -0.00048
v 0.034175 0.01025876 -0.00081
v 0.036572 0.01059487 -0.00101
v 0.014269 -0.00160098 0.00521
v 0.015965 -0.00174378 0.00487
v 0.015965 -0.00170188 0.00483
v 0.014269 -0.00156248 0.00517
v 0.017506 -0.00214558 0.00447
v 0.017506 -0.00209398 0.00441
v 0.018926 -0.00276648 0.00402
v 0.018926 -0.00269998 0.00394
v 0.02026 -0.00356668 0.00353
v 0.02026 -0.00348098 0.00343
v 0.021544 -0.00450648 0.00302
v 0.021544 -0.00439818 0.00288
v 0.022812 -0.00554578 0.00249
v 0.022812 -0.00541248 0.00232
v 0.024098 -0.00664488 0.00197
v 0.024098 -0.00648518 0.00176
v 0.025439 -0.00776388 0.00145
v 0.025439 -0.00757728 0.00121
v 0.026869 -0.00886298 0.00097
v 0.026869 -0.00864998 0.00069
v 0.028422 -0.00990228 0.00052
v 0.028422 -0.00966438 0.00021
v 0.030134 -0.01084198 0.00013
v 0.030134 -0.01058148 -0.00022
v 0.03204 -0.01164228 -0.0002
v 0.03204 -0.01136248 -0.00058
v 0.034175 -0.01226318 -0.00046
v 0.034175 -0.01196848 -0.00085
v 0.036572 -0.01266498 -0.00062
v 0.036572 -0.01236068 -0.00102
v 0.014269 -0.00162778 0.00526
v 0.015965 -0.00177288 0.00493
v 0.017506 -0.00218138 0.00454
v 0.018926 -0.00281278 0.00411
v 0.02026 -0.00362638 0.00364
v 0.021544 -0.00458178 0.00315
v 0.022812 -0.00563848 0.00265
v 0.024098 -0.00675598 0.00215
v 0.025439 -0.00789368 0.00167
v 0.026869 -0.00901118 0.00121
v 0.028422 -0.01006788 0.00079
v 0.030134 -0.01102328 0.00042
v 0.03204 -0.01183698 0.00011
v 0.034175 -0.01246828 -0.00013
v 0.036572 -0.01287678 -0.00028
v 0.014269 -0.00164378 0.00532
v 0.015965 -0.00179038 0.005
v 0.017506 -0.00220288 0.00461
v 0.018926 -0.00284038 0.00419
v 0.02026 -0.00366198 0.00374
v 0.021544 -0.00462688 0.00327
v 0.022812 -0.00569398 0.00279
v 0.024098 -0.00682238 0.00231
v 0.025439 -0.00797128 0.00185
v 0.026869 -0.00909978 0.00141
v 0.028422 -0.01016688 0.00101
v 0.030134 -0.01113168 0.00065
v 0.03204 -0.01195338 0.00036
v 0.034175 -0.01259088 0.00014
v 0.036572 -0.01300338 -1e-05
v 0.014269 -0.00164988 0.00539
v 0.015965 -0.00179708 0.00507
v 0.017506 -0.00221118 0.00469
v 0.018926 -0.00285108 0.00428
v 0.02026 -0.00367578 0.00384
v 0.021544 -0.00464428 0.00337
v 0.022812 -0.00571538 0.00291
v 0.024098 -0.00684808 0.00244
v 0.025439 -0.00800128 0.00199
v 0.026869 -0.00913398 0.00157
v 0.028422 -0.01020518 0.00118
v 0.030134 -0.01117358 0.00084
v 0.03204 -0.01199828 0.00056
v 0.034175 -0.01263818 0.00034
v 0.036572 -0.01305228 0.0002
v 0.014269 -0.00164728 0.00547
v 0.015965 -0.00179418 0.00515
v 0.017506 -0.00220758 0.00477
v 0.018926 -0.00284638 0.00436
v 0.02026 -0.00366978 0.00393
v 0.021544 -0.00463668 0.00347
v 0.022812 -0.00570598 0.00301
v 0.024098 -0.00683688 0.00255
v 0.025439 -0.00798828 0.00211
v 0.026869 -0.00911908 0.00169
v 0.028422 -0.01018848 0.00131
v 0.030134 -0.01115528 0.00098
v 0.03204 -0.01197868 0.0007
v 0.034175 -0.01261758 0.00049
v 0.036572 -0.01303098 0.00035
v 0.014269 -0.00163658 0.00555
v 0.015965 -0.00178258 0.00523
v 0.017506 -0.00219328 0.00485
v 0.018926 -0.00282808 0.00444
v 0.02026 -0.00364608 0.00401
v 0.021544 -0.00460678 0.00355
v 0.022812 -0.00566918 0.00309
v 0.024098 -0.00679278 0.00264
v 0.025439 -0.00793668 0.0022
v 0.026869 -0.00906028 0.00178
v 0.028422 -0.01012268 0.0014
v 0.030134 -0.01108338 0.00107
v 0.03204 -0.01190138 0.00079
v 0.034175 -0.01253618 0.00058
v 0.036572 -0.01294688 0.00044
v 0.014269 -0.00161898 0.00563
v 0.015965 -0.00176338 0.00531
v 0.017506 -0.00216968 0.00493
v 0.018926 -0.00279758 0.00452
v 0.02026 -0.00360688 0.00408
v 0.021544 -0.00455718 0.00362
v 0.022812 -0.00560818 0.00316
v 0.024098 -0.00671958 0.0027
v 0.025439 -0.00785118 0.00225
v 0.026869 -0.00896268 0.00183
v 0.028422 -0.01001368 0.00145
v 0.030134 -0.01096398 0.00111
v 0.03204 -0.01177318 0.00083
v 0.034175 -0.01240118 0.00061
v 0.036572 -0.01280748 0.00047
v 0.014269 -0.00159528 0.00572
v 0.015965 -0.00173758 0.00539
v 0.017506 -0.00213798 0.00501
v 0.018926 -0.00275668 0.00459
v 0.02026 -0.00355408 0.00414
v 0.021544 -0.00449048 0.00368
v 0.022812 -0.00552618 0.0032
v 0.024098 -0.00662138 0.00273
v 0.025439 -0.00773638 0.00228
v 0.026869 -0.00883158 0.00185
v 0.028422 -0.00986728 0.00145
v 0.030134 -0.01080358 0.0011
v 0.03204 -0.01160108 0.00081
v 0.034175 -0.01221978 0.00059
v 0.036572 -0.01262018 0.00045
v 0.014269 -0.00156648 0.00579
v 0.015965 -0.00170628 0.00546
v 0.017506 -0.00209938 0.00508
v 0.018926 -0.00270698 0.00465
v 0.02026 -0.00348998 0.00419
v 0.021544 -0.00440948 0.00371
v 0.022812 -0.00542638 0.00323
v 0.024098 -0.00650188 0.00274
v 0.025439 -0.00759678 0.00227
v 0.026869 -0.00867228 0.00182
v 0.028422 -0.00968918 0.00142
v 0.030134 -0.01060868 0.00106
v 0.03204 -0.01139168 0.00076
v 0.034175 -0.01199928 0.00053
v 0.036572 -0.01239238 0.00038
v 0.014269 -0.00153358 0.00586
v 0.015965 -0.00167038 0.00553
v 0.017506 -0.00205518 0.00514
v 0.018926 -0.00264998 0.0047
v 0.02026 -0.00341658 0.00423
v 0.021544 -0.00431668 0.00374
v 0.022812 -0.00531228 0.00323
v 0.024098 -0.00636508 0.00272
v 0.025439 -0.00743698 0.00223
v 0.026869 -0.00848978 0.00177
v 0.028422 -0.00948538 0.00134
v 0.030134 -0.01038548 0.00097
v 0.03204 -0.01115208 0.00065
v 0.034175 -0.01174688 0.00041
v 0.036572 -0.01213178 0.00026
v 0.014269 -0.00149738 0.00593
v 0.015965 -0.00163098 0.00559
v 0.017506 -0.00200668 0.00519
v 0.018926 -0.00258748 0.00474
v 0.02026 -0.00333598 0.00425
v 0.021544 -0.00421488 0.00374
v 0.022812 -0.00518698 0.00321
v 0.024098 -0.00621498 0.00268
v 0.025439 -0.00726158 0.00217
v 0.026869 -0.00828958 0.00168
v 0.028422 -0.00926158 0.00123
v 0.030134 -0.01014048 0.00083
v 0.03204 -0.01088898 0.0005
v 0.034175 -0.01146978 0.00025
v 0.036572 -0.01184558 9e-05
v 0.014269 -0.00145898 0.00598
v 0.015965 -0.00158908 0.00564
v 0.017506 -0.00195518 0.00524
v 0.018926 -0.00252108 0.00477
v 0.02026 -0.00325028 0.00426
v 0.021544 -0.00410658 0.00372
v 0.022812 -0.00505378 0.00317
v 0.024098 -0.00605528 0.00261
v 0.025439 -0.00707508 0.00207
v 0.026869 -0.00807658 0.00156
v 0.028422 -0.00902378 0.00108
v 0.030134 -0.00988008 0.00066
v 0.03204 -0.01060928 0.00031
v 0.034175 -0.01117518 5e-05
v 0.036572 -0.01154128 -0.00012
v 0.014269 -0.00141918 0.00602
v 0.015965 -0.00154568 0.00568
v 0.017506 -0.00190188 0.00526
v 0.018926 -0.00245228 0.00478
v 0.02026 -0.00316158 0.00425
v 0.021544 -0.00399458 0.00368
v 0.022812 -0.00491588 0.0031
v 0.024098 -0.00589008 0.00252
v 0.025439 -0.00688208 0.00195
v 0.026869 -0.00785628 0.0014
v 0.028422 -0.00877758 0.0009
v 0.030134 -0.00961058 0.00046
v 0.03204 -0.01031988 9e-05
v 0.034175 -0.01087028 -0.0002
v 0.036572 -0.01122648 -0.00038
v 0.014269 -0.00137898 0.00605
v 0.015965 -0.00150188 0.0057
v 0.017506 -0.00184798 0.00527
v 0.018926 -0.00238278 0.00477
v 0.02026 -0.00307208 0.00422
v 0.021544 -0.00388148 0.00363
v 0.022812 -0.00477658 0.00301
v 0.024098 -0.00572328 0.0024
v 0.025439 -0.00668708 0.00179
v 0.026869 -0.00763378 0.00122
v 0.028422 -0.00852898 0.00069
v 0.030134 -0.00933838 0.00021
v 0.03204 -0.01002758 -0.00018
v 0.034175 -0.01056248 -0.00048
v 0.036572 -0.01090848 -0.00068
v 0.014269 0.00139762 0.005
v 0.015965 0.00152032 0.00464
v 0.015965 0.00170182 0.00483
v 0.014269 0.00156252 0.00517
v 0.017506 0.00186552 0.00418
v 0.017506 0.00209402 0.00441
v 0.018926 0.00239902 0.00362
v 0.018926 0.00270002 0.00394
v 0.02026 0.00308652 0.003
v 0.02026 0.00348102 0.00343
v 0.021544 0.00389392 0.00233
v 0.021544 0.00439812 0.00288
v 0.022812 0.00478682 0.00163
v 0.022812 0.00541252 0.00232
v 0.024098 0.00573112 0.00092
v 0.024098 0.00648522 0.00176
v 0.025439 0.00669252 0.00022
v 0.025439 0.00757732 0.00121
v 0.026869 0.00763682 -0.00045
v 0.026869 0.00865002 0.00069
v 0.028422 0.00852972 -0.00107
v 0.028422 0.00966432 0.00021
v 0.030134 0.00933702 -0.00162
v 0.030134 0.0105815 -0.00022
v 0.03204 0.0100246 -0.00209
v 0.03204 0.01136252 -0.00058
v 0.034175 0.01055808 -0.00244
v 0.034175 0.01196853 -0.00085
v 0.036572 0.01090327 -0.00267
v 0.036572 0.01236066 -0.00102
v 0.014269 0.00121712 0.00487
v 0.015965 0.00132232 0.00449
v 0.017506 0.00161812 0.00398
v 0.018926 0.00207542 0.00335
v 0.02026 0.00266462 0.00264
v 0.021544 0.00335662 0.00186
v 0.022812 0.00412192 0.00104
v 0.024098 0.00493122 0.0002
v 0.025439 0.00575522 -0.00063
v 0.026869 0.00656452 -0.00142
v 0.028422 0.00732992 -0.00216
v 0.030134 0.00802182 -0.00283
v 0.03204 0.00861112 -0.00338
v 0.034175 0.00906832 -0.00381
v 0.036572 0.00936422 -0.00408
v 0.014269 0.00102312 0.00476
v 0.015965 0.00111002 0.00437
v 0.017506 0.00135452 0.00382
v 0.018926 0.00173242 0.00313
v 0.02026 0.00221942 0.00234
v 0.021544 0.00279122 0.00147
v 0.022812 0.00342372 0.00055
v 0.024098 0.00409252 -0.00039
v 0.025439 0.00477352 -0.00133
v 0.026869 0.00544232 -0.00223
v 0.028422 0.00607482 -0.00307
v 0.030134 0.00664662 -0.00383
v 0.03204 0.00713362 -0.00446
v 0.034175 0.00751152 -0.00495
v 0.036572 0.00775602 -0.00526
v 0.014269 0.00081782 0.00468
v 0.015965 0.00088592 0.00428
v 0.017506 0.00107742 0.0037
v 0.018926 0.00137332 0.00296
v 0.02026 0.00175482 0.00211
v 0.021544 0.00220262 0.00116
v 0.022812 0.00269802 0.00016
v 0.024098 0.00322192 -0.00087
v 0.025439 0.00375522 -0.00189
v 0.026869 0.00427912 -0.00288
v 0.028422 0.00477442 -0.0038
v 0.030134 0.00522232 -0.00463
v 0.03204 0.00560372 -0.00532
v 0.034175 0.00589972 -0.00586
v 0.036572 0.00609122 -0.0062
v 0.014269 0.00060342 0.00462
v 0.015965 0.00065222 0.00421
v 0.017506 0.00078942 0.00361
v 0.018926 0.00100152 0.00284
v 0.02026 0.00127482 0.00194
v 0.021544 0.00159582 0.00094
v 0.022812 0.00195082 -0.00013
v 0.024098 0.00232622 -0.00122
v 0.025439 0.00270842 -0.00231
v 0.026869 0.00308382 -0.00336
v 0.028422 0.00343882 -0.00435
v 0.030134 0.00375982 -0.00522
v 0.03204 0.00403312 -0.00597
v 0.034175 0.00424522 -0.00654
v 0.036572 0.00438242 -0.00691
v 0.014269 0.00038212 0.00459
v 0.015965 0.00041122 0.00417
v 0.017506 0.00049332 0.00355
v 0.018926 0.00062022 0.00276
v 0.02026 0.00078362 0.00182
v 0.021544 0.00097562 0.00079
v 0.022812 0.00118792 -0.00031
v 0.024098 0.00141242 -0.00145
v 0.025439 0.00164102 -0.00259
v 0.026869 0.00186562 -0.00368
v 0.028422 0.00207792 -0.00471
v 0.030134 0.00226992 -0.00562
v 0.03204 0.00243332 -0.0064
v 0.034175 0.00256022 -0.00699
v 0.036572 0.00264232 -0.00738
v 0.014269 0.00015592 0.00458
v 0.015965 0.00016532 0.00416
v 0.017506 0.00019172 0.00353
v 0.018926 0.00023262 0.00272
v 0.02026 0.00028522 0.00177
v 0.021544 0.00034692 0.00072
v 0.022812 0.00041522 -0.00041
v 0.024098 0.00048752 -0.00156
v 0.025439 0.00056102 -0.00272
v 0.026869 0.00063332 -0.00384
v 0.028422 0.00070162 -0.00489
v 0.030134 0.00076342 -0.00582
v 0.03204 0.00081602 -0.00661
v 0.034175 0.00085682 -0.00722
v 0.036572 0.00088322 -0.00761
v 0.014269 -7.278e-05 0.00459
v 0.015965 -8.318e-05 0.00417
v 0.017506 -0.00011258 0.00354
v 0.018926 -0.00015798 0.00273
v 0.02026 -0.00021658 0.00178
v 0.021544 -0.00028528 0.00073
v 0.022812 -0.00036128 -0.0004
v 0.024098 -0.00044168 -0.00156
v 0.025439 -0.00052358 -0.00272
v 0.026869 -0.00060398 -0.00384
v 0.028422 -0.00067998 -0.00488
v 0.030134 -0.00074878 -0.00582
v 0.03204 -0.00080728 -0.00661
v 0.034175 -0.00085278 -0.00722
v 0.036572 -0.00088218 -0.00761
v 0.014269 -0.00030178 0.00462
v 0.015965 -0.00033198 0.00421
v 0.017506 -0.00041698 0.00358
v 0.018926 -0.00054828 0.00279
v 0.02026 -0.00071748 0.00185
v 0.021544 -0.00091618 0.00081
v 0.022812 -0.00113588 -0.00029
v 0.024098 -0.00136828 -0.00143
v 0.025439 -0.00160488 -0.00257
v 0.026869 -0.00183728 -0.00367
v 0.028422 -0.00205708 -0.0047
v 0.030134 -0.00225578 -0.00562
v 0.03204 -0.00242498 -0.00639
v 0.034175 -0.00255628 -0.00699
v 0.036572 -0.00264118 -0.00738
v 0.014269 -0.00052908 0.00467
v 0.015965 -0.00057888 0.00426
v 0.017506 -0.00071878 0.00365
v 0.018926 -0.00093498 0.00288
v 0.02026 -0.00121358 0.00198
v 0.021544 -0.00154078 0.00097
v 0.022812 -0.00190268 -9e-05
v 0.024098 -0.00228538 -0.00119
v 0.025439 -0.00267498 -0.00229
v 0.026869 -0.00305768 -0.00334
v 0.028422 -0.00341958 -0.00433
v 0.030134 -0.00374678 -0.00522
v 0.03204 -0.00402538 -0.00596
v 0.034175 -0.00424158 -0.00654
v 0.036572 -0.00438148 -0.00691
v 0.014269 -0.00075248 0.00474
v 0.015965 -0.00082138 0.00434
v 0.017506 -0.00101518 0.00375
v 0.018926 -0.00131478 0.00302
v 0.02026 -0.00170088 0.00216
v 0.021544 -0.00215418 0.00121
v 0.022812 -0.00265568 0.0002
v 0.024098 -0.00318588 -0.00083
v 0.025439 -0.00372578 -0.00186
v 0.026869 -0.00425608 -0.00286
v 0.028422 -0.00475748 -0.00379
v 0.030134 -0.00521088 -0.00462
v 0.03204 -0.00559698 -0.00531
v 0.034175 -0.00589648 -0.00585
v 0.036572 -0.00609038 -0.0062
v 0.014269 -0.00096968 0.00482
v 0.015965 -0.00105718 0.00443
v 0.017506 -0.00130368 0.00388
v 0.018926 -0.00168448 0.00319
v 0.02026 -0.00217528 0.00239
v 0.021544 -0.00275158 0.00152
v 0.022812 -0.00338898 0.00059
v 0.024098 -0.00406308 -0.00036
v 0.025439 -0.00474938 -0.0013
v 0.026869 -0.00542348 -0.00221
v 0.028422 -0.00606088 -0.00306
v 0.030134 -0.00663728 -0.00381
v 0.03204 -0.00712798 -0.00445
v 0.034175 -0.00750888 -0.00494
v 0.036572 -0.00775528 -0.00526
v 0.014269 -0.00117848 0.00492
v 0.015965 -0.00128418 0.00455
v 0.017506 -0.00158138 0.00403
v 0.018926 -0.00204078 0.00341
v 0.02026 -0.00263278 0.00269
v 0.021544 -0.00332798 0.0019
v 0.022812 -0.00409688 0.00108
v 0.024098 -0.00490998 0.00023
v 0.025439 -0.00573778 -0.0006
v 0.026869 -0.00655098 -0.0014
v 0.028422 -0.00731988 -0.00215
v 0.030134 -0.00801508 -0.00282
v 0.03204 -0.00860708 -0.00338
v 0.034175 -0.00906638 -0.00381
v 0.036572 -0.00936368 -0.00408
v 0.014269 -0.00137688 0.00504
v 0.015965 -0.00149978 0.00468
v 0.017506 -0.00184568 0.00421
v 0.018926 -0.00238038 0.00366
v 0.02026 -0.00306938 0.00303
v 0.021544 -0.00387848 0.00236
v 0.022812 -0.00477328 0.00165
v 0.024098 -0.00571968 0.00094
v 0.025439 -0.00668308 0.00024
v 0.026869 -0.00762948 -0.00044
v 0.028422 -0.00852428 -0.00106
v 0.030134 -0.00933338 -0.00162
v 0.03204 -0.01002238 -0.00208
v 0.034175 -0.01055708 -0.00244
v 0.036572 -0.01090298 -0.00267
v 0.014269 0.00137862 0.00605
v 0.015965 0.00150162 0.0057
v 0.017506 0.00184772 0.00527
v 0.018926 0.00238252 0.00477
v 0.02026 0.00307182 0.00422
v 0.021544 0.00388122 0.00363
v 0.022812 0.00477642 0.00302
v 0.024098 0.00572312 0.0024
v 0.025439 0.00668702 0.00179
v 0.026869 0.00763372 0.00122
v 0.028422 0.00852892 0.00069
v 0.030134 0.00933832 0.00021
v 0.03204 0.01002761 -0.00018
v 0.034175 0.01056245 -0.00048
v 0.036572 0.01090853 -0.00068
v 0.014269 0.00141782 0.00603
v 0.015965 0.00154442 0.00568
v 0.017506 0.00190062 0.00526
v 0.018926 0.00245112 0.00478
v 0.02026 0.00316062 0.00425
v 0.021544 0.00399362 0.00369
v 0.022812 0.00491502 0.00311
v 0.024098 0.00588942 0.00252
v 0.025439 0.00688152 0.00195
v 0.026869 0.00785592 0.0014
v 0.028422 0.00877732 0.0009
v 0.030134 0.00961032 0.00046
v 0.03204 0.01031981 9e-05
v 0.034175 0.01087029 -0.0002
v 0.036572 0.01122649 -0.00038
v 0.014269 0.00145632 0.00599
v 0.015965 0.00158642 0.00565
v 0.017506 0.00195262 0.00524
v 0.018926 0.00251862 0.00477
v 0.02026 0.00324812 0.00426
v 0.021544 0.00410462 0.00373
v 0.022812 0.00505202 0.00317
v 0.024098 0.00605382 0.00262
v 0.025439 0.00707392 0.00207
v 0.026869 0.00807572 0.00156
v 0.028422 0.00902312 0.00109
v 0.030134 0.00987962 0.00067
v 0.03204 0.01060908 0.00031
v 0.034175 0.01117507 5e-05
v 0.036572 0.01154131 -0.00012
v 0.014269 0.00149302 0.00594
v 0.015965 0.00162662 0.0056
v 0.017506 0.00200262 0.0052
v 0.018926 0.00258362 0.00475
v 0.02026 0.00333242 0.00426
v 0.021544 0.00421172 0.00374
v 0.022812 0.00518412 0.00322
v 0.024098 0.00621252 0.00269
v 0.025439 0.00725962 0.00217
v 0.026869 0.00828802 0.00168
v 0.028422 0.00926052 0.00123
v 0.030134 0.01013979 0.00084
v 0.03204 0.01088858 0.0005
v 0.034175 0.01146958 0.00025
v 0.036572 0.01184553 9e-05
v 0.014269 0.00152742 0.00588
v 0.015965 0.00166422 0.00555
v 0.017506 0.00204932 0.00515
v 0.018926 0.00264452 0.00472
v 0.02026 0.00341152 0.00424
v 0.021544 0.00431212 0.00374
v 0.022812 0.00530832 0.00324
v 0.024098 0.00636172 0.00273
v 0.025439 0.00743422 0.00224
v 0.026869 0.00848762 0.00177
v 0.028422 0.00948382 0.00135
v 0.030134 0.01038447 0.00097
v 0.03204 0.01115146 0.00065
v 0.034175 0.0117466 0.00041
v 0.036572 0.01213169 0.00026
v 0.014269 0.00155852 0.00581
v 0.015965 0.00169832 0.00548
v 0.017506 0.00209172 0.0051
v 0.018926 0.00269982 0.00467
v 0.02026 0.00348342 0.00421
v 0.021544 0.00440352 0.00373
v 0.022812 0.00542122 0.00324
v 0.024098 0.00649752 0.00275
v 0.025439 0.00759322 0.00228
v 0.026869 0.00866942 0.00183
v 0.028422 0.00968712 0.00142
v 0.030134 0.01060731 0.00106
v 0.03204 0.0113909 0.00076
v 0.034175 0.01199893 0.00053
v 0.036572 0.01239235 0.00038
v 0.014269 0.00158562 0.00573
v 0.015965 0.00172802 0.00541
v 0.017506 0.00212872 0.00503
v 0.018926 0.00274802 0.00461
v 0.02026 0.00354612 0.00416
v 0.021544 0.00448332 0.00369
v 0.022812 0.00551982 0.00322
v 0.024098 0.00661602 0.00274
v 0.025439 0.00773202 0.00228
v 0.026869 0.00882822 0.00185
v 0.028422 0.00986472 0.00146
v 0.030134 0.01080195 0.00111
v 0.03204 0.01160006 0.00082
v 0.034175 0.01221934 0.00059
v 0.036572 0.01262005 0.00045
v 0.014269 0.00160792 0.00566
v 0.015965 0.00175242 0.00533
v 0.017506 0.00215912 0.00496
v 0.018926 0.00278772 0.00454
v 0.02026 0.00359772 0.0041
v 0.021544 0.00454892 0.00364
v 0.022812 0.00560102 0.00317
v 0.024098 0.00671352 0.00271
v 0.025439 0.00784622 0.00226
v 0.026869 0.00895882 0.00184
v 0.028422 0.01001084 0.00145
v 0.030134 0.01096205 0.00111
v 0.03204 0.0117721 0.00083
v 0.034175 0.01240064 0.00061
v 0.036572 0.01280734 0.00047
v 0.014269 0.00162462 0.00558
v 0.015965 0.00177072 0.00525
v 0.017506 0.00218192 0.00488
v 0.018926 0.00281732 0.00447
v 0.02026 0.00363622 0.00403
v 0.021544 0.00459782 0.00357
v 0.022812 0.00566142 0.00311
v 0.024098 0.00678622 0.00265
v 0.025439 0.00793132 0.00221
v 0.026869 0.00905602 0.00179
v 0.028422 0.01011962 0.00141
v 0.030134 0.01108125 0.00107
v 0.03204 0.01190017 0.00079
v 0.034175 0.0125356 0.00058
v 0.036572 0.01294676 0.00044
v 0.014269 0.00163492 0.0055
v 0.015965 0.00178192 0.00517
v 0.017506 0.00219582 0.0048
v 0.018926 0.00283532 0.00439
v 0.02026 0.00365962 0.00395
v 0.021544 0.00462752 0.00349
v 0.022812 0.00569802 0.00303
v 0.024098 0.00683012 0.00257
v 0.025439 0.00798272 0.00212
v 0.026869 0.00911482 0.0017
v 0.028422 0.01018528 0.00132
v 0.030134 0.01115319 0.00098
v 0.03204 0.01197745 0.0007
v 0.034175 0.01261702 0.00049
v 0.036572 0.01303086 0.00035
v 0.014269 0.00163792 0.00542
v 0.015965 0.00178532 0.00509
v 0.017506 0.00219982 0.00472
v 0.018926 0.00284032 0.0043
v 0.02026 0.00366592 0.00385
v 0.021544 0.00463542 0.00339
v 0.022812 0.00570762 0.00292
v 0.024098 0.00684152 0.00246
v 0.025439 0.00799592 0.00201
v 0.026869 0.00912982 0.00158
v 0.028422 0.01020205 0.00119
v 0.030134 0.01117151 0.00085
v 0.03204 0.01199708 0.00056
v 0.034175 0.01263768 0.00034
v 0.036572 0.01305218 0.0002
v 0.014269 0.00163302 0.00534
v 0.015965 0.00177982 0.00502
v 0.017506 0.00219272 0.00463
v 0.018926 0.00283082 0.00421
v 0.02026 0.00365322 0.00376
v 0.021544 0.00461892 0.00328
v 0.022812 0.00568702 0.0028
v 0.024098 0.00681652 0.00232
v 0.025439 0.00796652 0.00186
v 0.026869 0.00909602 0.00142
v 0.028422 0.01016414 0.00101
v 0.030134 0.01112985 0.00066
v 0.03204 0.01195225 0.00036
v 0.034175 0.01259037 0.00014
v 0.036572 0.01300328 -1e-05
v 0.014269 0.00161942 0.00528
v 0.015965 0.00176462 0.00495
v 0.017506 0.00217352 0.00456
v 0.018926 0.00280522 0.00412
v 0.02026 0.00361952 0.00365
v 0.021544 0.00457562 0.00316
v 0.022812 0.00563312 0.00266
v 0.024098 0.00675142 0.00216
v 0.025439 0.00788992 0.00167
v 0.026869 0.00900822 0.00121
v 0.028422 0.01006575 0.00079
v 0.030134 0.01102187 0.00042
v 0.03204 0.0118361 0.00011
v 0.034175 0.01246789 -0.00013
v 0.036572 0.01287669 -0.00028
v 0.014269 0.00159612 0.00522
v 0.015965 0.00173902 0.00488
v 0.017506 0.00214092 0.00448
v 0.018926 0.00276212 0.00403
v 0.02026 0.00356272 0.00354
v 0.021544 0.00450282 0.00303
v 0.022812 0.00554262 0.0025
v 0.024098 0.00664222 0.00197
v 0.025439 0.00776172 0.00146
v 0.026869 0.00886132 0.00097
v 0.028422 0.00990112 0.00052
v 0.030134 0.0108412 0.00013
v 0.03204 0.0116418 -0.0002
v 0.034175 0.01226301 -0.00046
v 0.036572 0.01266497 -0.00062
v -0.046446 -0.00377278 0.00444
v -0.042827 -0.00373968 0.00482
v -0.042827 -0.00442448 0.00465
v -0.046446 -0.00446428 0.00427
v -0.03912 -0.00364668 0.00522
v -0.03912 -0.00431248 0.00506
v -0.035331 -0.00350298 0.00564
v -0.035331 -0.00413928 0.00549
v -0.031465 -0.00331778 0.00605
v -0.031465 -0.00391618 0.00591
v -0.027529 -0.00310028 0.00645
v -0.027529 -0.00365408 0.00632
v -0.02353 -0.00285968 0.00681
v -0.02353 -0.00336428 0.0067
v -0.019474 -0.00260528 0.00712
v -0.019474 -0.00305778 0.00703
v -0.015367 -0.00234628 0.00737
v -0.015367 -0.00274578 0.0073
v -0.011215 -0.00209178 0.00755
v -0.011215 -0.00243928 0.00749
v -0.007026 -0.00185128 0.00762
v -0.007026 -0.00214948 0.00758
v -0.002805 -0.00163378 0.00759
v -0.002805 -0.00188748 0.00756
v 0.001442 -0.00144848 0.00743
v 0.001442 -0.00166428 0.00742
v 0.005707 -0.00130478 0.00714
v 0.005707 -0.00149118 0.00713
v 0.009985 -0.00121178 0.00668
v 0.009985 -0.00137908 0.00668
v -0.046446 -0.00312248 0.00458
v -0.042828 -0.00309558 0.00496
v -0.03912 -0.00301988 0.00536
v -0.035331 -0.00290288 0.00576
v -0.031465 -0.00275198 0.00617
v -0.027529 -0.00257488 0.00655
v -0.02353 -0.00237908 0.0069
v -0.019474 -0.00217188 0.0072
v -0.015367 -0.00196108 0.00744
v -0.011215 -0.00175388 0.0076
v -0.007026 -0.00155798 0.00766
v -0.002805 -0.00138088 0.00762
v 0.001442 -0.00123008 0.00745
v 0.005707 -0.00111308 0.00714
v 0.009985 -0.00103738 0.00668
v -0.046446 -0.00250718 0.0047
v -0.042828 -0.00248588 0.00507
v -0.03912 -0.00242588 0.00547
v -0.035331 -0.00233328 0.00587
v -0.031465 -0.00221398 0.00627
v -0.027529 -0.00207378 0.00664
v -0.02353 -0.00191878 0.00698
v -0.019474 -0.00175488 0.00727
v -0.015367 -0.00158798 0.00749
v -0.011215 -0.00142398 0.00764
v -0.007026 -0.00126898 0.00769
v -0.002805 -0.00112888 0.00764
v 0.001442 -0.00100948 0.00746
v 0.005707 -0.00091688 0.00715
v 0.009985 -0.00085698 0.00669
v -0.046446 -0.00192038 0.0048
v -0.042827 -0.00190428 0.00517
v -0.03912 -0.00185888 0.00556
v -0.035331 -0.00178878 0.00596
v -0.031465 -0.00169848 0.00635
v -0.027529 -0.00159248 0.00671
v -0.02353 -0.00147518 0.00704
v -0.019474 -0.00135108 0.00732
v -0.015367 -0.00122478 0.00754
v -0.011215 -0.00110078 0.00767
v -0.007026 -0.00098338 0.00772
v -0.002805 -0.00087738 0.00765
v 0.001442 -0.00078708 0.00747
v 0.005707 -0.00071698 0.00715
v 0.009985 -0.00067158 0.00669
v -0.046446 -0.00135578 0.00487
v -0.042828 -0.00134458 0.00524
v -0.03912 -0.00131288 0.00563
v -0.035331 -0.00126378 0.00602
v -0.031465 -0.00120068 0.0064
v -0.027529 -0.00112648 0.00676
v -0.02353 -0.00104438 0.00709
v -0.019474 -0.00095768 0.00736
v -0.015367 -0.00086938 0.00757
v -0.011215 -0.00078258 0.0077
v -0.007026 -0.00070058 0.00773
v -0.002805 -0.00062638 0.00767
v 0.001442 -0.00056318 0.00748
v 0.005707 -0.00051418 0.00716
v 0.009985 -0.00048248 0.00669
v -0.046446 -0.00080718 0.00492
v -0.042828 -0.00080048 0.00529
v -0.03912 -0.00078168 0.00567
v -0.035331 -0.00075268 0.00606
v -0.031465 -0.00071538 0.00644
v -0.027529 -0.00067148 0.0068
v -0.02353 -0.00062298 0.00712
v -0.019474 -0.00057168 0.00739
v -0.015367 -0.00051938 0.00759
v -0.011215 -0.00046808 0.00771
v -0.007026 -0.00041958 0.00775
v -0.002805 -0.00037568 0.00767
v 0.001442 -0.00033828 0.00748
v 0.005707 -0.00030928 0.00716
v 0.009985 -0.00029058 0.00669
v -0.046446 -0.00026798 0.00494
v -0.042827 -0.00026578 0.00531
v -0.03912 -0.00025958 0.0057
v -0.035331 -0.00024998 0.00608
v -0.031465 -0.00023758 0.00646
v -0.027529 -0.00022308 0.00682
v -0.02353 -0.00020708 0.00713
v -0.019474 -0.00019008 0.0074
v -0.015367 -0.00017278 0.0076
v -0.011215 -0.00015578 0.00772
v -0.007026 -0.00013968 0.00775
v -0.002805 -0.00012518 0.00768
v 0.001442 -0.00011288 0.00749
v 0.005707 -0.00010328 0.00716
v 0.009985 -9.698e-05 0.00669
v -0.046446 0.00026802 0.00494
v -0.042827 0.00026582 0.00531
v -0.03912 0.00025962 0.0057
v -0.035331 0.00025002 0.00608
v -0.031465 0.00023762 0.00646
v -0.027529 0.00022312 0.00682
v -0.02353 0.00020702 0.00713
v -0.019474 0.00019002 0.0074
v -0.015367 0.00017282 0.0076
v -0.011215 0.00015582 0.00772
v -0.007026 0.00013972 0.00775
v -0.002805 0.00012522 0.00768
v 0.001442 0.00011282 0.00749
v 0.005707 0.00010322 0.00716
v 0.009985 9.702e-05 0.00669
v -0.046446 0.00080712 0.00492
v -0.042828 0.00080052 0.00529
v -0.03912 0.00078172 0.00567
v -0.035331 0.00075272 0.00606
v -0.031465 0.00071532 0.00644
v -0.027529 0.00067152 0.0068
v -0.02353 0.00062292 0.00712
v -0.019474 0.00057162 0.00739
v -0.015367 0.00051942 0.00759
v -0.011215 0.00046812 0.00771
v -0.007026 0.00041952 0.00775
v -0.002805 0.00037572 0.00767
v 0.001442 0.00033832 0.00748
v 0.005707 0.00030932 0.00716
v 0.009985 0.00029062 0.00669
v -0.046446 0.00135582 0.00487
v -0.042828 0.00134452 0.00524
v -0.03912 0.00131282 0.00563
v -0.035331 0.00126382 0.00602
v -0.031465 0.00120062 0.0064
v -0.027529 0.00112652 0.00676
v -0.02353 0.00104442 0.00709
v -0.019474 0.00095772 0.00736
v -0.015367 0.00086932 0.00757
v -0.011215 0.00078262 0.0077
v -0.007026 0.00070052 0.00773
v -0.002805 0.00062632 0.00767
v 0.001442 0.00056322 0.00748
v 0.005707 0.00051422 0.00716
v 0.009985 0.00048252 0.00669
v -0.046446 0.00192042 0.0048
v -0.042828 0.00190422 0.00517
v -0.03912 0.00185892 0.00556
v -0.035331 0.00178882 0.00596
v -0.031465 0.00169852 0.00635
v -0.027529 0.00159242 0.00671
v -0.02353 0.00147512 0.00704
v -0.019474 0.00135112 0.00732
v -0.015367 0.00122482 0.00754
v -0.011215 0.00110072 0.00767
v -0.007026 0.00098342 0.00772
v -0.002805 0.00087742 0.00765
v 0.001442 0.00078702 0.00747
v 0.005707 0.00071702 0.00715
v 0.009985 0.00067162 0.00669
v -0.046446 0.00250712 0.0047
v -0.042828 0.00248582 0.00507
v -0.03912 0.00242592 0.00547
v -0.035331 0.00233332 0.00587
v -0.031465 0.00221392 0.00627
v -0.027529 0.00207382 0.00664
v -0.02353 0.00191882 0.00698
v -0.019474 0.00175482 0.00727
v -0.015367 0.00158792 0.00749
v -0.011215 0.00142402 0.00764
v -0.007026 0.00126902 0.00769
v -0.002805 0.00112882 0.00764
v 0.001442 0.00100952 0.00746
v 0.005707 0.00091692 0.00715
v 0.009985 0.00085702 0.00669
v -0.046446 0.00312252 0.00458
v -0.042827 0.00309562 0.00496
v -0.03912 0.00301982 0.00536
v -0.035331 0.00290282 0.00576
v -0.031465 0.00275202 0.00617
v -0.027529 0.00257492 0.00655
v -0.02353 0.00237902 0.0069
v -0.019474 0.00217192 0.0072
v -0.015367 0.00196102 0.00744
v -0.011215 0.00175392 0.0076
v -0.007026 0.00155802 0.00766
v -0.002805 0.00138092 0.00762
v 0.001442 0.00123012 0.00745
v 0.005707 0.00111312 0.00714
v 0.009985 0.00103742 0.00668
v -0.046446 0.00377272 0.00444
v -0.042828 0.00373972 0.00482
v -0.03912 0.00364672 0.00522
v -0.035331 0.00350302 0.00564
v -0.031465 0.00331772 0.00605
v -0.027529 0.00310022 0.00645
v -0.02353 0.00285962 0.00681
v -0.019474 0.00260522 0.00712
v -0.015367 0.00234622 0.00737
v -0.011215 0.00209182 0.00755
v -0.007026 0.00185132 0.00762
v -0.002805 0.00163372 0.00759
v 0.001442 0.00144852 0.00743
v 0.005707 0.00130482 0.00714
v 0.009985 0.00121182 0.00668
v -0.046446 0.00446432 0.00427
v -0.042828 0.00442452 0.00465
v -0.03912 0.00431242 0.00506
v -0.035331 0.00413932 0.00549
v -0.031465 0.00391612 0.00591
v -0.027529 0.00365412 0.00632
v -0.02353 0.00336432 0.0067
v -0.019474 0.00305782 0.00703
v -0.015367 0.00274582 0.0073
v -0.011215 0.00243932 0.00749
v -0.007026 0.00214952 0.00758
v -0.002805 0.00188742 0.00756
v 0.001442 0.00166432 0.00742
v 0.005707 0.00149112 0.00713
v 0.009985 0.00137912 0.00668
v -0.046446 -0.00463098 0.00247
v -0.042827 -0.00459238 0.00286
v -0.042827 -0.00442728 0.00288
v -0.046446 -0.00446428 0.00249
v -0.03912 -0.00448368 0.0033
v -0.03912 -0.00432328 0.00332
v -0.035331 -0.00431588 0.00378
v -0.035331 -0.00416248 0.00379
v -0.031465 -0.00409948 0.00428
v -0.031465 -0.00395528 0.00428
v -0.027529 -0.00384538 0.00477
v -0.027529 -0.00371198 0.00477
v -0.02353 -0.00356438 0.00523
v -0.02353 -0.00344288 0.00523
v -0.019474 -0.00326728 0.00566
v -0.019474 -0.00315828 0.00565
v -0.015367 -0.00296468 0.00602
v -0.015367 -0.00286848 0.006
v -0.011215 -0.00266748 0.0063
v -0.011215 -0.00258388 0.00628
v -0.007026 -0.00238648 0.00648
v -0.007026 -0.00231478 0.00646
v -0.002805 -0.00213248 0.00654
v -0.002805 -0.00207148 0.00651
v 0.001442 -0.00191608 0.00646
v 0.001442 -0.00186428 0.00643
v 0.005707 -0.00174818 0.00623
v 0.005707 -0.00170348 0.00619
v 0.009985 -0.00163958 0.00582
v 0.009985 -0.00159948 0.00578
v -0.046446 -0.00477378 0.0025
v -0.042827 -0.00473368 0.00289
v -0.03912 -0.00462098 0.00333
v -0.035331 -0.00444658 0.00381
v -0.031465 -0.00422198 0.00431
v -0.027529 -0.00395818 0.0048
v -0.02353 -0.00366638 0.00527
v -0.019474 -0.00335788 0.0057
v -0.015367 -0.00304368 0.00606
v -0.011215 -0.00273518 0.00634
v -0.007026 -0.00244338 0.00653
v -0.002805 -0.00217958 0.00659
v 0.001441 -0.00195488 0.00651
v 0.005707 -0.00178058 0.00628
v 0.009985 -0.00166778 0.00587
v -0.046446 -0.00489288 0.00257
v -0.042827 -0.00485148 0.00296
v -0.039121 -0.00473498 0.0034
v -0.035331 -0.00455498 0.00388
v -0.031465 -0.00432298 0.00438
v -0.027529 -0.00405048 0.00487
v -0.02353 -0.00374918 0.00534
v -0.019474 -0.00343048 0.00576
v -0.015367 -0.00310608 0.00613
v -0.011216 -0.00278748 0.00641
v -0.007026 -0.00248608 0.00659
v -0.002805 -0.00221368 0.00666
v 0.001441 -0.00198168 0.00658
v 0.005707 -0.00180158 0.00634
v 0.009985 -0.00168518 0.00593
v -0.046446 -0.00498808 0.00267
v -0.042827 -0.00494558 0.00306
v -0.039121 -0.00482588 0.0035
v -0.035331 -0.00464088 0.00398
v -0.031465 -0.00440258 0.00447
v -0.02753 -0.00412268 0.00496
v -0.02353 -0.00381308 0.00543
v -0.019474 -0.00348568 0.00585
v -0.015367 -0.00315238 0.00621
v -0.011216 -0.00282498 0.00649
v -0.007026 -0.00251538 0.00667
v -0.002805 -0.00223548 0.00673
v 0.001441 -0.00199708 0.00665
v 0.005707 -0.00181218 0.00642
v 0.009985 -0.00169248 0.006
v -0.046446 -0.00505948 0.0028
v -0.042828 -0.00501608 0.00319
v -0.039121 -0.00489368 0.00363
v -0.035331 -0.00470468 0.00411
v -0.031465 -0.00446098 0.0046
v -0.02753 -0.00417488 0.00508
v -0.02353 -0.00385838 0.00554
v -0.019474 -0.00352378 0.00596
v -0.015367 -0.00318298 0.00631
v -0.011216 -0.00284838 0.00659
v -0.007026 -0.00253188 0.00676
v -0.002805 -0.00224578 0.00682
v 0.001441 -0.00200208 0.00674
v 0.005707 -0.00181308 0.0065
v 0.009985 -0.00169068 0.00608
v -0.046446 -0.00510718 0.00296
v -0.042828 -0.00506288 0.00334
v -0.039121 -0.00493848 0.00378
v -0.035331 -0.00474618 0.00425
v -0.031465 -0.00449838 0.00474
v -0.02753 -0.00420738 0.00522
v -0.023531 -0.00388548 0.00567
v -0.019474 -0.00354518 0.00608
v -0.015367 -0.00319858 0.00643
v -0.011216 -0.00285828 0.0067
v -0.007026 -0.00253638 0.00686
v -0.002805 -0.00224538 0.00691
v 0.001441 -0.00199758 0.00683
v 0.005707 -0.00180528 0.00658
v 0.009985 -0.00168078 0.00616
v -0.046446 -0.00513098 0.00312
v -0.042828 -0.00508618 0.00351
v -0.039121 -0.00496028 0.00395
v -0.035331 -0.00476568 0.00441
v -0.031465 -0.00451488 0.00489
v -0.02753 -0.00422048 0.00536
v -0.023531 -0.00389478 0.00581
v -0.019474 -0.00355028 0.00621
v -0.015367 -0.00319958 0.00655
v -0.011216 -0.00285518 0.00681
v -0.007027 -0.00252948 0.00697
v -0.002805 -0.00223498 0.00701
v 0.001441 -0.00198418 0.00692
v 0.005706 -0.00178968 0.00667
v 0.009985 -0.00166368 0.00625
v -0.046446 -0.00513098 0.0033
v -0.042828 -0.00508588 0.00369
v -0.039121 -0.00495918 0.00412
v -0.035331 -0.00476328 0.00458
v -0.031465 -0.00451078 0.00505
v -0.02753 -0.00421428 0.00552
v -0.023531 -0.00388638 0.00595
v -0.019474 -0.00353968 0.00634
v -0.015367 -0.00318658 0.00667
v -0.011216 -0.00283988 0.00692
v -0.007027 -0.00251198 0.00707
v -0.002805 -0.00221548 0.00711
v 0.001441 -0.00196298 0.00701
v 0.005706 -0.00176708 0.00675
v 0.009984 -0.00164038 0.00633
v -0.046446 -0.00510718 0.00348
v -0.042828 -0.00506208 0.00387
v -0.039121 -0.00493508 0.0043
v -0.035331 -0.00473888 0.00475
v -0.031465 -0.00448608 0.00522
v -0.02753 -0.00418918 0.00567
v -0.023531 -0.00386088 0.0061
v -0.019474 -0.00351358 0.00648
v -0.015367 -0.00316008 0.0068
v -0.011216 -0.00281278 0.00704
v -0.007027 -0.00248448 0.00718
v -0.002806 -0.00218758 0.0072
v 0.001441 -0.00193478 0.0071
v 0.005706 -0.00173858 0.00684
v 0.009984 -0.00161168 0.00641
v -0.046446 -0.00505948 0.00366
v -0.042828 -0.00501458 0.00404
v -0.039121 -0.00488818 0.00447
v -0.035331 -0.00469278 0.00492
v -0.031465 -0.00444108 0.00537
v -0.02753 -0.00414538 0.00582
v -0.023531 -0.00381838 0.00624
v -0.019474 -0.00347258 0.00661
v -0.015367 -0.00312048 0.00692
v -0.011216 -0.00277468 0.00715
v -0.007027 -0.00244768 0.00728
v -0.002806 -0.00215208 0.00729
v 0.001441 -0.00190028 0.00718
v 0.005706 -0.00170488 0.00691
v 0.009984 -0.00157848 0.00648
v -0.046446 -0.00498808 0.00383
v -0.042828 -0.00494358 0.00421
v -0.039121 -0.00481848 0.00463
v -0.035331 -0.00462508 0.00508
v -0.031465 -0.00437578 0.00552
v -0.02753 -0.00408308 0.00596
v -0.023531 -0.00375938 0.00637
v -0.019474 -0.00341698 0.00673
v -0.015367 -0.00306848 0.00703
v -0.011216 -0.00272608 0.00725
v -0.007027 -0.00240238 0.00737
v -0.002805 -0.00210968 0.00738
v 0.001441 -0.00186038 0.00725
v 0.005706 -0.00166698 0.00698
v 0.009984 -0.00154188 0.00655
v -0.046446 -0.00489288 0.00398
v -0.042828 -0.00484908 0.00436
v -0.039121 -0.00472598 0.00478
v -0.035331 -0.00453578 0.00522
v -0.031465 -0.00429048 0.00566
v -0.02753 -0.00400258 0.00609
v -0.023531 -0.00368408 0.00648
v -0.019474 -0.00334738 0.00684
v -0.015367 -0.00300448 0.00713
v -0.011216 -0.00266768 0.00733
v -0.007027 -0.00234918 0.00745
v -0.002805 -0.00206128 0.00745
v 0.001441 -0.00181608 0.00732
v 0.005706 -0.00162578 0.00704
v 0.009984 -0.00150268 0.0066
v -0.046446 -0.00477378 0.00411
v -0.042828 -0.00473108 0.00449
v -0.039121 -0.00461078 0.0049
v -0.035331 -0.00442488 0.00534
v -0.031465 -0.00418538 0.00577
v -0.02753 -0.00390408 0.00619
v -0.023531 -0.00359298 0.00658
v -0.019474 -0.00326398 0.00693
v -0.015367 -0.00292898 0.00721
v -0.011216 -0.00259998 0.00741
v -0.007026 -0.00228888 0.00751
v -0.002805 -0.00200758 0.0075
v 0.001441 -0.00176798 0.00737
v 0.005707 -0.00158218 0.00709
v 0.009985 -0.00146188 0.00664
v -0.046446 -0.00463098 0.00421
v -0.042828 -0.00458948 0.00459
v -0.039121 -0.00447298 0.005
v -0.035331 -0.00429278 0.00543
v -0.031465 -0.00406048 0.00586
v -0.02753 -0.00378788 0.00627
v -0.02353 -0.00348628 0.00666
v -0.019474 -0.00316728 0.00699
v -0.015367 -0.00284258 0.00727
v -0.011216 -0.00252368 0.00746
v -0.007026 -0.00222208 0.00756
v -0.002805 -0.00194938 0.00754
v 0.001441 -0.00171718 0.0074
v 0.005707 -0.00153698 0.00712
v 0.009985 -0.00142038 0.00667
v -0.046446 0.00377272 0.00265
v -0.042827 0.00374252 0.00304
v -0.042828 0.00442732 0.00288
v -0.046446 0.00446432 0.00249
v -0.03912 0.00365732 0.00347
v -0.03912 0.00432332 0.00332
v -0.035331 0.00352572 0.00393
v -0.035331 0.00416252 0.00379
v -0.031465 0.00335612 0.00439
v -0.031465 0.00395532 0.00428
v -0.027529 0.00315702 0.00485
v -0.027529 0.00371202 0.00477
v -0.02353 0.00293672 0.00528
v -0.02353 0.00344282 0.00523
v -0.019474 0.00270382 0.00567
v -0.019474 0.00315832 0.00565
v -0.015367 0.00246662 0.00599
v -0.015367 0.00286852 0.006
v -0.011215 0.00223372 0.00623
v -0.011215 0.00258392 0.00628
v -0.007026 0.00201342 0.00638
v -0.007026 0.00231482 0.00646
v -0.002805 0.00181432 0.00641
v -0.002805 0.00207152 0.00651
v 0.001442 0.00164472 0.0063
v 0.001442 0.00186432 0.00643
v 0.005707 0.00151312 0.00604
v 0.005707 0.00170352 0.00619
v 0.009985 0.00142792 0.00562
v 0.009985 0.00159952 0.00578
v -0.046446 0.00312252 0.0028
v -0.042828 0.00309822 0.00318
v -0.03912 0.00302992 0.0036
v -0.035331 0.00292432 0.00404
v -0.031465 0.00278832 0.00449
v -0.027529 0.00262852 0.00492
v -0.02353 0.00245182 0.00533
v -0.019474 0.00226492 0.00568
v -0.015367 0.00207472 0.00598
v -0.011215 0.00188782 0.0062
v -0.007026 0.00171112 0.00631
v -0.002805 0.00155132 0.00632
v 0.001441 0.00141532 0.00619
v 0.005707 0.00130972 0.00592
v 0.009985 0.00124142 0.00548
v -0.046446 0.00250712 0.00292
v -0.042828 0.00248822 0.00329
v -0.039121 0.00243502 0.00371
v -0.035331 0.00235282 0.00414
v -0.031465 0.00224682 0.00457
v -0.027529 0.00212242 0.00498
v -0.02353 0.00198482 0.00536
v -0.019474 0.00183922 0.0057
v -0.015367 0.00169102 0.00597
v -0.011216 0.00154552 0.00617
v -0.007026 0.00140792 0.00626
v -0.002805 0.00128342 0.00625
v 0.001441 0.00117752 0.00611
v 0.005707 0.00109522 0.00582
v 0.009985 0.00104202 0.00538
v -0.046446 0.00192042 0.00301
v -0.042828 0.00190632 0.00339
v -0.039121 0.00186682 0.00379
v -0.035331 0.00180572 0.00421
v -0.031465 0.00172702 0.00463
v -0.02753 0.00163452 0.00503
v -0.02353 0.00153232 0.0054
v -0.019474 0.00142412 0.00572
v -0.015367 0.00131402 0.00597
v -0.011216 0.00120592 0.00615
v -0.007026 0.00110372 0.00623
v -0.002805 0.00101122 0.0062
v 0.001441 0.00093252 0.00605
v 0.005707 0.00087142 0.00575
v 0.009985 0.00083192 0.0053
v -0.046446 0.00135582 0.00308
v -0.042828 0.00134622 0.00346
v -0.039121 0.00131922 0.00386
v -0.035331 0.00127762 0.00427
v -0.031465 0.00122382 0.00468
v -0.02753 0.00116072 0.00507
v -0.02353 0.00109102 0.00542
v -0.019474 0.00101722 0.00573
v -0.015367 0.00094202 0.00597
v -0.011216 0.00086832 0.00614
v -0.007026 0.00079852 0.00621
v -0.002805 0.00073542 0.00617
v 0.001441 0.00068172 0.006
v 0.005707 0.00064002 0.0057
v 0.009985 0.00061302 0.00524
v -0.046446 0.00080712 0.00313
v -0.042828 0.00080172 0.0035
v -0.039121 0.00078652 0.0039
v -0.035331 0.00076292 0.00431
v -0.031465 0.00073262 0.00471
v -0.02753 0.00069692 0.0051
v -0.023531 0.00065752 0.00544
v -0.019474 0.00061582 0.00574
v -0.015367 0.00057342 0.00598
v -0.011216 0.00053172 0.00613
v -0.007026 0.00049232 0.00619
v -0.002805 0.00045662 0.00615
v 0.001441 0.00042632 0.00598
v 0.005707 0.00040272 0.00567
v 0.009985 0.00038752 0.00521
v -0.046446 0.00026802 0.00315
v -0.042828 0.00026652 0.00353
v -0.039121 0.00026252 0.00392
v -0.035331 0.00025632 0.00433
v -0.031465 0.00024832 0.00473
v -0.02753 0.00023892 0.00511
v -0.023531 0.00022852 0.00545
v -0.019474 0.00021752 0.00575
v -0.015367 0.00020642 0.00598
v -0.011216 0.00019542 0.00613
v -0.007027 0.00018502 0.00619
v -0.002805 0.00017562 0.00614
v 0.001441 0.00016762 0.00597
v 0.005706 0.00016142 0.00566
v 0.009985 0.00015742 0.0052
v -0.046446 -0.00026798 0.00315
v -0.042828 -0.00026548 0.00353
v -0.039121 -0.00025848 0.00393
v -0.035331 -0.00024768 0.00433
v -0.031465 -0.00023378 0.00473
v -0.02753 -0.00021738 0.00511
v -0.023531 -0.00019928 0.00546
v -0.019474 -0.00018008 0.00575
v -0.015367 -0.00016058 0.00599
v -0.011216 -0.00014148 0.00614
v -0.007027 -0.00012338 0.0062
v -0.002805 -0.00010698 0.00615
v 0.001441 -9.308e-05 0.00598
v 0.005706 -8.218e-05 0.00567
v 0.009984 -7.518e-05 0.00521
v -0.046446 -0.00080718 0.00313
v -0.042828 -0.00080068 0.0035
v -0.039121 -0.00078258 0.0039
v -0.035331 -0.00075458 0.00431
v -0.031465 -0.00071848 0.00472
v -0.02753 -0.00067618 0.0051
v -0.023531 -0.00062928 0.00545
v -0.019474 -0.00057968 0.00576
v -0.015367 -0.00052928 0.00599
v -0.011216 -0.00047968 0.00615
v -0.007027 -0.00043288 0.00622
v -0.002806 -0.00039048 0.00617
v 0.001441 -0.00035438 0.00601
v 0.005706 -0.00032638 0.0057
v 0.009984 -0.00030828 0.00524
v -0.046446 -0.00135578 0.00308
v -0.042828 -0.00134528 0.00346
v -0.039121 -0.00131568 0.00386
v -0.035331 -0.00126988 0.00428
v -0.031465 -0.00121078 0.00469
v -0.02753 -0.00114148 0.00508
v -0.023531 -0.00106478 0.00544
v -0.019474 -0.00098378 0.00575
v -0.015367 -0.00090118 0.006
v -0.011216 -0.00082008 0.00617
v -0.007027 -0.00074348 0.00624
v -0.002806 -0.00067418 0.00621
v 0.001441 -0.00061508 0.00605
v 0.005706 -0.00056928 0.00575
v 0.009984 -0.00053968 0.00529
v -0.046446 -0.00192038 0.00301
v -0.042828 -0.00190548 0.00339
v -0.039121 -0.00186358 0.0038
v -0.035331 -0.00179888 0.00422
v -0.031465 -0.00171548 0.00464
v -0.02753 -0.00161758 0.00505
v -0.023531 -0.00150928 0.00542
v -0.019474 -0.00139468 0.00574
v -0.015367 -0.00127808 0.00601
v -0.011216 -0.00116358 0.00619
v -0.007027 -0.00105528 0.00627
v -0.002805 -0.00095728 0.00625
v 0.001441 -0.00087388 0.0061
v 0.005706 -0.00080918 0.00581
v 0.009984 -0.00076738 0.00536
v -0.046446 -0.00250718 0.00292
v -0.042828 -0.00248758 0.0033
v -0.039121 -0.00243248 0.00371
v -0.035331 -0.00234728 0.00414
v -0.031465 -0.00223748 0.00458
v -0.02753 -0.00210858 0.005
v -0.023531 -0.00196598 0.00539
v -0.019474 -0.00181518 0.00573
v -0.015367 -0.00166168 0.00601
v -0.011216 -0.00151088 0.00621
v -0.007027 -0.00136828 0.00631
v -0.002805 -0.00123938 0.0063
v 0.001441 -0.00112958 0.00617
v 0.005706 -0.00104438 0.00589
v 0.009984 -0.00098928 0.00544
v -0.046446 -0.00312248 0.0028
v -0.042828 -0.00309768 0.00318
v -0.039121 -0.00302798 0.0036
v -0.035331 -0.00292028 0.00405
v -0.031465 -0.00278148 0.0045
v -0.02753 -0.00261848 0.00494
v -0.023531 -0.00243818 0.00535
v -0.019474 -0.00224758 0.00571
v -0.015367 -0.00205348 0.00601
v -0.011216 -0.00186278 0.00623
v -0.007026 -0.00168248 0.00636
v -0.002805 -0.00151948 0.00637
v 0.001441 -0.00138068 0.00624
v 0.005707 -0.00127298 0.00598
v 0.009985 -0.00120328 0.00554
v -0.046446 -0.00377278 0.00265
v -0.042828 -0.00374218 0.00304
v -0.039121 -0.00365638 0.00347
v -0.035331 -0.00352358 0.00393
v -0.031465 -0.00335248 0.0044
v -0.02753 -0.00315158 0.00486
v -0.02353 -0.00292938 0.00529
v -0.019474 -0.00269438 0.00568
v -0.015367 -0.00245518 0.00601
v -0.011216 -0.00222018 0.00626
v -0.007026 -0.00199798 0.0064
v -0.002805 -0.00179708 0.00644
v 0.001441 -0.00162598 0.00633
v 0.005707 -0.00149328 0.00608
v 0.009985 -0.00140738 0.00565
v -0.046446 0.00463092 0.00421
v -0.042828 0.00458952 0.00459
v -0.039121 0.00447292 0.005
v -0.035331 0.00429272 0.00543
v -0.031465 0.00406052 0.00586
v -0.02753 0.00378772 0.00627
v -0.02353 0.00348612 0.00666
v -0.019474 0.00316712 0.00699
v -0.015367 0.00284242 0.00727
v -0.011216 0.00252342 0.00746
v -0.007026 0.00222182 0.00756
v -0.002805 0.00194912 0.00754
v 0.001441 0.00171682 0.0074
v 0.005707 0.00153662 0.00712
v 0.009985 0.00142002 0.00667
v -0.046446 0.00477382 0.00411
v -0.042828 0.00473102 0.00449
v -0.039121 0.00461072 0.0049
v -0.035331 0.00442482 0.00534
v -0.031465 0.00418512 0.00577
v -0.02753 0.00390372 0.00619
v -0.023531 0.00359252 0.00658
v -0.019474 0.00326342 0.00693
v -0.015367 0.00292832 0.00721
v -0.011216 0.00259912 0.00741
v -0.007027 0.00228792 0.00751
v -0.002805 0.00200652 0.00751
v 0.001441 0.00176692 0.00737
v 0.005706 0.00158092 0.00709
v 0.009985 0.00146062 0.00665
v -0.046446 0.00489282 0.00398
v -0.042828 0.00484912 0.00436
v -0.039121 0.00472582 0.00478
v -0.035331 0.00453542 0.00522
v -0.031465 0.00429002 0.00566
v -0.02753 0.00400192 0.00609
v -0.023531 0.00368322 0.00649
v -0.019475 0.00334612 0.00684
v -0.015368 0.00300302 0.00713
v -0.011216 0.00266592 0.00734
v -0.007027 0.00234722 0.00745
v -0.002806 0.00205912 0.00745
v 0.001441 0.00181372 0.00732
v 0.005706 0.00162332 0.00705
v 0.009984 0.00150002 0.00661
v -0.046446 0.00498812 0.00383
v -0.042828 0.00494352 0.00421
v -0.039121 0.00481822 0.00463
v -0.035331 0.00462462 0.00508
v -0.031465 0.00437502 0.00553
v -0.02753 0.00408202 0.00596
v -0.023531 0.00375782 0.00637
v -0.019475 0.00341502 0.00673
v -0.015368 0.00306612 0.00703
v -0.011216 0.00272332 0.00725
v -0.007027 0.00239922 0.00737
v -0.002806 0.00210612 0.00738
v 0.001441 0.00185652 0.00726
v 0.005706 0.00166292 0.00699
v 0.009984 0.00153762 0.00655
v -0.046446 0.00505952 0.00366
v -0.042828 0.00501452 0.00404
v -0.039121 0.00488792 0.00447
v -0.035331 0.00469222 0.00492
v -0.031465 0.00443992 0.00538
v -0.02753 0.00414382 0.00582
v -0.023531 0.00381622 0.00624
v -0.019475 0.00346982 0.00661
v -0.015368 0.00311712 0.00692
v -0.011216 0.00277072 0.00715
v -0.007027 0.00244312 0.00729
v -0.002806 0.00214692 0.0073
v 0.001441 0.00189472 0.00719
v 0.005706 0.00169902 0.00692
v 0.009984 0.00157242 0.00649
v -0.046446 0.00510712 0.00348
v -0.042828 0.00506192 0.00387
v -0.039121 0.00493472 0.0043
v -0.035331 0.00473812 0.00475
v -0.031465 0.00448472 0.00522
v -0.02753 0.00418712 0.00567
v -0.023531 0.00385802 0.0061
v -0.019475 0.00351002 0.00649
v -0.015368 0.00315562 0.00681
v -0.011217 0.00280762 0.00705
v -0.007027 0.00247852 0.00719
v -0.002806 0.00218102 0.00722
v 0.001441 0.00192762 0.00711
v 0.005706 0.00173092 0.00685
v 0.009984 0.00160372 0.00642
v -0.046446 0.00513092 0.0033
v -0.042828 0.00508582 0.00369
v -0.039121 0.00495872 0.00412
v -0.035331 0.00476222 0.00458
v -0.031465 0.00450912 0.00506
v -0.02753 0.00421182 0.00552
v -0.023531 0.00388302 0.00596
v -0.019475 0.00353532 0.00635
v -0.015368 0.00318132 0.00668
v -0.011217 0.00283362 0.00694
v -0.007027 0.00250482 0.00709
v -0.002806 0.00220752 0.00712
v 0.001441 0.00195432 0.00702
v 0.005706 0.00175792 0.00677
v 0.009984 0.00163082 0.00635
v -0.046446 0.00513092 0.00312
v -0.042828 0.00508602 0.00351
v -0.039121 0.00495972 0.00395
v -0.035331 0.00476452 0.00442
v -0.031465 0.00451302 0.0049
v -0.02753 0.00421762 0.00537
v -0.023531 0.00389082 0.00582
v -0.019475 0.00354532 0.00622
v -0.015368 0.00319352 0.00656
v -0.011217 0.00284802 0.00682
v -0.007027 0.00252132 0.00698
v -0.002806 0.00222592 0.00703
v 0.001441 0.00197432 0.00694
v 0.005706 0.00177912 0.00669
v 0.009984 0.00165282 0.00627
v -0.046446 0.00510712 0.00296
v -0.042828 0.00506282 0.00334
v -0.039121 0.00493792 0.00378
v -0.035331 0.00474492 0.00426
v -0.031465 0.00449632 0.00474
v -0.02753 0.00420422 0.00522
v -0.023531 0.00388132 0.00568
v -0.019475 0.00353972 0.00609
v -0.015368 0.00319202 0.00644
v -0.011217 0.00285042 0.00671
v -0.007027 0.00252752 0.00688
v -0.002806 0.00223542 0.00693
v 0.001441 0.00198682 0.00685
v 0.005706 0.00179382 0.0066
v 0.009984 0.00166892 0.00619
v -0.046446 0.00505952 0.0028
v -0.042828 0.00501592 0.00319
v -0.039121 0.00489312 0.00363
v -0.035331 0.00470332 0.00411
v -0.031465 0.00445882 0.0046
v -0.02753 0.00417162 0.00509
v -0.023531 0.00385402 0.00555
v -0.019475 0.00351822 0.00597
v -0.015368 0.00317622 0.00633
v -0.011216 0.00284032 0.0066
v -0.007027 0.00252272 0.00678
v -0.002806 0.00223562 0.00684
v 0.001441 0.00199102 0.00676
v 0.005706 0.00180132 0.00652
v 0.009984 0.00167852 0.00611
v -0.046446 0.00498812 0.00267
v -0.042828 0.00494542 0.00306
v -0.039121 0.00482532 0.0035
v -0.035331 0.00463972 0.00398
v -0.031465 0.00440042 0.00448
v -0.02753 0.00411952 0.00497
v -0.023531 0.00380882 0.00544
v -0.019475 0.00348032 0.00586
v -0.015368 0.00314582 0.00623
v -0.011216 0.00281722 0.00651
v -0.007027 0.00250652 0.00669
v -0.002806 0.00222562 0.00675
v 0.001441 0.00198642 0.00668
v 0.005706 0.00180072 0.00644
v 0.009984 0.00168062 0.00603
v -0.046446 0.00489282 0.00257
v -0.042828 0.00485132 0.00296
v -0.039121 0.00473442 0.0034
v -0.035331 0.00455382 0.00388
v -0.031465 0.00432102 0.00438
v -0.02753 0.00404772 0.00487
v -0.023531 0.00374542 0.00534
v -0.019475 0.00342572 0.00577
v -0.015368 0.00310022 0.00614
v -0.011216 0.00278052 0.00642
v -0.007027 0.00247822 0.00661
v -0.002806 0.00220482 0.00667
v 0.001441 0.00197212 0.0066
v 0.005706 0.00179142 0.00636
v 0.009984 0.00167462 0.00595
v -0.046446 0.00477382 0.0025
v -0.042828 0.00473362 0.00289
v -0.039121 0.00462052 0.00333
v -0.035331 0.00444572 0.00381
v -0.031465 0.00422052 0.00431
v -0.02753 0.00395602 0.0048
v -0.023531 0.00366342 0.00528
v -0.019474 0.00335412 0.0057
v -0.015367 0.00303912 0.00607
v -0.011216 0.00272972 0.00635
v -0.007027 0.00243722 0.00654
v -0.002805 0.00217272 0.0066
v 0.001441 0.00194742 0.00653
v 0.005706 0.00177262 0.0063
v 0.009985 0.00165962 0.00589
v -0.046446 0.00463092 0.00247
v -0.042828 0.00459232 0.00286
v -0.039121 0.00448352 0.0033
v -0.035331 0.00431532 0.00378
v -0.031465 0.00409862 0.00428
v -0.02753 0.00384412 0.00477
v -0.02353 0.00356272 0.00524
v -0.019474 0.00326502 0.00566
v -0.015367 0.00296202 0.00602
v -0.011216 0.00266442 0.00631
v -0.007026 0.00238292 0.00649
v -0.002805 0.00212842 0.00655
v 0.001441 0.00191172 0.00647
v 0.005707 0.00174362 0.00624
v 0.009985 0.00163482 0.00583
v -0.060632 -0.00080708 0.0025
v -0.060632 -0.00099018 0.0025
v -0.060731 2e-08 0.00249
v -0.060356 -0.00149188 0.00255
v -0.060356 -0.00182648 0.00254
v -0.059918 -0.00206468 0.00262
v -0.059918 -0.00252148 0.0026
v -0.059328 -0.00253528 0.00272
v -0.059328 -0.00308788 0.00269
v -0.058599 -0.00291358 0.00283
v -0.058599 -0.00353838 0.00279
v -0.057744 -0.00320918 0.00297
v -0.057744 -0.00388568 0.00291
v -0.056776 -0.00343208 0.00312
v -0.056776 -0.00414258 0.00304
v -0.055707 -0.00359208 0.00328
v -0.055707 -0.00432168 0.00318
v -0.05455 -0.00369888 0.00344
v -0.05455 -0.00443568 0.00334
v -0.053316 -0.00376228 0.00362
v -0.053316 -0.00449738 0.00349
v -0.052019 -0.00379218 0.00379
v -0.052019 -0.00451928 0.00365
v -0.050671 -0.00379838 0.00396
v -0.050671 -0.00451428 0.00381
v -0.049284 -0.00379068 0.00413
v -0.049284 -0.00449498 0.00397
v -0.047872 -0.00377888 0.00429
v -0.047872 -0.00447408 0.00413
v -0.060632 -0.00064668 0.0025
v -0.060356 -0.00119718 0.00256
v -0.059918 -0.00166038 0.00264
v -0.059328 -0.00204388 0.00274
v -0.058599 -0.00235498 0.00287
v -0.057744 -0.00260118 0.00302
v -0.056776 -0.00278988 0.00318
v -0.055707 -0.00292858 0.00335
v -0.05455 -0.00302458 0.00354
v -0.053316 -0.00308548 0.00372
v -0.052019 -0.00311868 0.00391
v -0.050671 -0.00313148 0.00409
v -0.049284 -0.00313148 0.00427
v -0.047872 -0.00312598 0.00443
v -0.060632 -0.00050548 0.00251
v -0.060356 -0.00093598 0.00256
v -0.059918 -0.00130038 0.00265
v -0.059328 -0.00160398 0.00276
v -0.058599 -0.00185238 0.0029
v -0.057744 -0.00205098 0.00306
v -0.056776 -0.00220538 0.00323
v -0.055707 -0.00232098 0.00342
v -0.05455 -0.00240338 0.00361
v -0.053316 -0.00245798 0.00381
v -0.052019 -0.00249028 0.00401
v -0.050671 -0.00250598 0.0042
v -0.049284 -0.00251028 0.00438
v -0.047872 -0.00250888 0.00455
v -0.060632 -0.00037968 0.00251
v -0.060356 -0.00070218 0.00257
v -0.059918 -0.00097638 0.00266
v -0.059328 -0.00120608 0.00278
v -0.058599 -0.00139538 0.00293
v -0.057744 -0.00154798 0.00309
v -0.056776 -0.00166788 0.00328
v -0.055707 -0.00175908 0.00347
v -0.05455 -0.00182538 0.00368
v -0.053316 -0.00187068 0.00388
v -0.052019 -0.00189898 0.00408
v -0.050671 -0.00191428 0.00428
v -0.049284 -0.00192028 0.00447
v -0.047872 -0.00192098 0.00464
v -0.060632 -0.00026578 0.00251
v -0.060356 -0.00048948 0.00257
v -0.059918 -0.00068028 0.00267
v -0.059328 -0.00084078 0.00279
v -0.058599 -0.00097368 0.00295
v -0.057744 -0.00108158 0.00312
v -0.056776 -0.00116698 0.00331
v -0.055707 -0.00123258 0.00351
v -0.05455 -0.00128088 0.00372
v -0.053316 -0.00131468 0.00393
v -0.052019 -0.00133648 0.00414
v -0.050671 -0.00134888 0.00435
v -0.049284 -0.00135448 0.00454
v -0.047872 -0.00135588 0.00471
v -0.060632 -0.00016008 0.00251
v -0.060356 -0.00029148 0.00257
v -0.059918 -0.00040378 0.00267
v -0.059328 -0.00049848 0.0028
v -0.058599 -0.00057708 0.00296
v -0.057744 -0.00064108 0.00314
v -0.056776 -0.00069198 0.00333
v -0.055707 -0.00073118 0.00354
v -0.05455 -0.00076038 0.00375
v -0.053316 -0.00078088 0.00397
v -0.052019 -0.00079438 0.00418
v -0.050671 -0.00080218 0.00439
v -0.049284 -0.00080598 0.00458
v -0.047872 -0.00080708 0.00476
v -0.060632 -5.888e-05 0.00251
v -0.060356 -0.00010198 0.00257
v -0.059918 -0.00013878 0.00267
v -0.059328 -0.00016968 0.00281
v -0.058599 -0.00019528 0.00296
v -0.057744 -0.00021598 0.00314
v -0.056776 -0.00023228 0.00334
v -0.055707 -0.00024478 0.00355
v -0.05455 -0.00025398 0.00377
v -0.053316 -0.00026038 0.00399
v -0.052019 -0.00026448 0.0042
v -0.050671 -0.00026678 0.00441
v -0.049284 -0.00026778 0.00461
v -0.047872 -0.00026798 0.00478
v -0.060632 4.142e-05 0.00251
v -0.060356 8.522e-05 0.00257
v -0.059918 0.00012302 0.00267
v -0.059328 0.00015512 0.00281
v -0.058599 0.00018222 0.00296
v -0.057744 0.00020452 0.00314
v -0.056776 0.00022262 0.00334
v -0.055707 0.00023692 0.00355
v -0.05455 0.00024782 0.00377
v -0.053316 0.00025582 0.00399
v -0.052019 0.00026142 0.0042
v -0.050671 0.00026492 0.00441
v -0.049284 0.00026692 0.00461
v -0.047872 0.00026782 0.00478
v -0.060632 0.00014452 0.00251
v -0.060356 0.00027652 0.00257
v -0.059918 0.00038972 0.00267
v -0.059328 0.00048552 0.0028
v -0.058599 0.00056542 0.00296
v -0.057744 0.00063092 0.00314
v -0.056776 0.00068332 0.00333
v -0.055707 0.00072412 0.00354
v -0.05455 0.00075482 0.00375
v -0.053316 0.00077682 0.00397
v -0.052019 0.00079162 0.00418
v -0.050671 0.00080052 0.00439
v -0.049284 0.00080522 0.00458
v -0.047872 0.00080692 0.00476
v -0.060632 0.00025402 0.00251
v -0.060356 0.00047812 0.00257
v -0.059918 0.00066962 0.00267
v -0.059328 0.00083102 0.00279
v -0.058599 0.00096492 0.00295
v -0.057744 0.00107382 0.00312
v -0.056776 0.00116042 0.00331
v -0.055707 0.00122712 0.00351
v -0.05455 0.00127672 0.00372
v -0.053316 0.00131162 0.00393
v -0.052019 0.00133432 0.00414
v -0.050671 0.00134762 0.00435
v -0.049284 0.00135392 0.00454
v -0.047872 0.00135572 0.00471
v -0.060632 0.00037362 0.00251
v -0.060356 0.00069632 0.00257
v -0.059918 0.00097082 0.00266
v -0.059328 0.00120102 0.00278
v -0.058599 0.00139072 0.00293
v -0.057744 0.00154392 0.00309
v -0.056776 0.00166452 0.00328
v -0.055707 0.00175622 0.00347
v -0.05455 0.00182312 0.00368
v -0.053316 0.00186912 0.00388
v -0.052019 0.00189792 0.00408
v -0.050671 0.00191362 0.00428
v -0.049284 0.00191992 0.00447
v -0.047872 0.00192092 0.00464
v -0.060632 0.00050682 0.00251
v -0.060356 0.00093742 0.00256
v -0.059918 0.00130162 0.00265
v -0.059328 0.00160512 0.00276
v -0.058599 0.00185342 0.0029
v -0.057744 0.00205192 0.00306
v -0.056776 0.00220612 0.00323
v -0.055707 0.00232162 0.00342
v -0.05455 0.00240382 0.00361
v -0.053316 0.00245832 0.00381
v -0.052019 0.00249062 0.00401
v -0.050671 0.00250612 0.0042
v -0.049284 0.00251032 0.00438
v -0.047872 0.00250882 0.00455
v -0.060731 1.252e-05 0.00249
v -0.060632 0.00065752 0.0025
v -0.060356 0.00120752 0.00256
v -0.059918 0.00167022 0.00264
v -0.059328 0.00205292 0.00274
v -0.058599 0.00236312 0.00287
v -0.057744 0.00260822 0.00302
v -0.056776 0.00279592 0.00318
v -0.055707 0.00293352 0.00335
v -0.05455 0.00302842 0.00354
v -0.053316 0.00308832 0.00372
v -0.052019 0.00312052 0.00391
v -0.050671 0.00313262 0.00409
v -0.049284 0.00313202 0.00427
v -0.047872 0.00312612 0.00443
v -0.060731 2.282e-05 0.00249
v -0.060632 0.00082912 0.0025
v -0.060356 0.00151312 0.00255
v -0.059918 0.00208472 0.00262
v -0.059328 0.00255372 0.00272
v -0.058599 0.00293012 0.00283
v -0.057744 0.00322372 0.00297
v -0.056776 0.00344442 0.00312
v -0.055707 0.00360212 0.00328
v -0.05455 0.00370672 0.00344
v -0.053316 0.00376812 0.00362
v -0.052019 0.00379612 0.00379
v -0.050671 0.00380072 0.00396
v -0.049284 0.00379182 0.00413
v -0.047872 0.00377912 0.00429
v -0.060731 3.572e-05 0.00249
v -0.060632 0.00102542 0.0025
v -0.060356 0.00186042 0.00254
v -0.059918 0.00255342 0.0026
v -0.059328 0.00311732 0.00269
v -0.058599 0.00356482 0.00279
v -0.057744 0.00390882 0.00291
v -0.056776 0.00416222 0.00304
v -0.055707 0.00433772 0.00318
v -0.05455 0.00444832 0.00334
v -0.053316 0.00450662 0.00349
v -0.052019 0.00452562 0.00365
v -0.050671 0.00451802 0.00381
v -0.049284 0.00449672 0.00397
v -0.047872 0.00447452 0.00413
v -0.060731 -3.528e-05 0.00072
v -0.060632 -0.00107068 0.00074
v -0.060632 -0.00102548 0.00072
v -0.060356 -0.00194318 0.00078
v -0.060356 -0.00186048 0.00076
v -0.059918 -0.00266638 0.00084
v -0.059918 -0.00255348 0.00082
v -0.059328 -0.00325368 0.00092
v -0.059328 -0.00311728 0.0009
v -0.058599 -0.00371878 0.00102
v -0.058599 -0.00356478 0.00101
v -0.057744 -0.00407528 0.00113
v -0.057744 -0.00390888 0.00112
v -0.056776 -0.00433658 0.00126
v -0.056776 -0.00416228 0.00126
v -0.055707 -0.00451638 0.0014
v -0.055707 -0.00433778 0.0014
v -0.05455 -0.00462818 0.00155
v -0.05455 -0.00444828 0.00155
v -0.053316 -0.00468548 0.0017
v -0.053316 -0.00450658 0.00171
v -0.052019 -0.00470208 0.00186
v -0.052019 -0.00452558 0.00187
v -0.050671 -0.00469128 0.00201
v -0.050671 -0.00451798 0.00203
v -0.049284 -0.00466678 0.00217
v -0.049284 -0.00449668 0.00219
v -0.047872 -0.00464218 0.00232
v -0.047872 -0.00447458 0.00234
v -0.060731 -3.398e-05 0.00079
v -0.060632 -0.00110858 0.0008
v -0.060356 -0.00201328 0.00084
v -0.059918 -0.00276238 0.0009
v -0.059328 -0.00336988 0.00098
v -0.058599 -0.00385008 0.00107
v -0.057744 -0.00421728 0.00118
v -0.056776 -0.00448548 0.00131
v -0.055707 -0.00466898 0.00144
v -0.05455 -0.00478198 0.00159
v -0.053316 -0.00483858 0.00174
v -0.052019 -0.00485318 0.00189
v -0.050671 -0.00483968 0.00204
v -0.049284 -0.00481258 0.0022
v -0.047872 -0.00478588 0.00235
v -0.060731 -3.198e-05 0.00089
v -0.060632 -0.00113928 0.0009
v -0.060356 -0.00207088 0.00094
v -0.059918 -0.00284158 0.00099
v -0.059328 -0.00346598 0.00107
v -0.058599 -0.00395888 0.00116
v -0.057744 -0.00433498 0.00127
v -0.056776 -0.00460908 0.00139
v -0.055707 -0.00479578 0.00153
v -0.05455 -0.00490988 0.00167
v -0.053316 -0.00496598 0.00181
v -0.052019 -0.00497888 0.00196
v -0.050671 -0.00496338 0.00212
v -0.049284 -0.00493398 0.00227
v -0.047872 -0.00490558 0.00242
v -0.060731 -2.948e-05 0.00101
v -0.060632 -0.00116288 0.00103
v -0.060356 -0.00211598 0.00106
v -0.059918 -0.00290398 0.00112
v -0.059328 -0.00354198 0.00119
v -0.058599 -0.00404518 0.00128
v -0.057744 -0.00442858 0.00139
v -0.056776 -0.00470748 0.00151
v -0.055707 -0.00489678 0.00164
v -0.05455 -0.00501178 0.00178
v -0.053316 -0.00506758 0.00192
v -0.052019 -0.00507938 0.00207
v -0.050671 -0.00506208 0.00222
v -0.049284 -0.00503108 0.00237
v -0.047872 -0.00500138 0.00252
v -0.060731 -2.648e-05 0.00116
v -0.060632 -0.00117948 0.00118
v -0.060356 -0.00214878 0.00121
v -0.059918 -0.00294988 0.00127
v -0.059328 -0.00359818 0.00134
v -0.058599 -0.00410908 0.00143
v -0.057744 -0.00449808 0.00153
v -0.056776 -0.00478058 0.00165
v -0.055707 -0.00497208 0.00178
v -0.05455 -0.00508788 0.00192
v -0.053316 -0.00514358 0.00206
v -0.052019 -0.00515448 0.00221
v -0.050671 -0.00513608 0.00236
v -0.049284 -0.00510388 0.00251
v -0.047872 -0.00507318 0.00266
v -0.060731 -2.318e-05 0.00133
v -0.060632 -0.00118928 0.00134
v -0.060356 -0.00216938 0.00138
v -0.059918 -0.00297928 0.00143
v -0.059328 -0.00363458 0.0015
v -0.058599 -0.00415078 0.00159
v -0.057744 -0.00454358 0.0017
v -0.056776 -0.00482868 0.00181
v -0.055707 -0.00502168 0.00194
v -0.05455 -0.00513818 0.00207
v -0.053316 -0.00519388 0.00222
v -0.052019 -0.00520428 0.00236
v -0.050671 -0.00518528 0.00251
v -0.049284 -0.00515228 0.00266
v -0.047872 -0.00512108 0.00281
v -0.060731 -1.968e-05 0.00151
v -0.060632 -0.00119228 0.00152
v -0.060356 -0.00217798 0.00155
v -0.059918 -0.00299238 0.0016
v -0.059328 -0.00365118 0.00168
v -0.058599 -0.00417018 0.00177
v -0.057744 -0.00456508 0.00187
v -0.056776 -0.00485168 0.00198
v -0.055707 -0.00504558 0.00211
v -0.05455 -0.00516258 0.00225
v -0.053316 -0.00521848 0.00239
v -0.052019 -0.00522898 0.00253
v -0.050671 -0.00520968 0.00268
v -0.049284 -0.00517638 0.00283
v -0.047872 -0.00514498 0.00298
v -0.060731 -1.608e-05 0.00168
v -0.060632 -0.00118878 0.0017
v -0.060356 -0.00217458 0.00173
v -0.059918 -0.00298918 0.00178
v -0.059328 -0.00364828 0.00186
v -0.058599 -0.00416758 0.00194
v -0.057744 -0.00456278 0.00205
v -0.056776 -0.00484968 0.00216
v -0.055707 -0.00504398 0.00229
v -0.05455 -0.00516138 0.00242
v -0.053316 -0.00521758 0.00257
v -0.052019 -0.00522828 0.00271
v -0.050671 -0.00520928 0.00286
v -0.049284 -0.00517628 0.00301
v -0.047872 -0.00514488 0.00316
v -0.060731 -1.258e-05 0.00186
v -0.060632 -0.00117878 0.00187
v -0.060356 -0.00215938 0.0019
v -0.059918 -0.00296988 0.00196
v -0.059328 -0.00362578 0.00203
v -0.058599 -0.00414288 0.00212
v -0.057744 -0.00453668 0.00222
v -0.056776 -0.00482288 0.00234
v -0.055707 -0.00501688 0.00247
v -0.05455 -0.00513438 0.0026
v -0.053316 -0.00519108 0.00274
v -0.052019 -0.00520248 0.00289
v -0.050671 -0.00518418 0.00304
v -0.049284 -0.00515178 0.00319
v -0.047872 -0.00512088 0.00334
v -0.060731 -9.28e-06 0.00202
v -0.060632 -0.00116248 0.00204
v -0.060356 -0.00213248 0.00207
v -0.059918 -0.00293448 0.00213
v -0.059328 -0.00358398 0.0022
v -0.058599 -0.00409638 0.00229
v -0.057744 -0.00448698 0.00239
v -0.056776 -0.00477118 0.00251
v -0.055707 -0.00496428 0.00264
v -0.05455 -0.00508188 0.00278
v -0.053316 -0.00513908 0.00292
v -0.052019 -0.00515148 0.00307
v -0.050671 -0.00513428 0.00322
v -0.049284 -0.00510298 0.00337
v -0.047872 -0.00507298 0.00352
v -0.060731 -6.28e-06 0.00217
v -0.060632 -0.00113998 0.00219
v -0.060356 -0.00209398 0.00222
v -0.059918 -0.00288328 0.00228
v -0.059328 -0.00352288 0.00235
v -0.058599 -0.00402798 0.00244
v -0.057744 -0.00441358 0.00255
v -0.056776 -0.00469468 0.00267
v -0.055707 -0.00488638 0.0028
v -0.05455 -0.00500368 0.00294
v -0.053316 -0.00506158 0.00308
v -0.052019 -0.00507528 0.00323
v -0.050671 -0.00505968 0.00338
v -0.049284 -0.00502998 0.00353
v -0.047872 -0.00500108 0.00368
v -0.060731 -3.68e-06 0.0023
v -0.060632 -0.00111138 0.00231
v -0.060356 -0.00204398 0.00235
v -0.059918 -0.00281618 0.00241
v -0.059328 -0.00344268 0.00248
v -0.058599 -0.00393798 0.00258
v -0.057744 -0.00431668 0.00269
v -0.056776 -0.00459348 0.00281
v -0.055707 -0.00478308 0.00294
v -0.05455 -0.00489988 0.00308
v -0.053316 -0.00495868 0.00323
v -0.052019 -0.00497398 0.00338
v -0.050671 -0.00496038 0.00353
v -0.049284 -0.00493258 0.00368
v -0.047872 -0.00490528 0.00383
v -0.060731 -1.78e-06 0.0024
v -0.060632 -0.00107678 0.00241
v -0.060356 -0.00198268 0.00245
v -0.059918 -0.00273348 0.00251
v -0.059328 -0.00334328 0.00259
v -0.058599 -0.00382628 0.00268
v -0.057744 -0.00419638 0.0028
v -0.056776 -0.00446778 0.00292
v -0.055707 -0.00465448 0.00306
v -0.05455 -0.00477058 0.0032
v -0.053316 -0.00483028 0.00335
v -0.052019 -0.00484748 0.0035
v -0.050671 -0.00483638 0.00366
v -0.049284 -0.00481098 0.00381
v -0.047872 -0.00478548 0.00396
v -0.060731 -4.8e-07 0.00246
v -0.060632 -0.00103638 0.00248
v -0.060356 -0.00191008 0.00252
v -0.059918 -0.00263518 0.00258
v -0.059328 -0.00322498 0.00266
v -0.058599 -0.00369298 0.00276
v -0.057744 -0.00405268 0.00287
v -0.056776 -0.00431738 0.003
v -0.055707 -0.00450068 0.00314
v -0.05455 -0.00461588 0.00329
v -0.053316 -0.00467648 0.00344
v -0.052019 -0.00469598 0.0036
v -0.050671 -0.00468768 0.00375
v -0.049284 -0.00466508 0.00391
v -0.047872 -0.00464178 0.00406
v -0.060632 0.00084102 0.00072
v -0.060632 0.00102542 0.00072
v -0.060731 3.572e-05 0.0007
v -0.060356 0.00152452 0.00076
v -0.060356 0.00186042 0.00076
v -0.059918 0.00209552 0.00084
v -0.059918 0.00255342 0.00082
v -0.059328 0.00256362 0.00093
v -0.059328 0.00311732 0.0009
v -0.058599 0.00293902 0.00105
v -0.058599 0.00356482 0.00101
v -0.057744 0.00323152 0.00118
v -0.057744 0.00390882 0.00112
v -0.056776 0.00345102 0.00133
v -0.056776 0.00416222 0.00126
v -0.055707 0.00360752 0.00149
v -0.055707 0.00433772 0.0014
v -0.05455 0.00371092 0.00166
v -0.05455 0.00444832 0.00155
v -0.053316 0.00377122 0.00183
v -0.053316 0.00450662 0.00171
v -0.052019 0.00379822 0.002
v -0.052019 0.00452562 0.00187
v -0.050671 0.00380202 0.00218
v -0.050671 0.00451802 0.00203
v -0.049284 0.00379232 0.00234
v -0.049284 0.00449672 0.00219
v -0.047872 0.00377932 0.0025
v -0.047872 0.00447452 0.00234
v -0.060632 0.00067692 0.00072
v -0.060356 0.00122632 0.00077
v -0.059918 0.00168792 0.00085
v -0.059328 0.00206912 0.00096
v -0.058599 0.00237772 0.00109
v -0.057744 0.00262102 0.00123
v -0.056776 0.00280672 0.0014
v -0.055707 0.00294232 0.00157
v -0.05455 0.00303542 0.00175
v -0.053316 0.00309342 0.00194
v -0.052019 0.00312402 0.00212
v -0.050671 0.00313462 0.0023
v -0.049284 0.00313292 0.00248
v -0.047872 0.00312632 0.00265
v -0.060632 0.00053022 0.00072
v -0.060356 0.00095992 0.00078
v -0.059918 0.00132292 0.00086
v -0.059328 0.00162472 0.00098
v -0.058599 0.00187092 0.00112
v -0.057744 0.00206722 0.00128
v -0.056776 0.00221912 0.00145
v -0.055707 0.00233232 0.00163
v -0.05455 0.00241222 0.00183
v -0.053316 0.00246452 0.00202
v -0.052019 0.00249472 0.00222
v -0.050671 0.00250852 0.00241
v -0.049284 0.00251152 0.00259
v -0.047872 0.00250912 0.00276
v -0.060731 2.322e-05 0.0007
v -0.060632 0.00039772 0.00072
v -0.060356 0.00071962 0.00078
v -0.059918 0.00099272 0.00087
v -0.059328 0.00122122 0.00099
v -0.058599 0.00140892 0.00114
v -0.057744 0.00155982 0.00131
v -0.056776 0.00167792 0.00149
v -0.055707 0.00176722 0.00169
v -0.05455 0.00183172 0.00189
v -0.053316 0.00187542 0.00209
v -0.052019 0.00190222 0.0023
v -0.050671 0.00191612 0.0025
v -0.049284 0.00192112 0.00268
v -0.047872 0.00192122 0.00286
v -0.060632 0.00027622 0.00072
v -0.060356 0.00049952 0.00078
v -0.059918 0.00068972 0.00088
v -0.059328 0.00084952 0.00101
v -0.058599 0.00098152 0.00116
v -0.057744 0.00108842 0.00133
v -0.056776 0.00117272 0.00152
v -0.055707 0.00123732 0.00173
v -0.05455 0.00128462 0.00194
v -0.053316 0.00131742 0.00215
v -0.052019 0.00133832 0.00236
v -0.050671 0.00134992 0.00256
v -0.049284 0.00135502 0.00275
v -0.047872 0.00135602 0.00293
v -0.060731 1.052e-05 0.0007
v -0.060632 0.00016262 0.00072
v -0.060356 0.00029392 0.00079
v -0.059918 0.00040612 0.00089
v -0.059328 0.00050062 0.00102
v -0.058599 0.00057902 0.00117
v -0.057744 0.00064272 0.00135
v -0.056776 0.00069332 0.00155
v -0.055707 0.00073232 0.00175
v -0.05455 0.00076122 0.00197
v -0.053316 0.00078162 0.00218
v -0.052019 0.00079482 0.0024
v -0.050671 0.00080242 0.0026
v -0.049284 0.00080612 0.0028
v -0.047872 0.00080712 0.00297
v -0.060632 5.362e-05 0.00072
v -0.060356 9.702e-05 0.00079
v -0.059918 0.00013412 0.00089
v -0.059328 0.00016532 0.00102
v -0.058599 0.00019132 0.00118
v -0.057744 0.00021252 0.00136
v -0.056776 0.00022942 0.00156
v -0.055707 0.00024242 0.00177
v -0.05455 0.00025212 0.00198
v -0.053316 0.00025902 0.0022
v -0.052019 0.00026362 0.00242
v -0.050671 0.00026622 0.00262
v -0.049284 0.00026752 0.00282
v -0.047872 0.00026792 0.003
v -0.060632 -5.368e-05 0.00072
v -0.060356 -9.698e-05 0.00079
v -0.059918 -0.00013408 0.00089
v -0.059328 -0.00016538 0.00102
v -0.058599 -0.00019138 0.00118
v -0.057744 -0.00021258 0.00136
v -0.056776 -0.00022938 0.00156
v -0.055707 -0.00024248 0.00177
v -0.05455 -0.00025218 0.00198
v -0.053316 -0.00025908 0.0022
v -0.052019 -0.00026358 0.00242
v -0.050671 -0.00026628 0.00262
v -0.049284 -0.00026758 0.00282
v -0.047872 -0.00026798 0.003
v -0.060731 -1.058e-05 0.0007
v -0.060632 -0.00016258 0.00072
v -0.060356 -0.00029398 0.00079
v -0.059918 -0.00040608 0.00089
v -0.059328 -0.00050058 0.00102
v -0.058599 -0.00057898 0.00117
v -0.057744 -0.00064278 0.00135
v -0.056776 -0.00069338 0.00155
v -0.055707 -0.00073238 0.00175
v -0.05455 -0.00076128 0.00197
v -0.053316 -0.00078158 0.00218
v -0.052019 -0.00079478 0.0024
v -0.050671 -0.00080248 0.0026
v -0.049284 -0.00080608 0.0028
v -0.047872 -0.00080708 0.00297
v -0.060632 -0.00027628 0.00072
v -0.060356 -0.00049958 0.00078
v -0.059918 -0.00068978 0.00088
v -0.059328 -0.00084958 0.00101
v -0.058599 -0.00098158 0.00116
v -0.057744 -0.00108838 0.00133
v -0.056776 -0.00117278 0.00152
v -0.055707 -0.00123728 0.00173
v -0.05455 -0.00128458 0.00194
v -0.053316 -0.00131738 0.00215
v -0.052019 -0.00133828 0.00236
v -0.050671 -0.00134998 0.00256
v -0.049284 -0.00135498 0.00275
v -0.047872 -0.00135608 0.00293
v -0.060731 -2.318e-05 0.0007
v -0.060632 -0.00039778 0.00072
v -0.060356 -0.00071958 0.00078
v -0.059918 -0.00099278 0.00087
v -0.059328 -0.00122118 0.00099
v -0.058599 -0.00140888 0.00114
v -0.057744 -0.00155978 0.00131
v -0.056776 -0.00167798 0.00149
v -0.055707 -0.00176728 0.00169
v -0.05455 -0.00183178 0.00189
v -0.053316 -0.00187538 0.00209
v -0.052019 -0.00190218 0.0023
v -0.050671 -0.00191618 0.0025
v -0.049284 -0.00192118 0.00268
v -0.047872 -0.00192118 0.00286
v -0.060632 -0.00053028 0.00072
v -0.060356 -0.00095998 0.00078
v -0.059918 -0.00132288 0.00086
v -0.059328 -0.00162468 0.00098
v -0.058599 -0.00187098 0.00112
v -0.057744 -0.00206728 0.00128
v -0.056776 -0.00221918 0.00145
v -0.055707 -0.00233228 0.00163
v -0.05455 -0.00241218 0.00183
v -0.053316 -0.00246448 0.00202
v -0.052019 -0.00249478 0.00222
v -0.050671 -0.00250858 0.00241
v -0.049284 -0.00251148 0.00259
v -0.047872 -0.00250918 0.00276
v -0.060632 -0.00067698 0.00072
v -0.060356 -0.00122638 0.00077
v -0.059918 -0.00168788 0.00085
v -0.059328 -0.00206918 0.00096
v -0.058599 -0.00237768 0.00109
v -0.057744 -0.00262108 0.00123
v -0.056776 -0.00280678 0.0014
v -0.055707 -0.00294238 0.00157
v -0.05455 -0.00303538 0.00175
v -0.053316 -0.00309348 0.00194
v -0.052019 -0.00312398 0.00212
v -0.050671 -0.00313468 0.0023
v -0.049284 -0.00313298 0.00248
v -0.047872 -0.00312638 0.00265
v -0.060731 -3.478e-05 0.0007
v -0.060632 -0.00084098 0.00072
v -0.060356 -0.00152458 0.00076
v -0.059918 -0.00209548 0.00084
v -0.059328 -0.00256368 0.00093
v -0.058599 -0.00293898 0.00105
v -0.057744 -0.00323148 0.00118
v -0.056776 -0.00345098 0.00133
v -0.055707 -0.00360748 0.00149
v -0.05455 -0.00371098 0.00166
v -0.053316 -0.00377118 0.00183
v -0.052019 -0.00379828 0.002
v -0.050671 -0.00380198 0.00218
v -0.049284 -0.00379238 0.00234
v -0.047872 -0.00377928 0.0025
v -0.060731 3.882e-05 0.00246
v -0.060632 0.00107422 0.00248
v -0.060356 0.00194662 0.00252
v -0.059918 0.00266952 0.00258
v -0.059328 0.00325662 0.00266
v -0.058599 0.00372142 0.00276
v -0.057744 0.00407752 0.00287
v -0.056776 0.00433852 0.003
v -0.055707 0.00451792 0.00314
v -0.05455 0.00462942 0.00329
v -0.053316 0.00468642 0.00344
v -0.052019 0.00470262 0.0036
v -0.050671 0.00469162 0.00375
v -0.049284 0.00466702 0.00391
v -0.047872 0.00464222 0.00406
v -0.060731 4.112e-05 0.0024
v -0.060632 0.00111562 0.00241
v -0.060356 0.00202002 0.00245
v -0.059918 0.00276872 0.00251
v -0.059328 0.00337572 0.00259
v -0.058599 0.00385542 0.00268
v -0.057744 0.00422182 0.0028
v -0.056776 0.00448942 0.00292
v -0.055707 0.00467222 0.00306
v -0.05455 0.00478442 0.0032
v -0.053316 0.00484042 0.00335
v -0.052019 0.00485442 0.0035
v -0.050671 0.00484042 0.00366
v -0.049284 0.00481292 0.00381
v -0.047872 0.00478592 0.00396
v -0.060731 4.252e-05 0.0023
v -0.060632 0.00114972 0.00231
v -0.060356 0.00208092 0.00235
v -0.059918 0.00285102 0.00241
v -0.059328 0.00347472 0.00248
v -0.058599 0.00396672 0.00258
v -0.057744 0.00434182 0.00269
v -0.056776 0.00461492 0.00281
v -0.055707 0.00480052 0.00294
v -0.05455 0.00491352 0.00308
v -0.053316 0.00496872 0.00323
v -0.052019 0.00498072 0.00338
v -0.050671 0.00496442 0.00353
v -0.049284 0.00493452 0.00368
v -0.047872 0.00490572 0.00383
v -0.060731 4.342e-05 0.00217
v -0.060632 0.00117662 0.00219
v -0.060356 0.00212922 0.00222
v -0.059918 0.00291652 0.00228
v -0.059328 0.00355352 0.00235
v -0.058599 0.00405552 0.00244
v -0.057744 0.00443762 0.00255
v -0.056776 0.00471512 0.00267
v -0.055707 0.00490302 0.0028
v -0.05455 0.00501672 0.00294
v -0.053316 0.00507122 0.00308
v -0.052019 0.00508182 0.00323
v -0.050671 0.00506352 0.00338
v -0.049284 0.00503172 0.00353
v -0.047872 0.00500152 0.00368
v -0.060731 4.362e-05 0.00202
v -0.060632 0.00119642 0.00204
v -0.060356 0.00216512 0.00207
v -0.059918 0.00296532 0.00213
v -0.059328 0.00361232 0.0022
v -0.058599 0.00412182 0.00229
v -0.057744 0.00450922 0.00239
v -0.056776 0.00479002 0.00251
v -0.055707 0.00497982 0.00264
v -0.05455 0.00509392 0.00278
v -0.053316 0.00514802 0.00292
v -0.052019 0.00515752 0.00307
v -0.050671 0.00513792 0.00322
v -0.049284 0.00510472 0.00337
v -0.047872 0.00507342 0.00352
v -0.060731 4.342e-05 0.00186
v -0.060632 0.00120932 0.00187
v -0.060356 0.00218872 0.0019
v -0.059918 0.00299752 0.00196
v -0.059328 0.00365122 0.00203
v -0.058599 0.00416572 0.00212
v -0.057744 0.00455672 0.00222
v -0.056776 0.00483982 0.00234
v -0.055707 0.00503072 0.00247
v -0.05455 0.00514532 0.0026
v -0.053316 0.00519912 0.00274
v -0.052019 0.00520792 0.00289
v -0.050671 0.00518742 0.00304
v -0.049284 0.00515332 0.00319
v -0.047872 0.00512132 0.00334
v -0.060731 4.282e-05 0.00168
v -0.060632 0.00121522 0.0017
v -0.060356 0.00220002 0.00173
v -0.059918 0.00301312 0.00178
v -0.059328 0.00367032 0.00186
v -0.058599 0.00418732 0.00194
v -0.057744 0.00458012 0.00205
v -0.056776 0.00486442 0.00216
v -0.055707 0.00505602 0.00229
v -0.05455 0.00517082 0.00242
v -0.053316 0.00522452 0.00257
v -0.052019 0.00523302 0.00271
v -0.050671 0.00521202 0.00286
v -0.049284 0.00517752 0.00301
v -0.047872 0.00514522 0.00316
v -0.060731 4.192e-05 0.00151
v -0.060632 0.00121432 0.00152
v -0.060356 0.00219922 0.00155
v -0.059918 0.00301232 0.0016
v -0.059328 0.00366952 0.00168
v -0.058599 0.00418672 0.00177
v -0.057744 0.00457952 0.00187
v -0.056776 0.00486392 0.00198
v -0.055707 0.00505562 0.00211
v -0.05455 0.00517052 0.00225
v -0.053316 0.00522432 0.00239
v -0.052019 0.00523282 0.00253
v -0.050671 0.00521202 0.00268
v -0.049284 0.00517752 0.00283
v -0.047872 0.00514522 0.00298
v -0.060731 4.082e-05 0.00133
v -0.060632 0.00120672 0.00134
v -0.060356 0.00218632 0.00138
v -0.059918 0.00299522 0.00143
v -0.059328 0.00364912 0.0015
v -0.058599 0.00416382 0.00159
v -0.057744 0.00455502 0.0017
v -0.056776 0.00483842 0.00181
v -0.055707 0.00502962 0.00194
v -0.05455 0.00514442 0.00207
v -0.053316 0.00519842 0.00222
v -0.052019 0.00520742 0.00236
v -0.050671 0.00518712 0.00251
v -0.049284 0.00515312 0.00266
v -0.047872 0.00512122 0.00281
v -0.060731 3.972e-05 0.00116
v -0.060632 0.00119252 0.00118
v -0.060356 0.00216142 0.00121
v -0.059918 0.00296172 0.00127
v -0.059328 0.00360912 0.00134
v -0.058599 0.00411892 0.00143
v -0.057744 0.00450662 0.00153
v -0.056776 0.00478782 0.00165
v -0.055707 0.00497802 0.00178
v -0.05455 0.00509252 0.00192
v -0.053316 0.00514692 0.00206
v -0.052019 0.00515682 0.00221
v -0.050671 0.00513742 0.00236
v -0.049284 0.00510452 0.00251
v -0.047872 0.00507332 0.00266
v -0.060731 3.852e-05 0.00101
v -0.060632 0.00117182 0.00103
v -0.060356 0.00212462 0.00106
v -0.059918 0.00291212 0.00112
v -0.059328 0.00354952 0.00119
v -0.058599 0.00405192 0.00128
v -0.057744 0.00443452 0.00139
v -0.056776 0.00471242 0.00151
v -0.055707 0.00490082 0.00164
v -0.05455 0.00501502 0.00178
v -0.053316 0.00506992 0.00192
v -0.052019 0.00508092 0.00207
v -0.050671 0.00506302 0.00222
v -0.049284 0.00503152 0.00237
v -0.047872 0.00500152 0.00252
v -0.060731 3.742e-05 0.00089
v -0.060632 0.00114462 0.0009
v -0.060356 0.00207602 0.00094
v -0.059918 0.00284642 0.00099
v -0.059328 0.00347042 0.00107
v -0.058599 0.00396292 0.00116
v -0.057744 0.00433852 0.00127
v -0.056776 0.00461202 0.00139
v -0.055707 0.00479822 0.00153
v -0.05455 0.00491172 0.00167
v -0.053316 0.00496742 0.00181
v -0.052019 0.00497982 0.00196
v -0.050671 0.00496392 0.00212
v -0.049284 0.00493422 0.00227
v -0.047872 0.00490562 0.00242
v -0.060731 3.652e-05 0.00079
v -0.060632 0.00111112 0.0008
v -0.060356 0.00201572 0.00084
v -0.059918 0.00276462 0.0009
v -0.059328 0.00337202 0.00098
v -0.058599 0.00385202 0.00107
v -0.057744 0.00421892 0.00118
v -0.056776 0.00448692 0.00131
v -0.055707 0.00467012 0.00144
v -0.05455 0.00478282 0.00159
v -0.053316 0.00483932 0.00174
v -0.052019 0.00485362 0.00189
v -0.050671 0.00484002 0.00204
v -0.049284 0.00481272 0.0022
v -0.047872 0.00478592 0.00235
v -0.060731 3.592e-05 0.00072
v -0.060632 0.00107132 0.00074
v -0.060356 0.00194382 0.00078
v -0.059918 0.00266692 0.00084
v -0.059328 0.00325422 0.00092
v -0.058599 0.00371932 0.00102
v -0.057744 0.00407562 0.00113
v -0.056776 0.00433692 0.00126
v -0.055707 0.00451662 0.0014
v -0.05455 0.00462832 0.00155
v -0.053316 0.00468572 0.0017
v -0.052019 0.00470212 0.00186
v -0.050671 0.00469132 0.00201
v -0.049284 0.00466682 0.00217
v -0.047872 0.00464222 0.00232
f 1 4 3
f 1 3 2
f 2 3 6
f 2 6 5
f 5 6 8
f 5 8 7
f 7 8 10
f 7 10 9
f 9 10 12
f 9 12 11
f 11 12 14
f 11 14 13
f 13 14 16
f 13 16 15
f 15 16 18
f 15 18 17
f 17 18 20
f 17 20 19
f 19 20 22
f 19 22 21
f 21 22 24
f 21 24 23
f 23 24 26
f 23 26 25
f 25 26 28
f 25 28 27
f 27 28 30
f 27 30 29
f 29 30 32
f 29 32 31
f 33 1 2
f 33 2 34
f 34 2 5
f 34 5 35
f 35 5 7
f 35 7 36
f 36 7 9
f 36 9 37
f 37 9 11
f 37 11 38
f 38 11 13
f 38 13 39
f 39 13 15
f 39 15 40
f 40 15 17
f 40 17 41
f 41 17 19
f 41 19 42
f 42 19 21
f 42 21 43
f 43 21 23
f 43 23 44
f 44 23 25
f 44 25 45
f 45 25 27
f 45 27 46
f 46 27 29
f 46 29 47
f 47 29 31
f 47 31 48
f 49 33 34
f 49 34 50
f 50 34 35
f 50 35 51
f 51 35 36
f 51 36 52
f 52 36 37
f 52 37 53
f 53 37 38
f 53 38 54
f 54 38 39
f 54 39 55
f 55 39 40
f 55 40 56
f 56 40 41
f 56 41 57
f 57 41 42
f 57 42 58
f 58 42 43
f 58 43 59
f 59 43 44
f 59 44 60
f 60 44 45
f 60 45 61
f 61 45 46
f 61 46 62
f 62 46 47
f 62 47 63
f 63 47 48
f 63 48 64
f 65 49 50
f 65 50 66
f 66 50 51
f 66 51 67
f 67 51 52
f 67 52 68
f 68 52 53
f 68 53 69
f 69 53 54
f 69 54 70
f 70 54 55
f 70 55 71
f 71 55 56
f 71 56 72
f 72 56 57
f 72 57 73
f 73 57 58
f 73 58 74
f 74 58 59
f 74 59 75
f 75 59 60
f 75 60 76
f 76 60 61
f 76 61 77
f 77 61 62
f 77 62 78
f 78 62 63
f 78 63 79
f 79 63 64
f 79 64 188
f 80 65 66
f 80 66 81
f 81 66 67
f 81 67 82
f 82 67 68
f 82 68 83
f 83 68 69
f 83 69 84
f 84 69 70
f 84 70 85
f 85 70 71
f 85 71 86
f 86 71 72
f 86 72 87
f 87 72 73
f 87 73 88
f 88 73 74
f 88 74 89
f 89 74 75
f 89 75 90
f 90 75 76
f 90 76 91
f 91 76 77
f 91 77 92
f 92 77 78
f 92 78 93
f 93 78 79
f 93 79 94
f 94 79 188
f 94 188 172
f 95 80 81
f 95 81 96
f 96 81 82
f 96 82 97
f 97 82 83
f 97 83 98
f 98 83 84
f 98 84 99
f 99 84 85
f 99 85 100
f 100 85 86
f 100 86 101
f 101 86 87
f 101 87 102
f 102 87 88
f 102 88 103
f 103 88 89
f 103 89 104
f 104 89 90
f 104 90 105
f 105 90 91
f 105 91 106
f 106 91 92
f 106 92 107
f 107 92 93
f 107 93 108
f 108 93 94
f 108 94 109
f 109 94 172
f 109 172 156
f 110 95 96
f 110 96 111
f 111 96 97
f 111 97 112
f 112 97 98
f 112 98 113
f 113 98 99
f 113 99 114
f 114 99 100
f 114 100 115
f 115 100 101
f 115 101 116
f 116 101 102
f 116 102 117
f 117 102 103
f 117 103 118
f 118 103 104
f 118 104 119
f 119 104 105
f 119 105 120
f 120 105 106
f 120 106 121
f 121 106 107
f 121 107 122
f 122 107 108
f 122 108 123
f 123 108 109
f 123 109 124
f 124 109 156
f 124 156 125
f 126 110 111
f 126 111 127
f 127 111 112
f 127 112 128
f 128 112 113
f 128 113 129
f 129 113 114
f 129 114 130
f 130 114 115
f 130 115 131
f 131 115 116
f 131 116 132
f 132 116 117
f 132 117 133
f 133 117 118
f 133 118 134
f 134 118 119
f 134 119 135
f 135 119 120
f 135 120 136
f 136 120 121
f 136 121 137
f 137 121 122
f 137 122 138
f 138 122 123
f 138 123 139
f 139 123 124
f 139 124 140
f 140 124 125
f 141 126 127
f 141 127 142
f 142 127 128
f 142 128 143
f 143 128 129
f 143 129 144
f 144 129 130
f 144 130 145
f 145 130 131
f 145 131 146
f 146 131 132
f 146 132 147
f 147 132 133
f 147 133 148
f 148 133 134
f 148 134 149
f 149 134 135
f 149 135 150
f 150 135 136
f 150 136 151
f 151 136 137
f 151 137 152
f 152 137 138
f 152 138 153
f 153 138 139
f 153 139 154
f 154 139 140
f 154 140 155
f 155 140 125
f 155 125 156
f 157 141 142
f 157 142 158
f 158 142 143
f 158 143 159
f 159 143 144
f 159 144 160
f 160 144 145
f 160 145 161
f 161 145 146
f 161 146 162
f 162 146 147
f 162 147 163
f 163 147 148
f 163 148 164
f 164 148 149
f 164 149 165
f 165 149 150
f 165 150 166
f 166 150 151
f 166 151 167
f 167 151 152
f 167 152 168
f 168 152 153
f 168 153 169
f 169 153 154
f 169 154 170
f 170 154 155
f 170 155 171
f 171 155 156
f 171 156 172
f 173 157 158
f 173 158 174
f 174 158 159
f 174 159 175
f 175 159 160
f 175 160 176
f 176 160 161
f 176 161 177
f 177 161 162
f 177 162 178
f 178 162 163
f 178 163 179
f 179 163 164
f 179 164 180
f 180 164 165
f 180 165 181
f 181 165 166
f 181 166 182
f 182 166 167
f 182 167 183
f 183 167 168
f 183 168 184
f 184 168 169
f 184 169 185
f 185 169 170
f 185 170 186
f 186 170 171
f 186 171 187
f 187 171 172
f 187 172 188
f 189 173 174
f 189 174 190
f 190 174 175
f 190 175 191
f 191 175 176
f 191 176 192
f 192 176 177
f 192 177 193
f 193 177 178
f 193 178 194
f 194 178 179
f 194 179 195
f 195 179 180
f 195 180 196
f 196 180 181
f 196 181 197
f 197 181 182
f 197 182 198
f 198 182 183
f 198 183 199
f 199 183 184
f 199 184 200
f 200 184 185
f 200 185 201
f 201 185 186
f 201 186 202
f 202 186 187
f 202 187 203
f 203 187 188
f 203 188 204
f 205 189 190
f 205 190 206
f 206 190 191
f 206 191 207
f 207 191 192
f 207 192 208
f 208 192 193
f 208 193 209
f 209 193 194
f 209 194 210
f 210 194 195
f 210 195 211
f 211 195 196
f 211 196 212
f 212 196 197
f 212 197 213
f 213 197 198
f 213 198 214
f 214 198 199
f 214 199 215
f 215 199 200
f 215 200 216
f 216 200 201
f 216 201 217
f 217 201 202
f 217 202 218
f 218 202 203
f 218 203 219
f 219 203 204
f 219 204 220
f 221 205 206
f 221 206 222
f 222 206 207
f 222 207 223
f 223 207 208
f 223 208 224
f 224 208 209
f 224 209 225
f 225 209 210
f 225 210 226
f 226 210 211
f 226 211 227
f 227 211 212
f 227 212 228
f 228 212 213
f 228 213 229
f 229 213 214
f 229 214 230
f 230 214 215
f 230 215 231
f 231 215 216
f 231 216 232
f 232 216 217
f 232 217 233
f 233 217 218
f 233 218 234
f 234 218 219
f 234 219 235
f 235 219 220
f 235 220 236
f 237 221 222
f 237 222 238
f 238 222 223
f 238 223 239
f 239 223 224
f 239 224 240
f 240 224 225
f 240 225 241
f 241 225 226
f 241 226 242
f 242 226 227
f 242 227 243
f 243 227 228
f 243 228 244
f 244 228 229
f 244 229 245
f 245 229 230
f 245 230 246
f 246 230 231
f 246 231 247
f 247 231 232
f 247 232 248
f 248 232 233
f 248 233 249
f 249 233 234
f 249 234 250
f 250 234 235
f 250 235 251
f 251 235 236
f 251 236 252
f 253 256 255
f 253 255 254
f 254 255 258
f 254 258 257
f 257 258 260
f 257 260 259
f 259 260 262
f 259 262 261
f 261 262 264
f 261 264 263
f 263 264 266
f 263 266 265
f 265 266 268
f 265 268 267
f 267 268 270
f 267 270 269
f 269 270 272
f 269 272 271
f 271 272 274
f 271 274 273
f 273 274 276
f 273 276 275
f 275 276 278
f 275 278 277
f 277 278 280
f 277 280 279
f 279 280 282
f 279 282 281
f 281 282 284
f 281 284 283
f 285 253 254
f 285 254 286
f 286 254 257
f 286 257 287
f 287 257 259
f 287 259 288
f 288 259 261
f 288 261 289
f 289 261 263
f 289 263 290
f 290 263 265
f 290 265 291
f 291 265 267
f 291 267 292
f 292 267 269
f 292 269 293
f 293 269 271
f 293 271 294
f 294 271 273
f 294 273 295
f 295 273 275
f 295 275 296
f 296 275 277
f 296 277 297
f 297 277 279
f 297 279 298
f 298 279 281
f 298 281 299
f 299 281 283
f 299 283 300
f 301 285 286
f 301 286 302
f 302 286 287
f 302 287 303
f 303 287 288
f 303 288 304
f 304 288 289
f 304 289 305
f 305 289 290
f 305 290 306
f 306 290 291
f 306 291 307
f 307 291 292
f 307 292 308
f 308 292 293
f 308 293 309
f 309 293 294
f 309 294 310
f 310 294 295
f 310 295 311
f 311 295 296
f 311 296 312
f 312 296 297
f 312 297 313
f 313 297 298
f 313 298 314
f 314 298 299
f 314 299 315
f 315 299 300
f 315 300 316
f 317 301 302
f 317 302 318
f 318 302 303
f 318 303 319
f 319 303 304
f 319 304 320
f 320 304 305
f 320 305 321
f 321 305 306
f 321 306 322
f 322 306 307
f 322 307 323
f 323 307 308
f 323 308 324
f 324 308 309
f 324 309 325
f 325 309 310
f 325 310 326
f 326 310 311
f 326 311 327
f 327 311 312
f 327 312 328
f 328 312 313
f 328 313 329
f 329 313 314
f 329 314 330
f 330 314 315
f 330 315 331
f 331 315 316
f 331 316 332
f 333 317 318
f 333 318 334
f 334 318 319
f 334 319 335
f 335 319 320
f 335 320 336
f 336 320 321
f 336 321 337
f 337 321 322
f 337 322 338
f 338 322 323
f 338 323 339
f 339 323 324
f 339 324 340
f 340 324 325
f 340 325 341
f 341 325 326
f 341 326 342
f 342 326 327
f 342 327 343
f 343 327 328
f 343 328 344
f 344 328 329
f 344 329 345
f 345 329 330
f 345 330 346
f 346 330 331
f 346 331 347
f 347 331 332
f 347 332 348
f 349 333 334
f 349 334 350
f 350 334 335
f 350 335 351
f 351 335 336
f 351 336 352
f 352 336 337
f 352 337 353
f 353 337 338
f 353 338 354
f 354 338 339
f 354 339 355
f 355 339 340
f 355 340 356
f 356 340 341
f 356 341 357
f 357 341 342
f 357 342 358
f 358 342 343
f 358 343 359
f 359 343 344
f 359 344 360
f 360 344 345
f 360 345 361
f 361 345 346
f 361 346 362
f 362 346 347
f 362 347 363
f 363 347 348
f 363 348 364
f 365 349 350
f 365 350 366
f 366 350 351
f 366 351 367
f 367 351 352
f 367 352 368
f 368 352 353
f 368 353 369
f 369 353 354
f 369 354 370
f 370 354 355
f 370 355 371
f 371 355 356
f 371 356 372
f 372 356 357
f 372 357 373
f 373 357 358
f 373 358 374
f 374 358 359
f 374 359 375
f 375 359 360
f 375 360 376
f 376 360 361
f 376 361 377
f 377 361 362
f 377 362 378
f 378 362 363
f 378 363 379
f 379 363 364
f 379 364 380
f 381 365 366
f 381 366 382
f 382 366 367
f 382 367 383
f 383 367 368
f 383 368 384
f 384 368 369
f 384 369 385
f 385 369 370
f 385 370 386
f 386 370 371
f 386 371 387
f 387 371 372
f 387 372 388
f 388 372 373
f 388 373 389
f 389 373 374
f 389 374 390
f 390 374 375
f 390 375 391
f 391 375 376
f 391 376 392
f 392 376 377
f 392 377 393
f 393 377 378
f 393 378 394
f 394 378 379
f 394 379 395
f 395 379 380
f 395 380 396
f 397 381 382
f 397 382 398
f 398 382 383
f 398 383 399
f 399 383 384
f 399 384 400
f 400 384 385
f 400 385 401
f 401 385 386
f 401 386 402
f 402 386 387
f 402 387 403
f 403 387 388
f 403 388 404
f 404 388 389
f 404 389 405
f 405 389 390
f 405 390 406
f 406 390 391
f 406 391 407
f 407 391 392
f 407 392 408
f 408 392 393
f 408 393 409
f 409 393 394
f 409 394 410
f 410 394 395
f 410 395 411
f 411 395 396
f 411 396 412
f 413 397 398
f 413 398 414
f 414 398 399
f 414 399 415
f 415 399 400
f 415 400 416
f 416 400 401
f 416 401 417
f 417 401 402
f 417 402 418
f 418 402 403
f 418 403 419
f 419 403 404
f 419 404 420
f 420 404 405
f 420 405 421
f 421 405 406
f 421 406 422
f 422 406 407
f 422 407 423
f 423 407 408
f 423 408 424
f 424 408 409
f 424 409 425
f 425 409 410
f 425 410 426
f 426 410 411
f 426 411 427
f 427 411 412
f 427 412 428
f 429 413 414
f 429 414 430
f 430 414 415
f 430 415 431
f 431 415 416
f 431 416 432
f 432 416 417
f 432 417 433
f 433 417 418
f 433 418 434
f 434 418 419
f 434 419 435
f 435 419 420
f 435 420 436
f 436 420 421
f 436 421 437
f 437 421 422
f 437 422 438
f 438 422 423
f 438 423 439
f 439 423 424
f 439 424 440
f 440 424 425
f 440 425 441
f 441 425 426
f 441 426 442
f 442 426 427
f 442 427 443
f 443 427 428
f 443 428 444
f 445 429 430
f 445 430 446
f 446 430 431
f 446 431 447
f 447 431 432
f 447 432 448
f 448 432 433
f 448 433 449
f 449 433 434
f 449 434 450
f 450 434 435
f 450 435 451
f 451 435 436
f 451 436 452
f 452 436 437
f 452 437 453
f 453 437 438
f 453 438 454
f 454 438 439
f 454 439 455
f 455 439 440
f 455 440 456
f 456 440 441
f 456 441 457
f 457 441 442
f 457 442 458
f 458 442 443
f 458 443 459
f 459 443 444
f 459 444 460
f 461 445 446
f 461 446 462
f 462 446 447
f 462 447 463
f 463 447 448
f 463 448 464
f 464 448 449
f 464 449 465
f 465 449 450
f 465 450 466
f 466 450 451
f 466 451 467
f 467 451 452
f 467 452 468
f 468 452 453
f 468 453 469
f 469 453 454
f 469 454 470
f 470 454 455
f 470 455 471
f 471 455 456
f 471 456 472
f 472 456 457
f 472 457 473
f 473 457 458
f 473 458 474
f 474 458 459
f 474 459 475
f 475 459 460
f 475 460 476
f 477 461 462
f 477 462 478
f 478 462 463
f 478 463 479
f 479 463 464
f 479 464 480
f 480 464 465
f 480 465 481
f 481 465 466
f 481 466 482
f 482 466 467
f 482 467 483
f 483 467 468
f 483 468 484
f 484 468 469
f 484 469 485
f 485 469 470
f 485 470 486
f 486 470 471
f 486 471 487
f 487 471 472
f 487 472 488
f 488 472 473
f 488 473 489
f 489 473 474
f 489 474 490
f 490 474 475
f 490 475 491
f 491 475 476
f 491 476 492
f 4 477 478
f 4 478 3
f 3 478 479
f 3 479 6
f 6 479 480
f 6 480 8
f 8 480 481
f 8 481 10
f 10 481 482
f 10 482 12
f 12 482 483
f 12 483 14
f 14 483 484
f 14 484 16
f 16 484 485
f 16 485 18
f 18 485 486
f 18 486 20
f 20 486 487
f 20 487 22
f 22 487 488
f 22 488 24
f 24 488 489
f 24 489 26
f 26 489 490
f 26 490 28
f 28 490 491
f 28 491 30
f 30 491 492
f 30 492 32
f 493 496 495
f 493 495 494
f 494 495 498
f 494 498 497
f 497 498 500
f 497 500 499
f 499 500 502
f 499 502 501
f 501 502 504
f 501 504 503
f 503 504 506
f 503 506 505
f 505 506 508
f 505 508 507
f 507 508 510
f 507 510 509
f 509 510 512
f 509 512 511
f 511 512 514
f 511 514 513
f 513 514 516
f 513 516 515
f 515 516 518
f 515 518 517
f 517 518 520
f 517 520 519
f 519 520 522
f 519 522 521
f 521 522 524
f 521 524 523
f 525 493 494
f 525 494 526
f 526 494 497
f 526 497 527
f 527 497 499
f 527 499 528
f 528 499 501
f 528 501 529
f 529 501 503
f 529 503 530
f 530 503 505
f 530 505 531
f 531 505 507
f 531 507 532
f 532 507 509
f 532 509 533
f 533 509 511
f 533 511 534
f 534 511 513
f 534 513 535
f 535 513 515
f 535 515 536
f 536 515 517
f 536 517 537
f 537 517 519
f 537 519 538
f 538 519 521
f 538 521 539
f 539 521 523
f 539 523 540
f 541 525 526
f 541 526 542
f 542 526 527
f 542 527 543
f 543 527 528
f 543 528 544
f 544 528 529
f 544 529 545
f 545 529 530
f 545 530 546
f 546 530 531
f 546 531 547
f 547 531 532
f 547 532 548
f 548 532 533
f 548 533 549
f 549 533 534
f 549 534 550
f 550 534 535
f 550 535 551
f 551 535 536
f 551 536 552
f 552 536 537
f 552 537 553
f 553 537 538
f 553 538 554
f 554 538 539
f 554 539 555
f 555 539 540
f 555 540 556
f 557 541 542
f 557 542 558
f 558 542 543
f 558 543 559
f 559 543 544
f 559 544 560
f 560 544 545
f 560 545 561
f 561 545 546
f 561 546 562
f 562 546 547
f 562 547 563
f 563 547 548
f 563 548 564
f 564 548 549
f 564 549 565
f 565 549 550
f 565 550 566
f 566 550 551
f 566 551 567
f 567 551 552
f 567 552 568
f 568 552 553
f 568 553 569
f 569 553 554
f 569 554 570
f 570 554 555
f 570 555 571
f 571 555 556
f 571 556 572
f 573 557 558
f 573 558 574
f 574 558 559
f 574 559 575
f 575 559 560
f 575 560 576
f 576 560 561
f 576 561 577
f 577 561 562
f 577 562 578
f 578 562 563
f 578 563 579
f 579 563 564
f 579 564 580
f 580 564 565
f 580 565 581
f 581 565 566
f 581 566 582
f 582 566 567
f 582 567 583
f 583 567 568
f 583 568 584
f 584 568 569
f 584 569 585
f 585 569 570
f 585 570 586
f 586 570 571
f 586 571 587
f 587 571 572
f 587 572 588
f 589 573 574
f 589 574 590
f 590 574 575
f 590 575 591
f 591 575 576
f 591 576 592
f 592 576 577
f 592 577 593
f 593 577 578
f 593 578 594
f 594 578 579
f 594 579 595
f 595 579 580
f 595 580 596
f 596 580 581
f 596 581 597
f 597 581 582
f 597 582 598
f 598 582 583
f 598 583 599
f 599 583 584
f 599 584 600
f 600 584 585
f 600 585 601
f 601 585 586
f 601 586 602
f 602 586 587
f 602 587 603
f 603 587 588
f 603 588 604
f 605 589 590
f 605 590 606
f 606 590 591
f 606 591 607
f 607 591 592
f 607 592 608
f 608 592 593
f 608 593 609
f 609 593 594
f 609 594 610
f 610 594 595
f 610 595 611
f 611 595 596
f 611 596 612
f 612 596 597
f 612 597 613
f 613 597 598
f 613 598 614
f 614 598 599
f 614 599 615
f 615 599 600
f 615 600 616
f 616 600 601
f 616 601 617
f 617 601 602
f 617 602 618
f 618 602 603
f 618 603 619
f 619 603 604
f 619 604 620
f 621 605 606
f 621 606 622
f 622 606 607
f 622 607 623
f 623 607 608
f 623 608 624
f 624 608 609
f 624 609 625
f 625 609 610
f 625 610 626
f 626 610 611
f 626 611 627
f 627 611 612
f 627 612 628
f 628 612 613
f 628 613 629
f 629 613 614
f 629 614 630
f 630 614 615
f 630 615 631
f 631 615 616
f 631 616 632
f 632 616 617
f 632 617 633
f 633 617 618
f 633 618 634
f 634 618 619
f 634 619 635
f 635 619 620
f 636 621 622
f 636 622 637
f 637 622 623
f 637 623 638
f 638 623 624
f 638 624 639
f 639 624 625
f 639 625 640
f 640 625 626
f 640 626 641
f 641 626 627
f 641 627 642
f 642 627 628
f 642 628 643
f 643 628 629
f 643 629 644
f 644 629 630
f 644 630 645
f 645 630 631
f 645 631 646
f 646 631 632
f 646 632 647
f 647 632 633
f 647 633 648
f 648 633 634
f 648 634 649
f 649 634 635
f 649 635 650
f 650 635 620
f 650 620 604
f 651 636 637
f 651 637 652
f 652 637 638
f 652 638 653
f 653 638 639
f 653 639 654
f 654 639 640
f 654 640 655
f 655 640 641
f 655 641 656
f 656 641 642
f 656 642 657
f 657 642 643
f 657 643 658
f 658 643 644
f 658 644 659
f 659 644 645
f 659 645 660
f 660 645 646
f 660 646 661
f 661 646 647
f 661 647 662
f 662 647 648
f 662 648 663
f 663 648 649
f 663 649 664
f 664 649 650
f 664 650 665
f 665 650 604
f 665 604 588
f 666 651 652
f 666 652 667
f 667 652 653
f 667 653 668
f 668 653 654
f 668 654 669
f 669 654 655
f 669 655 670
f 670 655 656
f 670 656 671
f 671 656 657
f 671 657 672
f 672 657 658
f 672 658 673
f 673 658 659
f 673 659 674
f 674 659 660
f 674 660 675
f 675 660 661
f 675 661 676
f 676 661 662
f 676 662 677
f 677 662 663
f 677 663 678
f 678 663 664
f 678 664 679
f 679 664 665
f 679 665 680
f 680 665 588
f 680 588 572
f 681 666 667
f 681 667 682
f 682 667 668
f 682 668 683
f 683 668 669
f 683 669 684
f 684 669 670
f 684 670 685
f 685 670 671
f 685 671 686
f 686 671 672
f 686 672 687
f 687 672 673
f 687 673 688
f 688 673 674
f 688 674 689
f 689 674 675
f 689 675 690
f 690 675 676
f 690 676 691
f 691 676 677
f 691 677 692
f 692 677 678
f 692 678 693
f 693 678 679
f 693 679 694
f 694 679 680
f 694 680 695
f 695 680 572
f 695 572 696
f 697 681 682
f 697 682 698
f 698 682 683
f 698 683 699
f 699 683 684
f 699 684 700
f 700 684 685
f 700 685 701
f 701 685 686
f 701 686 702
f 702 686 687
f 702 687 703
f 703 687 688
f 703 688 704
f 704 688 689
f 704 689 705
f 705 689 690
f 705 690 706
f 706 690 691
f 706 691 707
f 707 691 692
f 707 692 708
f 708 692 693
f 708 693 709
f 709 693 694
f 709 694 710
f 710 694 695
f 710 695 711
f 711 695 696
f 711 696 712
f 713 697 698
f 713 698 714
f 714 698 699
f 714 699 715
f 715 699 700
f 715 700 716
f 716 700 701
f 716 701 717
f 717 701 702
f 717 702 718
f 718 702 703
f 718 703 719
f 719 703 704
f 719 704 720
f 720 704 705
f 720 705 721
f 721 705 706
f 721 706 722
f 722 706 707
f 722 707 723
f 723 707 708
f 723 708 724
f 724 708 709
f 724 709 725
f 725 709 710
f 725 710 726
f 726 710 711
f 726 711 727
f 727 711 712
f 727 712 728
f 256 713 714
f 256 714 255
f 255 714 715
f 255 715 258
f 258 715 716
f 258 716 260
f 260 716 717
f 260 717 262
f 262 717 718
f 262 718 264
f 264 718 719
f 264 719 266
f 266 719 720
f 266 720 268
f 268 720 721
f 268 721 270
f 270 721 722
f 270 722 272
f 272 722 723
f 272 723 274
f 274 723 724
f 274 724 276
f 276 724 725
f 276 725 278
f 278 725 726
f 278 726 280
f 280 726 727
f 280 727 282
f 282 727 728
f 282 728 284
f 729 237 238
f 729 238 730
f 730 238 239
f 730 239 731
f 731 239 240
f 731 240 732
f 732 240 241
f 732 241 733
f 733 241 242
f 733 242 734
f 734 242 243
f 734 243 735
f 735 243 244
f 735 244 736
f 736 244 245
f 736 245 737
f 737 245 246
f 737 246 738
f 738 246 247
f 738 247 739
f 739 247 248
f 739 248 740
f 740 248 249
f 740 249 741
f 741 249 250
f 741 250 742
f 742 250 251
f 742 251 743
f 743 251 252
f 743 252 744
f 745 729 730
f 745 730 746
f 746 730 731
f 746 731 747
f 747 731 732
f 747 732 748
f 748 732 733
f 748 733 749
f 749 733 734
f 749 734 750
f 750 734 735
f 750 735 751
f 751 735 736
f 751 736 752
f 752 736 737
f 752 737 753
f 753 737 738
f 753 738 754
f 754 738 739
f 754 739 755
f 755 739 740
f 755 740 756
f 756 740 741
f 756 741 757
f 757 741 742
f 757 742 758
f 758 742 743
f 758 743 759
f 759 743 744
f 759 744 760
f 761 745 746
f 761 746 762
f 762 746 747
f 762 747 763
f 763 747 748
f 763 748 764
f 764 748 749
f 764 749 765
f 765 749 750
f 765 750 766
f 766 750 751
f 766 751 767
f 767 751 752
f 767 752 768
f 768 752 753
f 768 753 769
f 769 753 754
f 769 754 770
f 770 754 755
f 770 755 771
f 771 755 756
f 771 756 772
f 772 756 757
f 772 757 773
f 773 757 758
f 773 758 774
f 774 758 759
f 774 759 775
f 775 759 760
f 775 760 776
f 777 761 762
f 777 762 778
f 778 762 763
f 778 763 779
f 779 763 764
f 779 764 780
f 780 764 765
f 780 765 781
f 781 765 766
f 781 766 782
f 782 766 767
f 782 767 783
f 783 767 768
f 783 768 784
f 784 768 769
f 784 769 785
f 785 769 770
f 785 770 786
f 786 770 771
f 786 771 787
f 787 771 772
f 787 772 788
f 788 772 773
f 788 773 789
f 789 773 774
f 789 774 790
f 790 774 775
f 790 775 791
f 791 775 776
f 791 776 792
f 793 777 778
f 793 778 794
f 794 778 779
f 794 779 795
f 795 779 780
f 795 780 796
f 796 780 781
f 796 781 797
f 797 781 782
f 797 782 798
f 798 782 783
f 798 783 799
f 799 783 784
f 799 784 800
f 800 784 785
f 800 785 801
f 801 785 786
f 801 786 802
f 802 786 787
f 802 787 803
f 803 787 788
f 803 788 804
f 804 788 789
f 804 789 805
f 805 789 790
f 805 790 806
f 806 790 791
f 806 791 807
f 807 791 792
f 807 792 808
f 809 793 794
f 809 794 810
f 810 794 795
f 810 795 811
f 811 795 796
f 811 796 812
f 812 796 797
f 812 797 813
f 813 797 798
f 813 798 814
f 814 798 799
f 814 799 815
f 815 799 800
f 815 800 816
f 816 800 801
f 816 801 817
f 817 801 802
f 817 802 818
f 818 802 803
f 818 803 819
f 819 803 804
f 819 804 820
f 820 804 805
f 820 805 821
f 821 805 806
f 821 806 822
f 822 806 807
f 822 807 823
f 823 807 808
f 823 808 824
f 825 809 810
f 825 810 826
f 826 810 811
f 826 811 827
f 827 811 812
f 827 812 828
f 828 812 813
f 828 813 829
f 829 813 814
f 829 814 830
f 830 814 815
f 830 815 831
f 831 815 816
f 831 816 832
f 832 816 817
f 832 817 833
f 833 817 818
f 833 818 834
f 834 818 819
f 834 819 835
f 835 819 820
f 835 820 836
f 836 820 821
f 836 821 837
f 837 821 822
f 837 822 838
f 838 822 823
f 838 823 839
f 839 823 824
f 839 824 840
f 841 825 826
f 841 826 842
f 842 826 827
f 842 827 843
f 843 827 828
f 843 828 844
f 844 828 829
f 844 829 845
f 845 829 830
f 845 830 846
f 846 830 831
f 846 831 847
f 847 831 832
f 847 832 848
f 848 832 833
f 848 833 849
f 849 833 834
f 849 834 850
f 850 834 835
f 850 835 851
f 851 835 836
f 851 836 852
f 852 836 837
f 852 837 853
f 853 837 838
f 853 838 854
f 854 838 839
f 854 839 855
f 855 839 840
f 855 840 856
f 857 841 842
f 857 842 858
f 858 842 843
f 858 843 859
f 859 843 844
f 859 844 860
f 860 844 845
f 860 845 861
f 861 845 846
f 861 846 862
f 862 846 847
f 862 847 863
f 863 847 848
f 863 848 864
f 864 848 849
f 864 849 865
f 865 849 850
f 865 850 866
f 866 850 851
f 866 851 867
f 867 851 852
f 867 852 868
f 868 852 853
f 868 853 869
f 869 853 854
f 869 854 870
f 870 854 855
f 870 855 871
f 871 855 856
f 871 856 872
f 873 857 858
f 873 858 874
f 874 858 859
f 874 859 875
f 875 859 860
f 875 860 876
f 876 860 861
f 876 861 877
f 877 861 862
f 877 862 878
f 878 862 863
f 878 863 879
f 879 863 864
f 879 864 880
f 880 864 865
f 880 865 881
f 881 865 866
f 881 866 882
f 882 866 867
f 882 867 883
f 883 867 868
f 883 868 884
f 884 868 869
f 884 869 885
f 885 869 870
f 885 870 886
f 886 870 871
f 886 871 887
f 887 871 872
f 887 872 888
f 889 873 874
f 889 874 890
f 890 874 875
f 890 875 891
f 891 875 876
f 891 876 892
f 892 876 877
f 892 877 893
f 893 877 878
f 893 878 894
f 894 878 879
f 894 879 895
f 895 879 880
f 895 880 896
f 896 880 881
f 896 881 897
f 897 881 882
f 897 882 898
f 898 882 883
f 898 883 899
f 899 883 884
f 899 884 900
f 900 884 885
f 900 885 901
f 901 885 886
f 901 886 902
f 902 886 887
f 902 887 903
f 903 887 888
f 903 888 904
f 905 889 890
f 905 890 906
f 906 890 891
f 906 891 907
f 907 891 892
f 907 892 908
f 908 892 893
f 908 893 909
f 909 893 894
f 909 894 910
f 910 894 895
f 910 895 911
f 911 895 896
f 911 896 912
f 912 896 897
f 912 897 913
f 913 897 898
f 913 898 914
f 914 898 899
f 914 899 915
f 915 899 900
f 915 900 916
f 916 900 901
f 916 901 917
f 917 901 902
f 917 902 918
f 918 902 903
f 918 903 919
f 919 903 904
f 919 904 920
f 921 905 906
f 921 906 922
f 922 906 907
f 922 907 923
f 923 907 908
f 923 908 924
f 924 908 909
f 924 909 925
f 925 909 910
f 925 910 926
f 926 910 911
f 926 911 927
f 927 911 912
f 927 912 928
f 928 912 913
f 928 913 929
f 929 913 914
f 929 914 930
f 930 914 915
f 930 915 931
f 931 915 916
f 931 916 932
f 932 916 917
f 932 917 933
f 933 917 918
f 933 918 934
f 934 918 919
f 934 919 935
f 935 919 920
f 935 920 936
f 937 921 922
f 937 922 938
f 938 922 923
f 938 923 939
f 939 923 924
f 939 924 940
f 940 924 925
f 940 925 941
f 941 925 926
f 941 926 942
f 942 926 927
f 942 927 943
f 943 927 928
f 943 928 944
f 944 928 929
f 944 929 945
f 945 929 930
f 945 930 946
f 946 930 931
f 946 931 947
f 947 931 932
f 947 932 948
f 948 932 933
f 948 933 949
f 949 933 934
f 949 934 950
f 950 934 935
f 950 935 951
f 951 935 936
f 951 936 952
f 496 937 938
f 496 938 495
f 495 938 939
f 495 939 498
f 498 939 940
f 498 940 500
f 500 940 941
f 500 941 502
f 502 941 942
f 502 942 504
f 504 942 943
f 504 943 506
f 506 943 944
f 506 944 508
f 508 944 945
f 508 945 510
f 510 945 946
f 510 946 512
f 512 946 947
f 512 947 514
f 514 947 948
f 514 948 516
f 516 948 949
f 516 949 518
f 518 949 950
f 518 950 520
f 520 950 951
f 520 951 522
f 522 951 952
f 522 952 524
f 953 956 955
f 953 955 954
f 954 955 958
f 954 958 957
f 957 958 960
f 957 960 959
f 959 960 962
f 959 962 961
f 961 962 964
f 961 964 963
f 963 964 966
f 963 966 965
f 965 966 968
f 965 968 967
f 967 968 970
f 967 970 969
f 969 970 972
f 969 972 971
f 971 972 974
f 971 974 973
f 973 974 976
f 973 976 975
f 975 976 978
f 975 978 977
f 977 978 980
f 977 980 979
f 979 980 982
f 979 982 981
f 981 982 4
f 981 4 1
f 983 953 954
f 983 954 984
f 984 954 957
f 984 957 985
f 985 957 959
f 985 959 986
f 986 959 961
f 986 961 987
f 987 961 963
f 987 963 988
f 988 963 965
f 988 965 989
f 989 965 967
f 989 967 990
f 990 967 969
f 990 969 991
f 991 969 971
f 991 971 992
f 992 971 973
f 992 973 993
f 993 973 975
f 993 975 994
f 994 975 977
f 994 977 995
f 995 977 979
f 995 979 996
f 996 979 981
f 996 981 997
f 997 981 1
f 997 1 33
f 998 983 984
f 998 984 999
f 999 984 985
f 999 985 1000
f 1000 985 986
f 1000 986 1001
f 1001 986 987
f 1001 987 1002
f 1002 987 988
f 1002 988 1003
f 1003 988 989
f 1003 989 1004
f 1004 989 990
f 1004 990 1005
f 1005 990 991
f 1005 991 1006
f 1006 991 992
f 1006 992 1007
f 1007 992 993
f 1007 993 1008
f 1008 993 994
f 1008 994 1009
f 1009 994 995
f 1009 995 1010
f 1010 995 996
f 1010 996 1011
f 1011 996 997
f 1011 997 1012
f 1012 997 33
f 1012 33 49
f 1013 998 999
f 1013 999 1014
f 1014 999 1000
f 1014 1000 1015
f 1015 1000 1001
f 1015 1001 1016
f 1016 1001 1002
f 1016 1002 1017
f 1017 1002 1003
f 1017 1003 1018
f 1018 1003 1004
f 1018 1004 1019
f 1019 1004 1005
f 1019 1005 1020
f 1020 1005 1006
f 1020 1006 1021
f 1021 1006 1007
f 1021 1007 1022
f 1022 1007 1008
f 1022 1008 1023
f 1023 1008 1009
f 1023 1009 1024
f 1024 1009 1010
f 1024 1010 1025
f 1025 1010 1011
f 1025 1011 1026
f 1026 1011 1012
f 1026 1012 1027
f 1027 1012 49
f 1027 49 65
f 1028 1013 1014
f 1028 1014 1029
f 1029 1014 1015
f 1029 1015 1030
f 1030 1015 1016
f 1030 1016 1031
f 1031 1016 1017
f 1031 1017 1032
f 1032 1017 1018
f 1032 1018 1033
f 1033 1018 1019
f 1033 1019 1034
f 1034 1019 1020
f 1034 1020 1035
f 1035 1020 1021
f 1035 1021 1036
f 1036 1021 1022
f 1036 1022 1037
f 1037 1022 1023
f 1037 1023 1038
f 1038 1023 1024
f 1038 1024 1039
f 1039 1024 1025
f 1039 1025 1040
f 1040 1025 1026
f 1040 1026 1041
f 1041 1026 1027
f 1041 1027 1042
f 1042 1027 65
f 1042 65 80
f 1043 1028 1029
f 1043 1029 1044
f 1044 1029 1030
f 1044 1030 1045
f 1045 1030 1031
f 1045 1031 1046
f 1046 1031 1032
f 1046 1032 1047
f 1047 1032 1033
f 1047 1033 1048
f 1048 1033 1034
f 1048 1034 1049
f 1049 1034 1035
f 1049 1035 1050
f 1050 1035 1036
f 1050 1036 1051
f 1051 1036 1037
f 1051 1037 1052
f 1052 1037 1038
f 1052 1038 1053
f 1053 1038 1039
f 1053 1039 1054
f 1054 1039 1040
f 1054 1040 1055
f 1055 1040 1041
f 1055 1041 1056
f 1056 1041 1042
f 1056 1042 1057
f 1057 1042 80
f 1057 80 95
f 1058 1043 1044
f 1058 1044 1059
f 1059 1044 1045
f 1059 1045 1060
f 1060 1045 1046
f 1060 1046 1061
f 1061 1046 1047
f 1061 1047 1062
f 1062 1047 1048
f 1062 1048 1063
f 1063 1048 1049
f 1063 1049 1064
f 1064 1049 1050
f 1064 1050 1065
f 1065 1050 1051
f 1065 1051 1066
f 1066 1051 1052
f 1066 1052 1067
f 1067 1052 1053
f 1067 1053 1068
f 1068 1053 1054
f 1068 1054 1069
f 1069 1054 1055
f 1069 1055 1070
f 1070 1055 1056
f 1070 1056 1071
f 1071 1056 1057
f 1071 1057 1072
f 1072 1057 95
f 1072 95 110
f 1073 1058 1059
f 1073 1059 1074
f 1074 1059 1060
f 1074 1060 1075
f 1075 1060 1061
f 1075 1061 1076
f 1076 1061 1062
f 1076 1062 1077
f 1077 1062 1063
f 1077 1063 1078
f 1078 1063 1064
f 1078 1064 1079
f 1079 1064 1065
f 1079 1065 1080
f 1080 1065 1066
f 1080 1066 1081
f 1081 1066 1067
f 1081 1067 1082
f 1082 1067 1068
f 1082 1068 1083
f 1083 1068 1069
f 1083 1069 1084
f 1084 1069 1070
f 1084 1070 1085
f 1085 1070 1071
f 1085 1071 1086
f 1086 1071 1072
f 1086 1072 1087
f 1087 1072 110
f 1087 110 126
f 1088 1073 1074
f 1088 1074 1089
f 1089 1074 1075
f 1089 1075 1090
f 1090 1075 1076
f 1090 1076 1091
f 1091 1076 1077
f 1091 1077 1092
f 1092 1077 1078
f 1092 1078 1093
f 1093 1078 1079
f 1093 1079 1094
f 1094 1079 1080
f 1094 1080 1095
f 1095 1080 1081
f 1095 1081 1096
f 1096 1081 1082
f 1096 1082 1097
f 1097 1082 1083
f 1097 1083 1098
f 1098 1083 1084
f 1098 1084 1099
f 1099 1084 1085
f 1099 1085 1100
f 1100 1085 1086
f 1100 1086 1101
f 1101 1086 1087
f 1101 1087 1102
f 1102 1087 126
f 1102 126 141
f 1103 1088 1089
f 1103 1089 1104
f 1104 1089 1090
f 1104 1090 1105
f 1105 1090 1091
f 1105 1091 1106
f 1106 1091 1092
f 1106 1092 1107
f 1107 1092 1093
f 1107 1093 1108
f 1108 1093 1094
f 1108 1094 1109
f 1109 1094 1095
f 1109 1095 1110
f 1110 1095 1096
f 1110 1096 1111
f 1111 1096 1097
f 1111 1097 1112
f 1112 1097 1098
f 1112 1098 1113
f 1113 1098 1099
f 1113 1099 1114
f 1114 1099 1100
f 1114 1100 1115
f 1115 1100 1101
f 1115 1101 1116
f 1116 1101 1102
f 1116 1102 1117
f 1117 1102 141
f 1117 141 157
f 1118 1103 1104
f 1118 1104 1119
f 1119 1104 1105
f 1119 1105 1120
f 1120 1105 1106
f 1120 1106 1121
f 1121 1106 1107
f 1121 1107 1122
f 1122 1107 1108
f 1122 1108 1123
f 1123 1108 1109
f 1123 1109 1124
f 1124 1109 1110
f 1124 1110 1125
f 1125 1110 1111
f 1125 1111 1126
f 1126 1111 1112
f 1126 1112 1127
f 1127 1112 1113
f 1127 1113 1128
f 1128 1113 1114
f 1128 1114 1129
f 1129 1114 1115
f 1129 1115 1130
f 1130 1115 1116
f 1130 1116 1131
f 1131 1116 1117
f 1131 1117 1132
f 1132 1117 157
f 1132 157 173
f 1133 1118 1119
f 1133 1119 1134
f 1134 1119 1120
f 1134 1120 1135
f 1135 1120 1121
f 1135 1121 1136
f 1136 1121 1122
f 1136 1122 1137
f 1137 1122 1123
f 1137 1123 1138
f 1138 1123 1124
f 1138 1124 1139
f 1139 1124 1125
f 1139 1125 1140
f 1140 1125 1126
f 1140 1126 1141
f 1141 1126 1127
f 1141 1127 1142
f 1142 1127 1128
f 1142 1128 1143
f 1143 1128 1129
f 1143 1129 1144
f 1144 1129 1130
f 1144 1130 1145
f 1145 1130 1131
f 1145 1131 1146
f 1146 1131 1132
f 1146 1132 1147
f 1147 1132 173
f 1147 173 189
f 1148 1133 1134
f 1148 1134 1149
f 1149 1134 1135
f 1149 1135 1150
f 1150 1135 1136
f 1150 1136 1151
f 1151 1136 1137
f 1151 1137 1152
f 1152 1137 1138
f 1152 1138 1153
f 1153 1138 1139
f 1153 1139 1154
f 1154 1139 1140
f 1154 1140 1155
f 1155 1140 1141
f 1155 1141 1156
f 1156 1141 1142
f 1156 1142 1157
f 1157 1142 1143
f 1157 1143 1158
f 1158 1143 1144
f 1158 1144 1159
f 1159 1144 1145
f 1159 1145 1160
f 1160 1145 1146
f 1160 1146 1161
f 1161 1146 1147
f 1161 1147 1162
f 1162 1147 189
f 1162 189 205
f 1163 1148 1149
f 1163 1149 1164
f 1164 1149 1150
f 1164 1150 1165
f 1165 1150 1151
f 1165 1151 1166
f 1166 1151 1152
f 1166 1152 1167
f 1167 1152 1153
f 1167 1153 1168
f 1168 1153 1154
f 1168 1154 1169
f 1169 1154 1155
f 1169 1155 1170
f 1170 1155 1156
f 1170 1156 1171
f 1171 1156 1157
f 1171 1157 1172
f 1172 1157 1158
f 1172 1158 1173
f 1173 1158 1159
f 1173 1159 1174
f 1174 1159 1160
f 1174 1160 1175
f 1175 1160 1161
f 1175 1161 1176
f 1176 1161 1162
f 1176 1162 1177
f 1177 1162 205
f 1177 205 221
f 1178 1163 1164
f 1178 1164 1179
f 1179 1164 1165
f 1179 1165 1180
f 1180 1165 1166
f 1180 1166 1181
f 1181 1166 1167
f 1181 1167 1182
f 1182 1167 1168
f 1182 1168 1183
f 1183 1168 1169
f 1183 1169 1184
f 1184 1169 1170
f 1184 1170 1185
f 1185 1170 1171
f 1185 1171 1186
f 1186 1171 1172
f 1186 1172 1187
f 1187 1172 1173
f 1187 1173 1188
f 1188 1173 1174
f 1188 1174 1189
f 1189 1174 1175
f 1189 1175 1190
f 1190 1175 1176
f 1190 1176 1191
f 1191 1176 1177
f 1191 1177 1192
f 1192 1177 221
f 1192 221 237
f 1193 1196 1195
f 1193 1195 1194
f 1194 1195 1198
f 1194 1198 1197
f 1197 1198 1200
f 1197 1200 1199
f 1199 1200 1202
f 1199 1202 1201
f 1201 1202 1204
f 1201 1204 1203
f 1203 1204 1206
f 1203 1206 1205
f 1205 1206 1208
f 1205 1208 1207
f 1207 1208 1210
f 1207 1210 1209
f 1209 1210 1212
f 1209 1212 1211
f 1211 1212 1214
f 1211 1214 1213
f 1213 1214 1216
f 1213 1216 1215
f 1215 1216 1218
f 1215 1218 1217
f 1217 1218 1220
f 1217 1220 1219
f 1219 1220 1222
f 1219 1222 1221
f 1221 1222 256
f 1221 256 253
f 1223 1193 1194
f 1223 1194 1224
f 1224 1194 1197
f 1224 1197 1225
f 1225 1197 1199
f 1225 1199 1226
f 1226 1199 1201
f 1226 1201 1227
f 1227 1201 1203
f 1227 1203 1228
f 1228 1203 1205
f 1228 1205 1229
f 1229 1205 1207
f 1229 1207 1230
f 1230 1207 1209
f 1230 1209 1231
f 1231 1209 1211
f 1231 1211 1232
f 1232 1211 1213
f 1232 1213 1233
f 1233 1213 1215
f 1233 1215 1234
f 1234 1215 1217
f 1234 1217 1235
f 1235 1217 1219
f 1235 1219 1236
f 1236 1219 1221
f 1236 1221 1237
f 1237 1221 253
f 1237 253 285
f 1238 1223 1224
f 1238 1224 1239
f 1239 1224 1225
f 1239 1225 1240
f 1240 1225 1226
f 1240 1226 1241
f 1241 1226 1227
f 1241 1227 1242
f 1242 1227 1228
f 1242 1228 1243
f 1243 1228 1229
f 1243 1229 1244
f 1244 1229 1230
f 1244 1230 1245
f 1245 1230 1231
f 1245 1231 1246
f 1246 1231 1232
f 1246 1232 1247
f 1247 1232 1233
f 1247 1233 1248
f 1248 1233 1234
f 1248 1234 1249
f 1249 1234 1235
f 1249 1235 1250
f 1250 1235 1236
f 1250 1236 1251
f 1251 1236 1237
f 1251 1237 1252
f 1252 1237 285
f 1252 285 301
f 1253 1238 1239
f 1253 1239 1254
f 1254 1239 1240
f 1254 1240 1255
f 1255 1240 1241
f 1255 1241 1256
f 1256 1241 1242
f 1256 1242 1257
f 1257 1242 1243
f 1257 1243 1258
f 1258 1243 1244
f 1258 1244 1259
f 1259 1244 1245
f 1259 1245 1260
f 1260 1245 1246
f 1260 1246 1261
f 1261 1246 1247
f 1261 1247 1262
f 1262 1247 1248
f 1262 1248 1263
f 1263 1248 1249
f 1263 1249 1264
f 1264 1249 1250
f 1264 1250 1265
f 1265 1250 1251
f 1265 1251 1266
f 1266 1251 1252
f 1266 1252 1267
f 1267 1252 301
f 1267 301 317
f 1268 1253 1254
f 1268 1254 1269
f 1269 1254 1255
f 1269 1255 1270
f 1270 1255 1256
f 1270 1256 1271
f 1271 1256 1257
f 1271 1257 1272
f 1272 1257 1258
f 1272 1258 1273
f 1273 1258 1259
f 1273 1259 1274
f 1274 1259 1260
f 1274 1260 1275
f 1275 1260 1261
f 1275 1261 1276
f 1276 1261 1262
f 1276 1262 1277
f 1277 1262 1263
f 1277 1263 1278
f 1278 1263 1264
f 1278 1264 1279
f 1279 1264 1265
f 1279 1265 1280
f 1280 1265 1266
f 1280 1266 1281
f 1281 1266 1267
f 1281 1267 1282
f 1282 1267 317
f 1282 317 333
f 1283 1268 1269
f 1283 1269 1284
f 1284 1269 1270
f 1284 1270 1285
f 1285 1270 1271
f 1285 1271 1286
f 1286 1271 1272
f 1286 1272 1287
f 1287 1272 1273
f 1287 1273 1288
f 1288 1273 1274
f 1288 1274 1289
f 1289 1274 1275
f 1289 1275 1290
f 1290 1275 1276
f 1290 1276 1291
f 1291 1276 1277
f 1291 1277 1292
f 1292 1277 1278
f 1292 1278 1293
f 1293 1278 1279
f 1293 1279 1294
f 1294 1279 1280
f 1294 1280 1295
f 1295 1280 1281
f 1295 1281 1296
f 1296 1281 1282
f 1296 1282 1297
f 1297 1282 333
f 1297 333 349
f 1298 1283 1284
f 1298 1284 1299
f 1299 1284 1285
f 1299 1285 1300
f 1300 1285 1286
f 1300 1286 1301
f 1301 1286 1287
f 1301 1287 1302
f 1302 1287 1288
f 1302 1288 1303
f 1303 1288 1289
f 1303 1289 1304
f 1304 1289 1290
f 1304 1290 1305
f 1305 1290 1291
f 1305 1291 1306
f 1306 1291 1292
f 1306 1292 1307
f 1307 1292 1293
f 1307 1293 1308
f 1308 1293 1294
f 1308 1294 1309
f 1309 1294 1295
f 1309 1295 1310
f 1310 1295 1296
f 1310 1296 1311
f 1311 1296 1297
f 1311 1297 1312
f 1312 1297 349
f 1312 349 365
f 1313 1298 1299
f 1313 1299 1314
f 1314 1299 1300
f 1314 1300 1315
f 1315 1300 1301
f 1315 1301 1316
f 1316 1301 1302
f 1316 1302 1317
f 1317 1302 1303
f 1317 1303 1318
f 1318 1303 1304
f 1318 1304 1319
f 1319 1304 1305
f 1319 1305 1320
f 1320 1305 1306
f 1320 1306 1321
f 1321 1306 1307
f 1321 1307 1322
f 1322 1307 1308
f 1322 1308 1323
f 1323 1308 1309
f 1323 1309 1324
f 1324 1309 1310
f 1324 1310 1325
f 1325 1310 1311
f 1325 1311 1326
f 1326 1311 1312
f 1326 1312 1327
f 1327 1312 365
f 1327 365 381
f 1328 1313 1314
f 1328 1314 1329
f 1329 1314 1315
f 1329 1315 1330
f 1330 1315 1316
f 1330 1316 1331
f 1331 1316 1317
f 1331 1317 1332
f 1332 1317 1318
f 1332 1318 1333
f 1333 1318 1319
f 1333 1319 1334
f 1334 1319 1320
f 1334 1320 1335
f 1335 1320 1321
f 1335 1321 1336
f 1336 1321 1322
f 1336 1322 1337
f 1337 1322 1323
f 1337 1323 1338
f 1338 1323 1324
f 1338 1324 1339
f 1339 1324 1325
f 1339 1325 1340
f 1340 1325 1326
f 1340 1326 1341
f 1341 1326 1327
f 1341 1327 1342
f 1342 1327 381
f 1342 381 397
f 1343 1328 1329
f 1343 1329 1344
f 1344 1329 1330
f 1344 1330 1345
f 1345 1330 1331
f 1345 1331 1346
f 1346 1331 1332
f 1346 1332 1347
f 1347 1332 1333
f 1347 1333 1348
f 1348 1333 1334
f 1348 1334 1349
f 1349 1334 1335
f 1349 1335 1350
f 1350 1335 1336
f 1350 1336 1351
f 1351 1336 1337
f 1351 1337 1352
f 1352 1337 1338
f 1352 1338 1353
f 1353 1338 1339
f 1353 1339 1354
f 1354 1339 1340
f 1354 1340 1355
f 1355 1340 1341
f 1355 1341 1356
f 1356 1341 1342
f 1356 1342 1357
f 1357 1342 397
f 1357 397 413
f 1358 1343 1344
f 1358 1344 1359
f 1359 1344 1345
f 1359 1345 1360
f 1360 1345 1346
f 1360 1346 1361
f 1361 1346 1347
f 1361 1347 1362
f 1362 1347 1348
f 1362 1348 1363
f 1363 1348 1349
f 1363 1349 1364
f 1364 1349 1350
f 1364 1350 1365
f 1365 1350 1351
f 1365 1351 1366
f 1366 1351 1352
f 1366 1352 1367
f 1367 1352 1353
f 1367 1353 1368
f 1368 1353 1354
f 1368 1354 1369
f 1369 1354 1355
f 1369 1355 1370
f 1370 1355 1356
f 1370 1356 1371
f 1371 1356 1357
f 1371 1357 1372
f 1372 1357 413
f 1372 413 429
f 1373 1358 1359
f 1373 1359 1374
f 1374 1359 1360
f 1374 1360 1375
f 1375 1360 1361
f 1375 1361 1376
f 1376 1361 1362
f 1376 1362 1377
f 1377 1362 1363
f 1377 1363 1378
f 1378 1363 1364
f 1378 1364 1379
f 1379 1364 1365
f 1379 1365 1380
f 1380 1365 1366
f 1380 1366 1381
f 1381 1366 1367
f 1381 1367 1382
f 1382 1367 1368
f 1382 1368 1383
f 1383 1368 1369
f 1383 1369 1384
f 1384 1369 1370
f 1384 1370 1385
f 1385 1370 1371
f 1385 1371 1386
f 1386 1371 1372
f 1386 1372 1387
f 1387 1372 429
f 1387 429 445
f 1388 1373 1374
f 1388 1374 1389
f 1389 1374 1375
f 1389 1375 1390
f 1390 1375 1376
f 1390 1376 1391
f 1391 1376 1377
f 1391 1377 1392
f 1392 1377 1378
f 1392 1378 1393
f 1393 1378 1379
f 1393 1379 1394
f 1394 1379 1380
f 1394 1380 1395
f 1395 1380 1381
f 1395 1381 1396
f 1396 1381 1382
f 1396 1382 1397
f 1397 1382 1383
f 1397 1383 1398
f 1398 1383 1384
f 1398 1384 1399
f 1399 1384 1385
f 1399 1385 1400
f 1400 1385 1386
f 1400 1386 1401
f 1401 1386 1387
f 1401 1387 1402
f 1402 1387 445
f 1402 445 461
f 1403 1388 1389
f 1403 1389 1404
f 1404 1389 1390
f 1404 1390 1405
f 1405 1390 1391
f 1405 1391 1406
f 1406 1391 1392
f 1406 1392 1407
f 1407 1392 1393
f 1407 1393 1408
f 1408 1393 1394
f 1408 1394 1409
f 1409 1394 1395
f 1409 1395 1410
f 1410 1395 1396
f 1410 1396 1411
f 1411 1396 1397
f 1411 1397 1412
f 1412 1397 1398
f 1412 1398 1413
f 1413 1398 1399
f 1413 1399 1414
f 1414 1399 1400
f 1414 1400 1415
f 1415 1400 1401
f 1415 1401 1416
f 1416 1401 1402
f 1416 1402 1417
f 1417 1402 461
f 1417 461 477
f 956 1403 1404
f 956 1404 955
f 955 1404 1405
f 955 1405 958
f 958 1405 1406
f 958 1406 960
f 960 1406 1407
f 960 1407 962
f 962 1407 1408
f 962 1408 964
f 964 1408 1409
f 964 1409 966
f 966 1409 1410
f 966 1410 968
f 968 1410 1411
f 968 1411 970
f 970 1411 1412
f 970 1412 972
f 972 1412 1413
f 972 1413 974
f 974 1413 1414
f 974 1414 976
f 976 1414 1415
f 976 1415 978
f 978 1415 1416
f 978 1416 980
f 980 1416 1417
f 980 1417 982
f 982 1417 477
f 982 477 4
f 1418 1421 1420
f 1418 1420 1419
f 1419 1420 1423
f 1419 1423 1422
f 1422 1423 1425
f 1422 1425 1424
f 1424 1425 1427
f 1424 1427 1426
f 1426 1427 1429
f 1426 1429 1428
f 1428 1429 1431
f 1428 1431 1430
f 1430 1431 1433
f 1430 1433 1432
f 1432 1433 1435
f 1432 1435 1434
f 1434 1435 1437
f 1434 1437 1436
f 1436 1437 1439
f 1436 1439 1438
f 1438 1439 1441
f 1438 1441 1440
f 1440 1441 1443
f 1440 1443 1442
f 1442 1443 1445
f 1442 1445 1444
f 1444 1445 1447
f 1444 1447 1446
f 1446 1447 496
f 1446 496 493
f 1448 1418 1419
f 1448 1419 1449
f 1449 1419 1422
f 1449 1422 1450
f 1450 1422 1424
f 1450 1424 1451
f 1451 1424 1426
f 1451 1426 1452
f 1452 1426 1428
f 1452 1428 1453
f 1453 1428 1430
f 1453 1430 1454
f 1454 1430 1432
f 1454 1432 1455
f 1455 1432 1434
f 1455 1434 1456
f 1456 1434 1436
f 1456 1436 1457
f 1457 1436 1438
f 1457 1438 1458
f 1458 1438 1440
f 1458 1440 1459
f 1459 1440 1442
f 1459 1442 1460
f 1460 1442 1444
f 1460 1444 1461
f 1461 1444 1446
f 1461 1446 1462
f 1462 1446 493
f 1462 493 525
f 1463 1448 1449
f 1463 1449 1464
f 1464 1449 1450
f 1464 1450 1465
f 1465 1450 1451
f 1465 1451 1466
f 1466 1451 1452
f 1466 1452 1467
f 1467 1452 1453
f 1467 1453 1468
f 1468 1453 1454
f 1468 1454 1469
f 1469 1454 1455
f 1469 1455 1470
f 1470 1455 1456
f 1470 1456 1471
f 1471 1456 1457
f 1471 1457 1472
f 1472 1457 1458
f 1472 1458 1473
f 1473 1458 1459
f 1473 1459 1474
f 1474 1459 1460
f 1474 1460 1475
f 1475 1460 1461
f 1475 1461 1476
f 1476 1461 1462
f 1476 1462 1477
f 1477 1462 525
f 1477 525 541
f 1478 1463 1464
f 1478 1464 1479
f 1479 1464 1465
f 1479 1465 1480
f 1480 1465 1466
f 1480 1466 1481
f 1481 1466 1467
f 1481 1467 1482
f 1482 1467 1468
f 1482 1468 1483
f 1483 1468 1469
f 1483 1469 1484
f 1484 1469 1470
f 1484 1470 1485
f 1485 1470 1471
f 1485 1471 1486
f 1486 1471 1472
f 1486 1472 1487
f 1487 1472 1473
f 1487 1473 1488
f 1488 1473 1474
f 1488 1474 1489
f 1489 1474 1475
f 1489 1475 1490
f 1490 1475 1476
f 1490 1476 1491
f 1491 1476 1477
f 1491 1477 1492
f 1492 1477 541
f 1492 541 557
f 1493 1478 1479
f 1493 1479 1494
f 1494 1479 1480
f 1494 1480 1495
f 1495 1480 1481
f 1495 1481 1496
f 1496 1481 1482
f 1496 1482 1497
f 1497 1482 1483
f 1497 1483 1498
f 1498 1483 1484
f 1498 1484 1499
f 1499 1484 1485
f 1499 1485 1500
f 1500 1485 1486
f 1500 1486 1501
f 1501 1486 1487
f 1501 1487 1502
f 1502 1487 1488
f 1502 1488 1503
f 1503 1488 1489
f 1503 1489 1504
f 1504 1489 1490
f 1504 1490 1505
f 1505 1490 1491
f 1505 1491 1506
f 1506 1491 1492
f 1506 1492 1507
f 1507 1492 557
f 1507 557 573
f 1508 1493 1494
f 1508 1494 1509
f 1509 1494 1495
f 1509 1495 1510
f 1510 1495 1496
f 1510 1496 1511
f 1511 1496 1497
f 1511 1497 1512
f 1512 1497 1498
f 1512 1498 1513
f 1513 1498 1499
f 1513 1499 1514
f 1514 1499 1500
f 1514 1500 1515
f 1515 1500 1501
f 1515 1501 1516
f 1516 1501 1502
f 1516 1502 1517
f 1517 1502 1503
f 1517 1503 1518
f 1518 1503 1504
f 1518 1504 1519
f 1519 1504 1505
f 1519 1505 1520
f 1520 1505 1506
f 1520 1506 1521
f 1521 1506 1507
f 1521 1507 1522
f 1522 1507 573
f 1522 573 589
f 1523 1508 1509
f 1523 1509 1524
f 1524 1509 1510
f 1524 1510 1525
f 1525 1510 1511
f 1525 1511 1526
f 1526 1511 1512
f 1526 1512 1527
f 1527 1512 1513
f 1527 1513 1528
f 1528 1513 1514
f 1528 1514 1529
f 1529 1514 1515
f 1529 1515 1530
f 1530 1515 1516
f 1530 1516 1531
f 1531 1516 1517
f 1531 1517 1532
f 1532 1517 1518
f 1532 1518 1533
f 1533 1518 1519
f 1533 1519 1534
f 1534 1519 1520
f 1534 1520 1535
f 1535 1520 1521
f 1535 1521 1536
f 1536 1521 1522
f 1536 1522 1537
f 1537 1522 589
f 1537 589 605
f 1538 1523 1524
f 1538 1524 1539
f 1539 1524 1525
f 1539 1525 1540
f 1540 1525 1526
f 1540 1526 1541
f 1541 1526 1527
f 1541 1527 1542
f 1542 1527 1528
f 1542 1528 1543
f 1543 1528 1529
f 1543 1529 1544
f 1544 1529 1530
f 1544 1530 1545
f 1545 1530 1531
f 1545 1531 1546
f 1546 1531 1532
f 1546 1532 1547
f 1547 1532 1533
f 1547 1533 1548
f 1548 1533 1534
f 1548 1534 1549
f 1549 1534 1535
f 1549 1535 1550
f 1550 1535 1536
f 1550 1536 1551
f 1551 1536 1537
f 1551 1537 1552
f 1552 1537 605
f 1552 605 621
f 1553 1538 1539
f 1553 1539 1554
f 1554 1539 1540
f 1554 1540 1555
f 1555 1540 1541
f 1555 1541 1556
f 1556 1541 1542
f 1556 1542 1557
f 1557 1542 1543
f 1557 1543 1558
f 1558 1543 1544
f 1558 1544 1559
f 1559 1544 1545
f 1559 1545 1560
f 1560 1545 1546
f 1560 1546 1561
f 1561 1546 1547
f 1561 1547 1562
f 1562 1547 1548
f 1562 1548 1563
f 1563 1548 1549
f 1563 1549 1564
f 1564 1549 1550
f 1564 1550 1565
f 1565 1550 1551
f 1565 1551 1566
f 1566 1551 1552
f 1566 1552 1567
f 1567 1552 621
f 1567 621 636
f 1568 1553 1554
f 1568 1554 1569
f 1569 1554 1555
f 1569 1555 1570
f 1570 1555 1556
f 1570 1556 1571
f 1571 1556 1557
f 1571 1557 1572
f 1572 1557 1558
f 1572 1558 1573
f 1573 1558 1559
f 1573 1559 1574
f 1574 1559 1560
f 1574 1560 1575
f 1575 1560 1561
f 1575 1561 1576
f 1576 1561 1562
f 1576 1562 1577
f 1577 1562 1563
f 1577 1563 1578
f 1578 1563 1564
f 1578 1564 1579
f 1579 1564 1565
f 1579 1565 1580
f 1580 1565 1566
f 1580 1566 1581
f 1581 1566 1567
f 1581 1567 1582
f 1582 1567 636
f 1582 636 651
f 1583 1568 1569
f 1583 1569 1584
f 1584 1569 1570
f 1584 1570 1585
f 1585 1570 1571
f 1585 1571 1586
f 1586 1571 1572
f 1586 1572 1587
f 1587 1572 1573
f 1587 1573 1588
f 1588 1573 1574
f 1588 1574 1589
f 1589 1574 1575
f 1589 1575 1590
f 1590 1575 1576
f 1590 1576 1591
f 1591 1576 1577
f 1591 1577 1592
f 1592 1577 1578
f 1592 1578 1593
f 1593 1578 1579
f 1593 1579 1594
f 1594 1579 1580
f 1594 1580 1595
f 1595 1580 1581
f 1595 1581 1596
f 1596 1581 1582
f 1596 1582 1597
f 1597 1582 651
f 1597 651 666
f 1598 1583 1584
f 1598 1584 1599
f 1599 1584 1585
f 1599 1585 1600
f 1600 1585 1586
f 1600 1586 1601
f 1601 1586 1587
f 1601 1587 1602
f 1602 1587 1588
f 1602 1588 1603
f 1603 1588 1589
f 1603 1589 1604
f 1604 1589 1590
f 1604 1590 1605
f 1605 1590 1591
f 1605 1591 1606
f 1606 1591 1592
f 1606 1592 1607
f 1607 1592 1593
f 1607 1593 1608
f 1608 1593 1594
f 1608 1594 1609
f 1609 1594 1595
f 1609 1595 1610
f 1610 1595 1596
f 1610 1596 1611
f 1611 1596 1597
f 1611 1597 1612
f 1612 1597 666
f 1612 666 681
f 1613 1598 1599
f 1613 1599 1614
f 1614 1599 1600
f 1614 1600 1615
f 1615 1600 1601
f 1615 1601 1616
f 1616 1601 1602
f 1616 1602 1617
f 1617 1602 1603
f 1617 1603 1618
f 1618 1603 1604
f 1618 1604 1619
f 1619 1604 1605
f 1619 1605 1620
f 1620 1605 1606
f 1620 1606 1621
f 1621 1606 1607
f 1621 1607 1622
f 1622 1607 1608
f 1622 1608 1623
f 1623 1608 1609
f 1623 1609 1624
f 1624 1609 1610
f 1624 1610 1625
f 1625 1610 1611
f 1625 1611 1626
f 1626 1611 1612
f 1626 1612 1627
f 1627 1612 681
f 1627 681 697
f 1628 1613 1614
f 1628 1614 1629
f 1629 1614 1615
f 1629 1615 1630
f 1630 1615 1616
f 1630 1616 1631
f 1631 1616 1617
f 1631 1617 1632
f 1632 1617 1618
f 1632 1618 1633
f 1633 1618 1619
f 1633 1619 1634
f 1634 1619 1620
f 1634 1620 1635
f 1635 1620 1621
f 1635 1621 1636
f 1636 1621 1622
f 1636 1622 1637
f 1637 1622 1623
f 1637 1623 1638
f 1638 1623 1624
f 1638 1624 1639
f 1639 1624 1625
f 1639 1625 1640
f 1640 1625 1626
f 1640 1626 1641
f 1641 1626 1627
f 1641 1627 1642
f 1642 1627 697
f 1642 697 713
f 1196 1628 1629
f 1196 1629 1195
f 1195 1629 1630
f 1195 1630 1198
f 1198 1630 1631
f 1198 1631 1200
f 1200 1631 1632
f 1200 1632 1202
f 1202 1632 1633
f 1202 1633 1204
f 1204 1633 1634
f 1204 1634 1206
f 1206 1634 1635
f 1206 1635 1208
f 1208 1635 1636
f 1208 1636 1210
f 1210 1636 1637
f 1210 1637 1212
f 1212 1637 1638
f 1212 1638 1214
f 1214 1638 1639
f 1214 1639 1216
f 1216 1639 1640
f 1216 1640 1218
f 1218 1640 1641
f 1218 1641 1220
f 1220 1641 1642
f 1220 1642 1222
f 1222 1642 713
f 1222 713 256
f 1643 1178 1179
f 1643 1179 1644
f 1644 1179 1180
f 1644 1180 1645
f 1645 1180 1181
f 1645 1181 1646
f 1646 1181 1182
f 1646 1182 1647
f 1647 1182 1183
f 1647 1183 1648
f 1648 1183 1184
f 1648 1184 1649
f 1649 1184 1185
f 1649 1185 1650
f 1650 1185 1186
f 1650 1186 1651
f 1651 1186 1187
f 1651 1187 1652
f 1652 1187 1188
f 1652 1188 1653
f 1653 1188 1189
f 1653 1189 1654
f 1654 1189 1190
f 1654 1190 1655
f 1655 1190 1191
f 1655 1191 1656
f 1656 1191 1192
f 1656 1192 1657
f 1657 1192 237
f 1657 237 729
f 1658 1643 1644
f 1658 1644 1659
f 1659 1644 1645
f 1659 1645 1660
f 1660 1645 1646
f 1660 1646 1661
f 1661 1646 1647
f 1661 1647 1662
f 1662 1647 1648
f 1662 1648 1663
f 1663 1648 1649
f 1663 1649 1664
f 1664 1649 1650
f 1664 1650 1665
f 1665 1650 1651
f 1665 1651 1666
f 1666 1651 1652
f 1666 1652 1667
f 1667 1652 1653
f 1667 1653 1668
f 1668 1653 1654
f 1668 1654 1669
f 1669 1654 1655
f 1669 1655 1670
f 1670 1655 1656
f 1670 1656 1671
f 1671 1656 1657
f 1671 1657 1672
f 1672 1657 729
f 1672 729 745
f 1673 1658 1659
f 1673 1659 1674
f 1674 1659 1660
f 1674 1660 1675
f 1675 1660 1661
f 1675 1661 1676
f 1676 1661 1662
f 1676 1662 1677
f 1677 1662 1663
f 1677 1663 1678
f 1678 1663 1664
f 1678 1664 1679
f 1679 1664 1665
f 1679 1665 1680
f 1680 1665 1666
f 1680 1666 1681
f 1681 1666 1667
f 1681 1667 1682
f 1682 1667 1668
f 1682 1668 1683
f 1683 1668 1669
f 1683 1669 1684
f 1684 1669 1670
f 1684 1670 1685
f 1685 1670 1671
f 1685 1671 1686
f 1686 1671 1672
f 1686 1672 1687
f 1687 1672 745
f 1687 745 761
f 1688 1673 1674
f 1688 1674 1689
f 1689 1674 1675
f 1689 1675 1690
f 1690 1675 1676
f 1690 1676 1691
f 1691 1676 1677
f 1691 1677 1692
f 1692 1677 1678
f 1692 1678 1693
f 1693 1678 1679
f 1693 1679 1694
f 1694 1679 1680
f 1694 1680 1695
f 1695 1680 1681
f 1695 1681 1696
f 1696 1681 1682
f 1696 1682 1697
f 1697 1682 1683
f 1697 1683 1698
f 1698 1683 1684
f 1698 1684 1699
f 1699 1684 1685
f 1699 1685 1700
f 1700 1685 1686
f 1700 1686 1701
f 1701 1686 1687
f 1701 1687 1702
f 1702 1687 761
f 1702 761 777
f 1703 1688 1689
f 1703 1689 1704
f 1704 1689 1690
f 1704 1690 1705
f 1705 1690 1691
f 1705 1691 1706
f 1706 1691 1692
f 1706 1692 1707
f 1707 1692 1693
f 1707 1693 1708
f 1708 1693 1694
f 1708 1694 1709
f 1709 1694 1695
f 1709 1695 1710
f 1710 1695 1696
f 1710 1696 1711
f 1711 1696 1697
f 1711 1697 1712
f 1712 1697 1698
f 1712 1698 1713
f 1713 1698 1699
f 1713 1699 1714
f 1714 1699 1700
f 1714 1700 1715
f 1715 1700 1701
f 1715 1701 1716
f 1716 1701 1702
f 1716 1702 1717
f 1717 1702 777
f 1717 777 793
f 1718 1703 1704
f 1718 1704 1719
f 1719 1704 1705
f 1719 1705 1720
f 1720 1705 1706
f 1720 1706 1721
f 1721 1706 1707
f 1721 1707 1722
f 1722 1707 1708
f 1722 1708 1723
f 1723 1708 1709
f 1723 1709 1724
f 1724 1709 1710
f 1724 1710 1725
f 1725 1710 1711
f 1725 1711 1726
f 1726 1711 1712
f 1726 1712 1727
f 1727 1712 1713
f 1727 1713 1728
f 1728 1713 1714
f 1728 1714 1729
f 1729 1714 1715
f 1729 1715 1730
f 1730 1715 1716
f 1730 1716 1731
f 1731 1716 1717
f 1731 1717 1732
f 1732 1717 793
f 1732 793 809
f 1733 1718 1719
f 1733 1719 1734
f 1734 1719 1720
f 1734 1720 1735
f 1735 1720 1721
f 1735 1721 1736
f 1736 1721 1722
f 1736 1722 1737
f 1737 1722 1723
f 1737 1723 1738
f 1738 1723 1724
f 1738 1724 1739
f 1739 1724 1725
f 1739 1725 1740
f 1740 1725 1726
f 1740 1726 1741
f 1741 1726 1727
f 1741 1727 1742
f 1742 1727 1728
f 1742 1728 1743
f 1743 1728 1729
f 1743 1729 1744
f 1744 1729 1730
f 1744 1730 1745
f 1745 1730 1731
f 1745 1731 1746
f 1746 1731 1732
f 1746 1732 1747
f 1747 1732 809
f 1747 809 825
f 1748 1733 1734
f 1748 1734 1749
f 1749 1734 1735
f 1749 1735 1750
f 1750 1735 1736
f 1750 1736 1751
f 1751 1736 1737
f 1751 1737 1752
f 1752 1737 1738
f 1752 1738 1753
f 1753 1738 1739
f 1753 1739 1754
f 1754 1739 1740
f 1754 1740 1755
f 1755 1740 1741
f 1755 1741 1756
f 1756 1741 1742
f 1756 1742 1757
f 1757 1742 1743
f 1757 1743 1758
f 1758 1743 1744
f 1758 1744 1759
f 1759 1744 1745
f 1759 1745 1760
f 1760 1745 1746
f 1760 1746 1761
f 1761 1746 1747
f 1761 1747 1762
f 1762 1747 825
f 1762 825 841
f 1763 1748 1749
f 1763 1749 1764
f 1764 1749 1750
f 1764 1750 1765
f 1765 1750 1751
f 1765 1751 1766
f 1766 1751 1752
f 1766 1752 1767
f 1767 1752 1753
f 1767 1753 1768
f 1768 1753 1754
f 1768 1754 1769
f 1769 1754 1755
f 1769 1755 1770
f 1770 1755 1756
f 1770 1756 1771
f 1771 1756 1757
f 1771 1757 1772
f 1772 1757 1758
f 1772 1758 1773
f 1773 1758 1759
f 1773 1759 1774
f 1774 1759 1760
f 1774 1760 1775
f 1775 1760 1761
f 1775 1761 1776
f 1776 1761 1762
f 1776 1762 1777
f 1777 1762 841
f 1777 841 857
f 1778 1763 1764
f 1778 1764 1779
f 1779 1764 1765
f 1779 1765 1780
f 1780 1765 1766
f 1780 1766 1781
f 1781 1766 1767
f 1781 1767 1782
f 1782 1767 1768
f 1782 1768 1783
f 1783 1768 1769
f 1783 1769 1784
f 1784 1769 1770
f 1784 1770 1785
f 1785 1770 1771
f 1785 1771 1786
f 1786 1771 1772
f 1786 1772 1787
f 1787 1772 1773
f 1787 1773 1788
f 1788 1773 1774
f 1788 1774 1789
f 1789 1774 1775
f 1789 1775 1790
f 1790 1775 1776
f 1790 1776 1791
f 1791 1776 1777
f 1791 1777 1792
f 1792 1777 857
f 1792 857 873
f 1793 1778 1779
f 1793 1779 1794
f 1794 1779 1780
f 1794 1780 1795
f 1795 1780 1781
f 1795 1781 1796
f 1796 1781 1782
f 1796 1782 1797
f 1797 1782 1783
f 1797 1783 1798
f 1798 1783 1784
f 1798 1784 1799
f 1799 1784 1785
f 1799 1785 1800
f 1800 1785 1786
f 1800 1786 1801
f 1801 1786 1787
f 1801 1787 1802
f 1802 1787 1788
f 1802 1788 1803
f 1803 1788 1789
f 1803 1789 1804
f 1804 1789 1790
f 1804 1790 1805
f 1805 1790 1791
f 1805 1791 1806
f 1806 1791 1792
f 1806 1792 1807
f 1807 1792 873
f 1807 873 889
f 1808 1793 1794
f 1808 1794 1809
f 1809 1794 1795
f 1809 1795 1810
f 1810 1795 1796
f 1810 1796 1811
f 1811 1796 1797
f 1811 1797 1812
f 1812 1797 1798
f 1812 1798 1813
f 1813 1798 1799
f 1813 1799 1814
f 1814 1799 1800
f 1814 1800 1815
f 1815 1800 1801
f 1815 1801 1816
f 1816 1801 1802
f 1816 1802 1817
f 1817 1802 1803
f 1817 1803 1818
f 1818 1803 1804
f 1818 1804 1819
f 1819 1804 1805
f 1819 1805 1820
f 1820 1805 1806
f 1820 1806 1821
f 1821 1806 1807
f 1821 1807 1822
f 1822 1807 889
f 1822 889 905
f 1823 1808 1809
f 1823 1809 1824
f 1824 1809 1810
f 1824 1810 1825
f 1825 1810 1811
f 1825 1811 1826
f 1826 1811 1812
f 1826 1812 1827
f 1827 1812 1813
f 1827 1813 1828
f 1828 1813 1814
f 1828 1814 1829
f 1829 1814 1815
f 1829 1815 1830
f 1830 1815 1816
f 1830 1816 1831
f 1831 1816 1817
f 1831 1817 1832
f 1832 1817 1818
f 1832 1818 1833
f 1833 1818 1819
f 1833 1819 1834
f 1834 1819 1820
f 1834 1820 1835
f 1835 1820 1821
f 1835 1821 1836
f 1836 1821 1822
f 1836 1822 1837
f 1837 1822 905
f 1837 905 921
f 1838 1823 1824
f 1838 1824 1839
f 1839 1824 1825
f 1839 1825 1840
f 1840 1825 1826
f 1840 1826 1841
f 1841 1826 1827
f 1841 1827 1842
f 1842 1827 1828
f 1842 1828 1843
f 1843 1828 1829
f 1843 1829 1844
f 1844 1829 1830
f 1844 1830 1845
f 1845 1830 1831
f 1845 1831 1846
f 1846 1831 1832
f 1846 1832 1847
f 1847 1832 1833
f 1847 1833 1848
f 1848 1833 1834
f 1848 1834 1849
f 1849 1834 1835
f 1849 1835 1850
f 1850 1835 1836
f 1850 1836 1851
f 1851 1836 1837
f 1851 1837 1852
f 1852 1837 921
f 1852 921 937
f 1421 1838 1839
f 1421 1839 1420
f 1420 1839 1840
f 1420 1840 1423
f 1423 1840 1841
f 1423 1841 1425
f 1425 1841 1842
f 1425 1842 1427
f 1427 1842 1843
f 1427 1843 1429
f 1429 1843 1844
f 1429 1844 1431
f 1431 1844 1845
f 1431 1845 1433
f 1433 1845 1846
f 1433 1846 1435
f 1435 1846 1847
f 1435 1847 1437
f 1437 1847 1848
f 1437 1848 1439
f 1439 1848 1849
f 1439 1849 1441
f 1441 1849 1850
f 1441 1850 1443
f 1443 1850 1851
f 1443 1851 1445
f 1445 1851 1852
f 1445 1852 1447
f 1447 1852 937
f 1447 937 496
f 1853 1856 1855
f 1853 1855 1854
f 1854 1855 1858
f 1854 1858 1857
f 1857 1858 1860
f 1857 1860 1859
f 1859 1860 1862
f 1859 1862 1861
f 1861 1862 1864
f 1861 1864 1863
f 1863 1864 1866
f 1863 1866 1865
f 1865 1866 1868
f 1865 1868 1867
f 1867 1868 1870
f 1867 1870 1869
f 1869 1870 1872
f 1869 1872 1871
f 1871 1872 1874
f 1871 1874 1873
f 1873 1874 1876
f 1873 1876 1875
f 1875 1876 1878
f 1875 1878 1877
f 1877 1878 1880
f 1877 1880 1879
f 1879 1880 1882
f 1879 1882 1881
f 1881 1882 956
f 1881 956 953
f 1883 1853 1854
f 1883 1854 1884
f 1884 1854 1857
f 1884 1857 1885
f 1885 1857 1859
f 1885 1859 1886
f 1886 1859 1861
f 1886 1861 1887
f 1887 1861 1863
f 1887 1863 1888
f 1888 1863 1865
f 1888 1865 1889
f 1889 1865 1867
f 1889 1867 1890
f 1890 1867 1869
f 1890 1869 1891
f 1891 1869 1871
f 1891 1871 1892
f 1892 1871 1873
f 1892 1873 1893
f 1893 1873 1875
f 1893 1875 1894
f 1894 1875 1877
f 1894 1877 1895
f 1895 1877 1879
f 1895 1879 1896
f 1896 1879 1881
f 1896 1881 1897
f 1897 1881 953
f 1897 953 983
f 1898 1883 1884
f 1898 1884 1899
f 1899 1884 1885
f 1899 1885 1900
f 1900 1885 1886
f 1900 1886 1901
f 1901 1886 1887
f 1901 1887 1902
f 1902 1887 1888
f 1902 1888 1903
f 1903 1888 1889
f 1903 1889 1904
f 1904 1889 1890
f 1904 1890 1905
f 1905 1890 1891
f 1905 1891 1906
f 1906 1891 1892
f 1906 1892 1907
f 1907 1892 1893
f 1907 1893 1908
f 1908 1893 1894
f 1908 1894 1909
f 1909 1894 1895
f 1909 1895 1910
f 1910 1895 1896
f 1910 1896 1911
f 1911 1896 1897
f 1911 1897 1912
f 1912 1897 983
f 1912 983 998
f 1913 1898 1899
f 1913 1899 1914
f 1914 1899 1900
f 1914 1900 1915
f 1915 1900 1901
f 1915 1901 1916
f 1916 1901 1902
f 1916 1902 1917
f 1917 1902 1903
f 1917 1903 1918
f 1918 1903 1904
f 1918 1904 1919
f 1919 1904 1905
f 1919 1905 1920
f 1920 1905 1906
f 1920 1906 1921
f 1921 1906 1907
f 1921 1907 1922
f 1922 1907 1908
f 1922 1908 1923
f 1923 1908 1909
f 1923 1909 1924
f 1924 1909 1910
f 1924 1910 1925
f 1925 1910 1911
f 1925 1911 1926
f 1926 1911 1912
f 1926 1912 1927
f 1927 1912 998
f 1927 998 1013
f 1928 1913 1914
f 1928 1914 1929
f 1929 1914 1915
f 1929 1915 1930
f 1930 1915 1916
f 1930 1916 1931
f 1931 1916 1917
f 1931 1917 1932
f 1932 1917 1918
f 1932 1918 1933
f 1933 1918 1919
f 1933 1919 1934
f 1934 1919 1920
f 1934 1920 1935
f 1935 1920 1921
f 1935 1921 1936
f 1936 1921 1922
f 1936 1922 1937
f 1937 1922 1923
f 1937 1923 1938
f 1938 1923 1924
f 1938 1924 1939
f 1939 1924 1925
f 1939 1925 1940
f 1940 1925 1926
f 1940 1926 1941
f 1941 1926 1927
f 1941 1927 1942
f 1942 1927 1013
f 1942 1013 1028
f 1943 1928 1929
f 1943 1929 1944
f 1944 1929 1930
f 1944 1930 1945
f 1945 1930 1931
f 1945 1931 1946
f 1946 1931 1932
f 1946 1932 1947
f 1947 1932 1933
f 1947 1933 1948
f 1948 1933 1934
f 1948 1934 1949
f 1949 1934 1935
f 1949 1935 1950
f 1950 1935 1936
f 1950 1936 1951
f 1951 1936 1937
f 1951 1937 1952
f 1952 1937 1938
f 1952 1938 1953
f 1953 1938 1939
f 1953 1939 1954
f 1954 1939 1940
f 1954 1940 1955
f 1955 1940 1941
f 1955 1941 1956
f 1956 1941 1942
f 1956 1942 1957
f 1957 1942 1028
f 1957 1028 1043
f 1958 1943 1944
f 1958 1944 1959
f 1959 1944 1945
f 1959 1945 1960
f 1960 1945 1946
f 1960 1946 1961
f 1961 1946 1947
f 1961 1947 1962
f 1962 1947 1948
f 1962 1948 1963
f 1963 1948 1949
f 1963 1949 1964
f 1964 1949 1950
f 1964 1950 1965
f 1965 1950 1951
f 1965 1951 1966
f 1966 1951 1952
f 1966 1952 1967
f 1967 1952 1953
f 1967 1953 1968
f 1968 1953 1954
f 1968 1954 1969
f 1969 1954 1955
f 1969 1955 1970
f 1970 1955 1956
f 1970 1956 1971
f 1971 1956 1957
f 1971 1957 1972
f 1972 1957 1043
f 1972 1043 1058
f 1973 1958 1959
f 1973 1959 1974
f 1974 1959 1960
f 1974 1960 1975
f 1975 1960 1961
f 1975 1961 1976
f 1976 1961 1962
f 1976 1962 1977
f 1977 1962 1963
f 1977 1963 1978
f 1978 1963 1964
f 1978 1964 1979
f 1979 1964 1965
f 1979 1965 1980
f 1980 1965 1966
f 1980 1966 1981
f 1981 1966 1967
f 1981 1967 1982
f 1982 1967 1968
f 1982 1968 1983
f 1983 1968 1969
f 1983 1969 1984
f 1984 1969 1970
f 1984 1970 1985
f 1985 1970 1971
f 1985 1971 1986
f 1986 1971 1972
f 1986 1972 1987
f 1987 1972 1058
f 1987 1058 1073
f 1988 1973 1974
f 1988 1974 1989
f 1989 1974 1975
f 1989 1975 1990
f 1990 1975 1976
f 1990 1976 1991
f 1991 1976 1977
f 1991 1977 1992
f 1992 1977 1978
f 1992 1978 1993
f 1993 1978 1979
f 1993 1979 1994
f 1994 1979 1980
f 1994 1980 1995
f 1995 1980 1981
f 1995 1981 1996
f 1996 1981 1982
f 1996 1982 1997
f 1997 1982 1983
f 1997 1983 1998
f 1998 1983 1984
f 1998 1984 1999
f 1999 1984 1985
f 1999 1985 2000
f 2000 1985 1986
f 2000 1986 2001
f 2001 1986 1987
f 2001 1987 2002
f 2002 1987 1073
f 2002 1073 1088
f 2003 1988 1989
f 2003 1989 2004
f 2004 1989 1990
f 2004 1990 2005
f 2005 1990 1991
f 2005 1991 2006
f 2006 1991 1992
f 2006 1992 2007
f 2007 1992 1993
f 2007 1993 2008
f 2008 1993 1994
f 2008 1994 2009
f 2009 1994 1995
f 2009 1995 2010
f 2010 1995 1996
f 2010 1996 2011
f 2011 1996 1997
f 2011 1997 2012
f 2012 1997 1998
f 2012 1998 2013
f 2013 1998 1999
f 2013 1999 2014
f 2014 1999 2000
f 2014 2000 2015
f 2015 2000 2001
f 2015 2001 2016
f 2016 2001 2002
f 2016 2002 2017
f 2017 2002 1088
f 2017 1088 1103
f 2018 2003 2004
f 2018 2004 2019
f 2019 2004 2005
f 2019 2005 2020
f 2020 2005 2006
f 2020 2006 2021
f 2021 2006 2007
f 2021 2007 2022
f 2022 2007 2008
f 2022 2008 2023
f 2023 2008 2009
f 2023 2009 2024
f 2024 2009 2010
f 2024 2010 2025
f 2025 2010 2011
f 2025 2011 2026
f 2026 2011 2012
f 2026 2012 2027
f 2027 2012 2013
f 2027 2013 2028
f 2028 2013 2014
f 2028 2014 2029
f 2029 2014 2015
f 2029 2015 2030
f 2030 2015 2016
f 2030 2016 2031
f 2031 2016 2017
f 2031 2017 2032
f 2032 2017 1103
f 2032 1103 1118
f 2033 2018 2019
f 2033 2019 2034
f 2034 2019 2020
f 2034 2020 2035
f 2035 2020 2021
f 2035 2021 2036
f 2036 2021 2022
f 2036 2022 2037
f 2037 2022 2023
f 2037 2023 2038
f 2038 2023 2024
f 2038 2024 2039
f 2039 2024 2025
f 2039 2025 2040
f 2040 2025 2026
f 2040 2026 2041
f 2041 2026 2027
f 2041 2027 2042
f 2042 2027 2028
f 2042 2028 2043
f 2043 2028 2029
f 2043 2029 2044
f 2044 2029 2030
f 2044 2030 2045
f 2045 2030 2031
f 2045 2031 2046
f 2046 2031 2032
f 2046 2032 2047
f 2047 2032 1118
f 2047 1118 1133
f 2048 2033 2034
f 2048 2034 2049
f 2049 2034 2035
f 2049 2035 2050
f 2050 2035 2036
f 2050 2036 2051
f 2051 2036 2037
f 2051 2037 2052
f 2052 2037 2038
f 2052 2038 2053
f 2053 2038 2039
f 2053 2039 2054
f 2054 2039 2040
f 2054 2040 2055
f 2055 2040 2041
f 2055 2041 2056
f 2056 2041 2042
f 2056 2042 2057
f 2057 2042 2043
f 2057 2043 2058
f 2058 2043 2044
f 2058 2044 2059
f 2059 2044 2045
f 2059 2045 2060
f 2060 2045 2046
f 2060 2046 2061
f 2061 2046 2047
f 2061 2047 2062
f 2062 2047 1133
f 2062 1133 1148
f 2063 2048 2049
f 2063 2049 2064
f 2064 2049 2050
f 2064 2050 2065
f 2065 2050 2051
f 2065 2051 2066
f 2066 2051 2052
f 2066 2052 2067
f 2067 2052 2053
f 2067 2053 2068
f 2068 2053 2054
f 2068 2054 2069
f 2069 2054 2055
f 2069 2055 2070
f 2070 2055 2056
f 2070 2056 2071
f 2071 2056 2057
f 2071 2057 2072
f 2072 2057 2058
f 2072 2058 2073
f 2073 2058 2059
f 2073 2059 2074
f 2074 2059 2060
f 2074 2060 2075
f 2075 2060 2061
f 2075 2061 2076
f 2076 2061 2062
f 2076 2062 2077
f 2077 2062 1148
f 2077 1148 1163
f 2078 2063 2064
f 2078 2064 2079
f 2079 2064 2065
f 2079 2065 2080
f 2080 2065 2066
f 2080 2066 2081
f 2081 2066 2067
f 2081 2067 2082
f 2082 2067 2068
f 2082 2068 2083
f 2083 2068 2069
f 2083 2069 2084
f 2084 2069 2070
f 2084 2070 2085
f 2085 2070 2071
f 2085 2071 2086
f 2086 2071 2072
f 2086 2072 2087
f 2087 2072 2073
f 2087 2073 2088
f 2088 2073 2074
f 2088 2074 2089
f 2089 2074 2075
f 2089 2075 2090
f 2090 2075 2076
f 2090 2076 2091
f 2091 2076 2077
f 2091 2077 2092
f 2092 2077 1163
f 2092 1163 1178
f 2093 2096 2095
f 2093 2095 2094
f 2094 2095 2098
f 2094 2098 2097
f 2097 2098 2100
f 2097 2100 2099
f 2099 2100 2102
f 2099 2102 2101
f 2101 2102 2104
f 2101 2104 2103
f 2103 2104 2106
f 2103 2106 2105
f 2105 2106 2108
f 2105 2108 2107
f 2107 2108 2110
f 2107 2110 2109
f 2109 2110 2112
f 2109 2112 2111
f 2111 2112 2114
f 2111 2114 2113
f 2113 2114 2116
f 2113 2116 2115
f 2115 2116 2118
f 2115 2118 2117
f 2117 2118 2120
f 2117 2120 2119
f 2119 2120 2122
f 2119 2122 2121
f 2121 2122 1196
f 2121 1196 1193
f 2123 2093 2094
f 2123 2094 2124
f 2124 2094 2097
f 2124 2097 2125
f 2125 2097 2099
f 2125 2099 2126
f 2126 2099 2101
f 2126 2101 2127
f 2127 2101 2103
f 2127 2103 2128
f 2128 2103 2105
f 2128 2105 2129
f 2129 2105 2107
f 2129 2107 2130
f 2130 2107 2109
f 2130 2109 2131
f 2131 2109 2111
f 2131 2111 2132
f 2132 2111 2113
f 2132 2113 2133
f 2133 2113 2115
f 2133 2115 2134
f 2134 2115 2117
f 2134 2117 2135
f 2135 2117 2119
f 2135 2119 2136
f 2136 2119 2121
f 2136 2121 2137
f 2137 2121 1193
f 2137 1193 1223
f 2138 2123 2124
f 2138 2124 2139
f 2139 2124 2125
f 2139 2125 2140
f 2140 2125 2126
f 2140 2126 2141
f 2141 2126 2127
f 2141 2127 2142
f 2142 2127 2128
f 2142 2128 2143
f 2143 2128 2129
f 2143 2129 2144
f 2144 2129 2130
f 2144 2130 2145
f 2145 2130 2131
f 2145 2131 2146
f 2146 2131 2132
f 2146 2132 2147
f 2147 2132 2133
f 2147 2133 2148
f 2148 2133 2134
f 2148 2134 2149
f 2149 2134 2135
f 2149 2135 2150
f 2150 2135 2136
f 2150 2136 2151
f 2151 2136 2137
f 2151 2137 2152
f 2152 2137 1223
f 2152 1223 1238
f 2153 2138 2139
f 2153 2139 2154
f 2154 2139 2140
f 2154 2140 2155
f 2155 2140 2141
f 2155 2141 2156
f 2156 2141 2142
f 2156 2142 2157
f 2157 2142 2143
f 2157 2143 2158
f 2158 2143 2144
f 2158 2144 2159
f 2159 2144 2145
f 2159 2145 2160
f 2160 2145 2146
f 2160 2146 2161
f 2161 2146 2147
f 2161 2147 2162
f 2162 2147 2148
f 2162 2148 2163
f 2163 2148 2149
f 2163 2149 2164
f 2164 2149 2150
f 2164 2150 2165
f 2165 2150 2151
f 2165 2151 2166
f 2166 2151 2152
f 2166 2152 2167
f 2167 2152 1238
f 2167 1238 1253
f 2168 2153 2154
f 2168 2154 2169
f 2169 2154 2155
f 2169 2155 2170
f 2170 2155 2156
f 2170 2156 2171
f 2171 2156 2157
f 2171 2157 2172
f 2172 2157 2158
f 2172 2158 2173
f 2173 2158 2159
f 2173 2159 2174
f 2174 2159 2160
f 2174 2160 2175
f 2175 2160 2161
f 2175 2161 2176
f 2176 2161 2162
f 2176 2162 2177
f 2177 2162 2163
f 2177 2163 2178
f 2178 2163 2164
f 2178 2164 2179
f 2179 2164 2165
f 2179 2165 2180
f 2180 2165 2166
f 2180 2166 2181
f 2181 2166 2167
f 2181 2167 2182
f 2182 2167 1253
f 2182 1253 1268
f 2183 2168 2169
f 2183 2169 2184
f 2184 2169 2170
f 2184 2170 2185
f 2185 2170 2171
f 2185 2171 2186
f 2186 2171 2172
f 2186 2172 2187
f 2187 2172 2173
f 2187 2173 2188
f 2188 2173 2174
f 2188 2174 2189
f 2189 2174 2175
f 2189 2175 2190
f 2190 2175 2176
f 2190 2176 2191
f 2191 2176 2177
f 2191 2177 2192
f 2192 2177 2178
f 2192 2178 2193
f 2193 2178 2179
f 2193 2179 2194
f 2194 2179 2180
f 2194 2180 2195
f 2195 2180 2181
f 2195 2181 2196
f 2196 2181 2182
f 2196 2182 2197
f 2197 2182 1268
f 2197 1268 1283
f 2198 2183 2184
f 2198 2184 2199
f 2199 2184 2185
f 2199 2185 2200
f 2200 2185 2186
f 2200 2186 2201
f 2201 2186 2187
f 2201 2187 2202
f 2202 2187 2188
f 2202 2188 2203
f 2203 2188 2189
f 2203 2189 2204
f 2204 2189 2190
f 2204 2190 2205
f 2205 2190 2191
f 2205 2191 2206
f 2206 2191 2192
f 2206 2192 2207
f 2207 2192 2193
f 2207 2193 2208
f 2208 2193 2194
f 2208 2194 2209
f 2209 2194 2195
f 2209 2195 2210
f 2210 2195 2196
f 2210 2196 2211
f 2211 2196 2197
f 2211 2197 2212
f 2212 2197 1283
f 2212 1283 1298
f 2213 2198 2199
f 2213 2199 2214
f 2214 2199 2200
f 2214 2200 2215
f 2215 2200 2201
f 2215 2201 2216
f 2216 2201 2202
f 2216 2202 2217
f 2217 2202 2203
f 2217 2203 2218
f 2218 2203 2204
f 2218 2204 2219
f 2219 2204 2205
f 2219 2205 2220
f 2220 2205 2206
f 2220 2206 2221
f 2221 2206 2207
f 2221 2207 2222
f 2222 2207 2208
f 2222 2208 2223
f 2223 2208 2209
f 2223 2209 2224
f 2224 2209 2210
f 2224 2210 2225
f 2225 2210 2211
f 2225 2211 2226
f 2226 2211 2212
f 2226 2212 2227
f 2227 2212 1298
f 2227 1298 1313
f 2228 2213 2214
f 2228 2214 2229
f 2229 2214 2215
f 2229 2215 2230
f 2230 2215 2216
f 2230 2216 2231
f 2231 2216 2217
f 2231 2217 2232
f 2232 2217 2218
f 2232 2218 2233
f 2233 2218 2219
f 2233 2219 2234
f 2234 2219 2220
f 2234 2220 2235
f 2235 2220 2221
f 2235 2221 2236
f 2236 2221 2222
f 2236 2222 2237
f 2237 2222 2223
f 2237 2223 2238
f 2238 2223 2224
f 2238 2224 2239
f 2239 2224 2225
f 2239 2225 2240
f 2240 2225 2226
f 2240 2226 2241
f 2241 2226 2227
f 2241 2227 2242
f 2242 2227 1313
f 2242 1313 1328
f 2243 2228 2229
f 2243 2229 2244
f 2244 2229 2230
f 2244 2230 2245
f 2245 2230 2231
f 2245 2231 2246
f 2246 2231 2232
f 2246 2232 2247
f 2247 2232 2233
f 2247 2233 2248
f 2248 2233 2234
f 2248 2234 2249
f 2249 2234 2235
f 2249 2235 2250
f 2250 2235 2236
f 2250 2236 2251
f 2251 2236 2237
f 2251 2237 2252
f 2252 2237 2238
f 2252 2238 2253
f 2253 2238 2239
f 2253 2239 2254
f 2254 2239 2240
f 2254 2240 2255
f 2255 2240 2241
f 2255 2241 2256
f 2256 2241 2242
f 2256 2242 2257
f 2257 2242 1328
f 2257 1328 1343
f 2258 2243 2244
f 2258 2244 2259
f 2259 2244 2245
f 2259 2245 2260
f 2260 2245 2246
f 2260 2246 2261
f 2261 2246 2247
f 2261 2247 2262
f 2262 2247 2248
f 2262 2248 2263
f 2263 2248 2249
f 2263 2249 2264
f 2264 2249 2250
f 2264 2250 2265
f 2265 2250 2251
f 2265 2251 2266
f 2266 2251 2252
f 2266 2252 2267
f 2267 2252 2253
f 2267 2253 2268
f 2268 2253 2254
f 2268 2254 2269
f 2269 2254 2255
f 2269 2255 2270
f 2270 2255 2256
f 2270 2256 2271
f 2271 2256 2257
f 2271 2257 2272
f 2272 2257 1343
f 2272 1343 1358
f 2273 2258 2259
f 2273 2259 2274
f 2274 2259 2260
f 2274 2260 2275
f 2275 2260 2261
f 2275 2261 2276
f 2276 2261 2262
f 2276 2262 2277
f 2277 2262 2263
f 2277 2263 2278
f 2278 2263 2264
f 2278 2264 2279
f 2279 2264 2265
f 2279 2265 2280
f 2280 2265 2266
f 2280 2266 2281
f 2281 2266 2267
f 2281 2267 2282
f 2282 2267 2268
f 2282 2268 2283
f 2283 2268 2269
f 2283 2269 2284
f 2284 2269 2270
f 2284 2270 2285
f 2285 2270 2271
f 2285 2271 2286
f 2286 2271 2272
f 2286 2272 2287
f 2287 2272 1358
f 2287 1358 1373
f 2288 2273 2274
f 2288 2274 2289
f 2289 2274 2275
f 2289 2275 2290
f 2290 2275 2276
f 2290 2276 2291
f 2291 2276 2277
f 2291 2277 2292
f 2292 2277 2278
f 2292 2278 2293
f 2293 2278 2279
f 2293 2279 2294
f 2294 2279 2280
f 2294 2280 2295
f 2295 2280 2281
f 2295 2281 2296
f 2296 2281 2282
f 2296 2282 2297
f 2297 2282 2283
f 2297 2283 2298
f 2298 2283 2284
f 2298 2284 2299
f 2299 2284 2285
f 2299 2285 2300
f 2300 2285 2286
f 2300 2286 2301
f 2301 2286 2287
f 2301 2287 2302
f 2302 2287 1373
f 2302 1373 1388
f 2303 2288 2289
f 2303 2289 2304
f 2304 2289 2290
f 2304 2290 2305
f 2305 2290 2291
f 2305 2291 2306
f 2306 2291 2292
f 2306 2292 2307
f 2307 2292 2293
f 2307 2293 2308
f 2308 2293 2294
f 2308 2294 2309
f 2309 2294 2295
f 2309 2295 2310
f 2310 2295 2296
f 2310 2296 2311
f 2311 2296 2297
f 2311 2297 2312
f 2312 2297 2298
f 2312 2298 2313
f 2313 2298 2299
f 2313 2299 2314
f 2314 2299 2300
f 2314 2300 2315
f 2315 2300 2301
f 2315 2301 2316
f 2316 2301 2302
f 2316 2302 2317
f 2317 2302 1388
f 2317 1388 1403
f 1856 2303 2304
f 1856 2304 1855
f 1855 2304 2305
f 1855 2305 1858
f 1858 2305 2306
f 1858 2306 1860
f 1860 2306 2307
f 1860 2307 1862
f 1862 2307 2308
f 1862 2308 1864
f 1864 2308 2309
f 1864 2309 1866
f 1866 2309 2310
f 1866 2310 1868
f 1868 2310 2311
f 1868 2311 1870
f 1870 2311 2312
f 1870 2312 1872
f 1872 2312 2313
f 1872 2313 1874
f 1874 2313 2314
f 1874 2314 1876
f 1876 2314 2315
f 1876 2315 1878
f 1878 2315 2316
f 1878 2316 1880
f 1880 2316 2317
f 1880 2317 1882
f 1882 2317 1403
f 1882 1403 956
f 2318 2321 2320
f 2318 2320 2319
f 2319 2320 2323
f 2319 2323 2322
f 2322 2323 2325
f 2322 2325 2324
f 2324 2325 2327
f 2324 2327 2326
f 2326 2327 2329
f 2326 2329 2328
f 2328 2329 2331
f 2328 2331 2330
f 2330 2331 2333
f 2330 2333 2332
f 2332 2333 2335
f 2332 2335 2334
f 2334 2335 2337
f 2334 2337 2336
f 2336 2337 2339
f 2336 2339 2338
f 2338 2339 2341
f 2338 2341 2340
f 2340 2341 2343
f 2340 2343 2342
f 2342 2343 2345
f 2342 2345 2344
f 2344 2345 2347
f 2344 2347 2346
f 2346 2347 1421
f 2346 1421 1418
f 2348 2318 2319
f 2348 2319 2349
f 2349 2319 2322
f 2349 2322 2350
f 2350 2322 2324
f 2350 2324 2351
f 2351 2324 2326
f 2351 2326 2352
f 2352 2326 2328
f 2352 2328 2353
f 2353 2328 2330
f 2353 2330 2354
f 2354 2330 2332
f 2354 2332 2355
f 2355 2332 2334
f 2355 2334 2356
f 2356 2334 2336
f 2356 2336 2357
f 2357 2336 2338
f 2357 2338 2358
f 2358 2338 2340
f 2358 2340 2359
f 2359 2340 2342
f 2359 2342 2360
f 2360 2342 2344
f 2360 2344 2361
f 2361 2344 2346
f 2361 2346 2362
f 2362 2346 1418
f 2362 1418 1448
f 2363 2348 2349
f 2363 2349 2364
f 2364 2349 2350
f 2364 2350 2365
f 2365 2350 2351
f 2365 2351 2366
f 2366 2351 2352
f 2366 2352 2367
f 2367 2352 2353
f 2367 2353 2368
f 2368 2353 2354
f 2368 2354 2369
f 2369 2354 2355
f 2369 2355 2370
f 2370 2355 2356
f 2370 2356 2371
f 2371 2356 2357
f 2371 2357 2372
f 2372 2357 2358
f 2372 2358 2373
f 2373 2358 2359
f 2373 2359 2374
f 2374 2359 2360
f 2374 2360 2375
f 2375 2360 2361
f 2375 2361 2376
f 2376 2361 2362
f 2376 2362 2377
f 2377 2362 1448
f 2377 1448 1463
f 2378 2363 2364
f 2378 2364 2379
f 2379 2364 2365
f 2379 2365 2380
f 2380 2365 2366
f 2380 2366 2381
f 2381 2366 2367
f 2381 2367 2382
f 2382 2367 2368
f 2382 2368 2383
f 2383 2368 2369
f 2383 2369 2384
f 2384 2369 2370
f 2384 2370 2385
f 2385 2370 2371
f 2385 2371 2386
f 2386 2371 2372
f 2386 2372 2387
f 2387 2372 2373
f 2387 2373 2388
f 2388 2373 2374
f 2388 2374 2389
f 2389 2374 2375
f 2389 2375 2390
f 2390 2375 2376
f 2390 2376 2391
f 2391 2376 2377
f 2391 2377 2392
f 2392 2377 1463
f 2392 1463 1478
f 2393 2378 2379
f 2393 2379 2394
f 2394 2379 2380
f 2394 2380 2395
f 2395 2380 2381
f 2395 2381 2396
f 2396 2381 2382
f 2396 2382 2397
f 2397 2382 2383
f 2397 2383 2398
f 2398 2383 2384
f 2398 2384 2399
f 2399 2384 2385
f 2399 2385 2400
f 2400 2385 2386
f 2400 2386 2401
f 2401 2386 2387
f 2401 2387 2402
f 2402 2387 2388
f 2402 2388 2403
f 2403 2388 2389
f 2403 2389 2404
f 2404 2389 2390
f 2404 2390 2405
f 2405 2390 2391
f 2405 2391 2406
f 2406 2391 2392
f 2406 2392 2407
f 2407 2392 1478
f 2407 1478 1493
f 2408 2393 2394
f 2408 2394 2409
f 2409 2394 2395
f 2409 2395 2410
f 2410 2395 2396
f 2410 2396 2411
f 2411 2396 2397
f 2411 2397 2412
f 2412 2397 2398
f 2412 2398 2413
f 2413 2398 2399
f 2413 2399 2414
f 2414 2399 2400
f 2414 2400 2415
f 2415 2400 2401
f 2415 2401 2416
f 2416 2401 2402
f 2416 2402 2417
f 2417 2402 2403
f 2417 2403 2418
f 2418 2403 2404
f 2418 2404 2419
f 2419 2404 2405
f 2419 2405 2420
f 2420 2405 2406
f 2420 2406 2421
f 2421 2406 2407
f 2421 2407 2422
f 2422 2407 1493
f 2422 1493 1508
f 2423 2408 2409
f 2423 2409 2424
f 2424 2409 2410
f 2424 2410 2425
f 2425 2410 2411
f 2425 2411 2426
f 2426 2411 2412
f 2426 2412 2427
f 2427 2412 2413
f 2427 2413 2428
f 2428 2413 2414
f 2428 2414 2429
f 2429 2414 2415
f 2429 2415 2430
f 2430 2415 2416
f 2430 2416 2431
f 2431 2416 2417
f 2431 2417 2432
f 2432 2417 2418
f 2432 2418 2433
f 2433 2418 2419
f 2433 2419 2434
f 2434 2419 2420
f 2434 2420 2435
f 2435 2420 2421
f 2435 2421 2436
f 2436 2421 2422
f 2436 2422 2437
f 2437 2422 1508
f 2437 1508 1523
f 2438 2423 2424
f 2438 2424 2439
f 2439 2424 2425
f 2439 2425 2440
f 2440 2425 2426
f 2440 2426 2441
f 2441 2426 2427
f 2441 2427 2442
f 2442 2427 2428
f 2442 2428 2443
f 2443 2428 2429
f 2443 2429 2444
f 2444 2429 2430
f 2444 2430 2445
f 2445 2430 2431
f 2445 2431 2446
f 2446 2431 2432
f 2446 2432 2447
f 2447 2432 2433
f 2447 2433 2448
f 2448 2433 2434
f 2448 2434 2449
f 2449 2434 2435
f 2449 2435 2450
f 2450 2435 2436
f 2450 2436 2451
f 2451 2436 2437
f 2451 2437 2452
f 2452 2437 1523
f 2452 1523 1538
f 2453 2438 2439
f 2453 2439 2454
f 2454 2439 2440
f 2454 2440 2455
f 2455 2440 2441
f 2455 2441 2456
f 2456 2441 2442
f 2456 2442 2457
f 2457 2442 2443
f 2457 2443 2458
f 2458 2443 2444
f 2458 2444 2459
f 2459 2444 2445
f 2459 2445 2460
f 2460 2445 2446
f 2460 2446 2461
f 2461 2446 2447
f 2461 2447 2462
f 2462 2447 2448
f 2462 2448 2463
f 2463 2448 2449
f 2463 2449 2464
f 2464 2449 2450
f 2464 2450 2465
f 2465 2450 2451
f 2465 2451 2466
f 2466 2451 2452
f 2466 2452 2467
f 2467 2452 1538
f 2467 1538 1553
f 2468 2453 2454
f 2468 2454 2469
f 2469 2454 2455
f 2469 2455 2470
f 2470 2455 2456
f 2470 2456 2471
f 2471 2456 2457
f 2471 2457 2472
f 2472 2457 2458
f 2472 2458 2473
f 2473 2458 2459
f 2473 2459 2474
f 2474 2459 2460
f 2474 2460 2475
f 2475 2460 2461
f 2475 2461 2476
f 2476 2461 2462
f 2476 2462 2477
f 2477 2462 2463
f 2477 2463 2478
f 2478 2463 2464
f 2478 2464 2479
f 2479 2464 2465
f 2479 2465 2480
f 2480 2465 2466
f 2480 2466 2481
f 2481 2466 2467
f 2481 2467 2482
f 2482 2467 1553
f 2482 1553 1568
f 2483 2468 2469
f 2483 2469 2484
f 2484 2469 2470
f 2484 2470 2485
f 2485 2470 2471
f 2485 2471 2486
f 2486 2471 2472
f 2486 2472 2487
f 2487 2472 2473
f 2487 2473 2488
f 2488 2473 2474
f 2488 2474 2489
f 2489 2474 2475
f 2489 2475 2490
f 2490 2475 2476
f 2490 2476 2491
f 2491 2476 2477
f 2491 2477 2492
f 2492 2477 2478
f 2492 2478 2493
f 2493 2478 2479
f 2493 2479 2494
f 2494 2479 2480
f 2494 2480 2495
f 2495 2480 2481
f 2495 2481 2496
f 2496 2481 2482
f 2496 2482 2497
f 2497 2482 1568
f 2497 1568 1583
f 2498 2483 2484
f 2498 2484 2499
f 2499 2484 2485
f 2499 2485 2500
f 2500 2485 2486
f 2500 2486 2501
f 2501 2486 2487
f 2501 2487 2502
f 2502 2487 2488
f 2502 2488 2503
f 2503 2488 2489
f 2503 2489 2504
f 2504 2489 2490
f 2504 2490 2505
f 2505 2490 2491
f 2505 2491 2506
f 2506 2491 2492
f 2506 2492 2507
f 2507 2492 2493
f 2507 2493 2508
f 2508 2493 2494
f 2508 2494 2509
f 2509 2494 2495
f 2509 2495 2510
f 2510 2495 2496
f 2510 2496 2511
f 2511 2496 2497
f 2511 2497 2512
f 2512 2497 1583
f 2512 1583 1598
f 2513 2498 2499
f 2513 2499 2514
f 2514 2499 2500
f 2514 2500 2515
f 2515 2500 2501
f 2515 2501 2516
f 2516 2501 2502
f 2516 2502 2517
f 2517 2502 2503
f 2517 2503 2518
f 2518 2503 2504
f 2518 2504 2519
f 2519 2504 2505
f 2519 2505 2520
f 2520 2505 2506
f 2520 2506 2521
f 2521 2506 2507
f 2521 2507 2522
f 2522 2507 2508
f 2522 2508 2523
f 2523 2508 2509
f 2523 2509 2524
f 2524 2509 2510
f 2524 2510 2525
f 2525 2510 2511
f 2525 2511 2526
f 2526 2511 2512
f 2526 2512 2527
f 2527 2512 1598
f 2527 1598 1613
f 2528 2513 2514
f 2528 2514 2529
f 2529 2514 2515
f 2529 2515 2530
f 2530 2515 2516
f 2530 2516 2531
f 2531 2516 2517
f 2531 2517 2532
f 2532 2517 2518
f 2532 2518 2533
f 2533 2518 2519
f 2533 2519 2534
f 2534 2519 2520
f 2534 2520 2535
f 2535 2520 2521
f 2535 2521 2536
f 2536 2521 2522
f 2536 2522 2537
f 2537 2522 2523
f 2537 2523 2538
f 2538 2523 2524
f 2538 2524 2539
f 2539 2524 2525
f 2539 2525 2540
f 2540 2525 2526
f 2540 2526 2541
f 2541 2526 2527
f 2541 2527 2542
f 2542 2527 1613
f 2542 1613 1628
f 2096 2528 2529
f 2096 2529 2095
f 2095 2529 2530
f 2095 2530 2098
f 2098 2530 2531
f 2098 2531 2100
f 2100 2531 2532
f 2100 2532 2102
f 2102 2532 2533
f 2102 2533 2104
f 2104 2533 2534
f 2104 2534 2106
f 2106 2534 2535
f 2106 2535 2108
f 2108 2535 2536
f 2108 2536 2110
f 2110 2536 2537
f 2110 2537 2112
f 2112 2537 2538
f 2112 2538 2114
f 2114 2538 2539
f 2114 2539 2116
f 2116 2539 2540
f 2116 2540 2118
f 2118 2540 2541
f 2118 2541 2120
f 2120 2541 2542
f 2120 2542 2122
f 2122 2542 1628
f 2122 1628 1196
f 2543 2078 2079
f 2543 2079 2544
f 2544 2079 2080
f 2544 2080 2545
f 2545 2080 2081
f 2545 2081 2546
f 2546 2081 2082
f 2546 2082 2547
f 2547 2082 2083
f 2547 2083 2548
f 2548 2083 2084
f 2548 2084 2549
f 2549 2084 2085
f 2549 2085 2550
f 2550 2085 2086
f 2550 2086 2551
f 2551 2086 2087
f 2551 2087 2552
f 2552 2087 2088
f 2552 2088 2553
f 2553 2088 2089
f 2553 2089 2554
f 2554 2089 2090
f 2554 2090 2555
f 2555 2090 2091
f 2555 2091 2556
f 2556 2091 2092
f 2556 2092 2557
f 2557 2092 1178
f 2557 1178 1643
f 2558 2543 2544
f 2558 2544 2559
f 2559 2544 2545
f 2559 2545 2560
f 2560 2545 2546
f 2560 2546 2561
f 2561 2546 2547
f 2561 2547 2562
f 2562 2547 2548
f 2562 2548 2563
f 2563 2548 2549
f 2563 2549 2564
f 2564 2549 2550
f 2564 2550 2565
f 2565 2550 2551
f 2565 2551 2566
f 2566 2551 2552
f 2566 2552 2567
f 2567 2552 2553
f 2567 2553 2568
f 2568 2553 2554
f 2568 2554 2569
f 2569 2554 2555
f 2569 2555 2570
f 2570 2555 2556
f 2570 2556 2571
f 2571 2556 2557
f 2571 2557 2572
f 2572 2557 1643
f 2572 1643 1658
f 2573 2558 2559
f 2573 2559 2574
f 2574 2559 2560
f 2574 2560 2575
f 2575 2560 2561
f 2575 2561 2576
f 2576 2561 2562
f 2576 2562 2577
f 2577 2562 2563
f 2577 2563 2578
f 2578 2563 2564
f 2578 2564 2579
f 2579 2564 2565
f 2579 2565 2580
f 2580 2565 2566
f 2580 2566 2581
f 2581 2566 2567
f 2581 2567 2582
f 2582 2567 2568
f 2582 2568 2583
f 2583 2568 2569
f 2583 2569 2584
f 2584 2569 2570
f 2584 2570 2585
f 2585 2570 2571
f 2585 2571 2586
f 2586 2571 2572
f 2586 2572 2587
f 2587 2572 1658
f 2587 1658 1673
f 2588 2573 2574
f 2588 2574 2589
f 2589 2574 2575
f 2589 2575 2590
f 2590 2575 2576
f 2590 2576 2591
f 2591 2576 2577
f 2591 2577 2592
f 2592 2577 2578
f 2592 2578 2593
f 2593 2578 2579
f 2593 2579 2594
f 2594 2579 2580
f 2594 2580 2595
f 2595 2580 2581
f 2595 2581 2596
f 2596 2581 2582
f 2596 2582 2597
f 2597 2582 2583
f 2597 2583 2598
f 2598 2583 2584
f 2598 2584 2599
f 2599 2584 2585
f 2599 2585 2600
f 2600 2585 2586
f 2600 2586 2601
f 2601 2586 2587
f 2601 2587 2602
f 2602 2587 1673
f 2602 1673 1688
f 2603 2588 2589
f 2603 2589 2604
f 2604 2589 2590
f 2604 2590 2605
f 2605 2590 2591
f 2605 2591 2606
f 2606 2591 2592
f 2606 2592 2607
f 2607 2592 2593
f 2607 2593 2608
f 2608 2593 2594
f 2608 2594 2609
f 2609 2594 2595
f 2609 2595 2610
f 2610 2595 2596
f 2610 2596 2611
f 2611 2596 2597
f 2611 2597 2612
f 2612 2597 2598
f 2612 2598 2613
f 2613 2598 2599
f 2613 2599 2614
f 2614 2599 2600
f 2614 2600 2615
f 2615 2600 2601
f 2615 2601 2616
f 2616 2601 2602
f 2616 2602 2617
f 2617 2602 1688
f 2617 1688 1703
f 2618 2603 2604
f 2618 2604 2619
f 2619 2604 2605
f 2619 2605 2620
f 2620 2605 2606
f 2620 2606 2621
f 2621 2606 2607
f 2621 2607 2622
f 2622 2607 2608
f 2622 2608 2623
f 2623 2608 2609
f 2623 2609 2624
f 2624 2609 2610
f 2624 2610 2625
f 2625 2610 2611
f 2625 2611 2626
f 2626 2611 2612
f 2626 2612 2627
f 2627 2612 2613
f 2627 2613 2628
f 2628 2613 2614
f 2628 2614 2629
f 2629 2614 2615
f 2629 2615 2630
f 2630 2615 2616
f 2630 2616 2631
f 2631 2616 2617
f 2631 2617 2632
f 2632 2617 1703
f 2632 1703 1718
f 2633 2618 2619
f 2633 2619 2634
f 2634 2619 2620
f 2634 2620 2635
f 2635 2620 2621
f 2635 2621 2636
f 2636 2621 2622
f 2636 2622 2637
f 2637 2622 2623
f 2637 2623 2638
f 2638 2623 2624
f 2638 2624 2639
f 2639 2624 2625
f 2639 2625 2640
f 2640 2625 2626
f 2640 2626 2641
f 2641 2626 2627
f 2641 2627 2642
f 2642 2627 2628
f 2642 2628 2643
f 2643 2628 2629
f 2643 2629 2644
f 2644 2629 2630
f 2644 2630 2645
f 2645 2630 2631
f 2645 2631 2646
f 2646 2631 2632
f 2646 2632 2647
f 2647 2632 1718
f 2647 1718 1733
f 2648 2633 2634
f 2648 2634 2649
f 2649 2634 2635
f 2649 2635 2650
f 2650 2635 2636
f 2650 2636 2651
f 2651 2636 2637
f 2651 2637 2652
f 2652 2637 2638
f 2652 2638 2653
f 2653 2638 2639
f 2653 2639 2654
f 2654 2639 2640
f 2654 2640 2655
f 2655 2640 2641
f 2655 2641 2656
f 2656 2641 2642
f 2656 2642 2657
f 2657 2642 2643
f 2657 2643 2658
f 2658 2643 2644
f 2658 2644 2659
f 2659 2644 2645
f 2659 2645 2660
f 2660 2645 2646
f 2660 2646 2661
f 2661 2646 2647
f 2661 2647 2662
f 2662 2647 1733
f 2662 1733 1748
f 2663 2648 2649
f 2663 2649 2664
f 2664 2649 2650
f 2664 2650 2665
f 2665 2650 2651
f 2665 2651 2666
f 2666 2651 2652
f 2666 2652 2667
f 2667 2652 2653
f 2667 2653 2668
f 2668 2653 2654
f 2668 2654 2669
f 2669 2654 2655
f 2669 2655 2670
f 2670 2655 2656
f 2670 2656 2671
f 2671 2656 2657
f 2671 2657 2672
f 2672 2657 2658
f 2672 2658 2673
f 2673 2658 2659
f 2673 2659 2674
f 2674 2659 2660
f 2674 2660 2675
f 2675 2660 2661
f 2675 2661 2676
f 2676 2661 2662
f 2676 2662 2677
f 2677 2662 1748
f 2677 1748 1763
f 2678 2663 2664
f 2678 2664 2679
f 2679 2664 2665
f 2679 2665 2680
f 2680 2665 2666
f 2680 2666 2681
f 2681 2666 2667
f 2681 2667 2682
f 2682 2667 2668
f 2682 2668 2683
f 2683 2668 2669
f 2683 2669 2684
f 2684 2669 2670
f 2684 2670 2685
f 2685 2670 2671
f 2685 2671 2686
f 2686 2671 2672
f 2686 2672 2687
f 2687 2672 2673
f 2687 2673 2688
f 2688 2673 2674
f 2688 2674 2689
f 2689 2674 2675
f 2689 2675 2690
f 2690 2675 2676
f 2690 2676 2691
f 2691 2676 2677
f 2691 2677 2692
f 2692 2677 1763
f 2692 1763 1778
f 2693 2678 2679
f 2693 2679 2694
f 2694 2679 2680
f 2694 2680 2695
f 2695 2680 2681
f 2695 2681 2696
f 2696 2681 2682
f 2696 2682 2697
f 2697 2682 2683
f 2697 2683 2698
f 2698 2683 2684
f 2698 2684 2699
f 2699 2684 2685
f 2699 2685 2700
f 2700 2685 2686
f 2700 2686 2701
f 2701 2686 2687
f 2701 2687 2702
f 2702 2687 2688
f 2702 2688 2703
f 2703 2688 2689
f 2703 2689 2704
f 2704 2689 2690
f 2704 2690 2705
f 2705 2690 2691
f 2705 2691 2706
f 2706 2691 2692
f 2706 2692 2707
f 2707 2692 1778
f 2707 1778 1793
f 2708 2693 2694
f 2708 2694 2709
f 2709 2694 2695
f 2709 2695 2710
f 2710 2695 2696
f 2710 2696 2711
f 2711 2696 2697
f 2711 2697 2712
f 2712 2697 2698
f 2712 2698 2713
f 2713 2698 2699
f 2713 2699 2714
f 2714 2699 2700
f 2714 2700 2715
f 2715 2700 2701
f 2715 2701 2716
f 2716 2701 2702
f 2716 2702 2717
f 2717 2702 2703
f 2717 2703 2718
f 2718 2703 2704
f 2718 2704 2719
f 2719 2704 2705
f 2719 2705 2720
f 2720 2705 2706
f 2720 2706 2721
f 2721 2706 2707
f 2721 2707 2722
f 2722 2707 1793
f 2722 1793 1808
f 2723 2708 2709
f 2723 2709 2724
f 2724 2709 2710
f 2724 2710 2725
f 2725 2710 2711
f 2725 2711 2726
f 2726 2711 2712
f 2726 2712 2727
f 2727 2712 2713
f 2727 2713 2728
f 2728 2713 2714
f 2728 2714 2729
f 2729 2714 2715
f 2729 2715 2730
f 2730 2715 2716
f 2730 2716 2731
f 2731 2716 2717
f 2731 2717 2732
f 2732 2717 2718
f 2732 2718 2733
f 2733 2718 2719
f 2733 2719 2734
f 2734 2719 2720
f 2734 2720 2735
f 2735 2720 2721
f 2735 2721 2736
f 2736 2721 2722
f 2736 2722 2737
f 2737 2722 1808
f 2737 1808 1823
f 2738 2723 2724
f 2738 2724 2739
f 2739 2724 2725
f 2739 2725 2740
f 2740 2725 2726
f 2740 2726 2741
f 2741 2726 2727
f 2741 2727 2742
f 2742 2727 2728
f 2742 2728 2743
f 2743 2728 2729
f 2743 2729 2744
f 2744 2729 2730
f 2744 2730 2745
f 2745 2730 2731
f 2745 2731 2746
f 2746 2731 2732
f 2746 2732 2747
f 2747 2732 2733
f 2747 2733 2748
f 2748 2733 2734
f 2748 2734 2749
f 2749 2734 2735
f 2749 2735 2750
f 2750 2735 2736
f 2750 2736 2751
f 2751 2736 2737
f 2751 2737 2752
f 2752 2737 1823
f 2752 1823 1838
f 2321 2738 2739
f 2321 2739 2320
f 2320 2739 2740
f 2320 2740 2323
f 2323 2740 2741
f 2323 2741 2325
f 2325 2741 2742
f 2325 2742 2327
f 2327 2742 2743
f 2327 2743 2329
f 2329 2743 2744
f 2329 2744 2331
f 2331 2744 2745
f 2331 2745 2333
f 2333 2745 2746
f 2333 2746 2335
f 2335 2746 2747
f 2335 2747 2337
f 2337 2747 2748
f 2337 2748 2339
f 2339 2748 2749
f 2339 2749 2341
f 2341 2749 2750
f 2341 2750 2343
f 2343 2750 2751
f 2343 2751 2345
f 2345 2751 2752
f 2345 2752 2347
f 2347 2752 1838
f 2347 1838 1421
f 2755 2754 2753
f 2753 2754 2757
f 2753 2757 2756
f 2756 2757 2759
f 2756 2759 2758
f 2758 2759 2761
f 2758 2761 2760
f 2760 2761 2763
f 2760 2763 2762
f 2762 2763 2765
f 2762 2765 2764
f 2764 2765 2767
f 2764 2767 2766
f 2766 2767 2769
f 2766 2769 2768
f 2768 2769 2771
f 2768 2771 2770
f 2770 2771 2773
f 2770 2773 2772
f 2772 2773 2775
f 2772 2775 2774
f 2774 2775 2777
f 2774 2777 2776
f 2776 2777 2779
f 2776 2779 2778
f 2778 2779 2781
f 2778 2781 2780
f 2780 2781 1856
f 2780 1856 1853
f 2755 2753 2782
f 2782 2753 2756
f 2782 2756 2783
f 2783 2756 2758
f 2783 2758 2784
f 2784 2758 2760
f 2784 2760 2785
f 2785 2760 2762
f 2785 2762 2786
f 2786 2762 2764
f 2786 2764 2787
f 2787 2764 2766
f 2787 2766 2788
f 2788 2766 2768
f 2788 2768 2789
f 2789 2768 2770
f 2789 2770 2790
f 2790 2770 2772
f 2790 2772 2791
f 2791 2772 2774
f 2791 2774 2792
f 2792 2774 2776
f 2792 2776 2793
f 2793 2776 2778
f 2793 2778 2794
f 2794 2778 2780
f 2794 2780 2795
f 2795 2780 1853
f 2795 1853 1883
f 2755 2782 2796
f 2796 2782 2783
f 2796 2783 2797
f 2797 2783 2784
f 2797 2784 2798
f 2798 2784 2785
f 2798 2785 2799
f 2799 2785 2786
f 2799 2786 2800
f 2800 2786 2787
f 2800 2787 2801
f 2801 2787 2788
f 2801 2788 2802
f 2802 2788 2789
f 2802 2789 2803
f 2803 2789 2790
f 2803 2790 2804
f 2804 2790 2791
f 2804 2791 2805
f 2805 2791 2792
f 2805 2792 2806
f 2806 2792 2793
f 2806 2793 2807
f 2807 2793 2794
f 2807 2794 2808
f 2808 2794 2795
f 2808 2795 2809
f 2809 2795 1883
f 2809 1883 1898
f 2755 2796 2810
f 2810 2796 2797
f 2810 2797 2811
f 2811 2797 2798
f 2811 2798 2812
f 2812 2798 2799
f 2812 2799 2813
f 2813 2799 2800
f 2813 2800 2814
f 2814 2800 2801
f 2814 2801 2815
f 2815 2801 2802
f 2815 2802 2816
f 2816 2802 2803
f 2816 2803 2817
f 2817 2803 2804
f 2817 2804 2818
f 2818 2804 2805
f 2818 2805 2819
f 2819 2805 2806
f 2819 2806 2820
f 2820 2806 2807
f 2820 2807 2821
f 2821 2807 2808
f 2821 2808 2822
f 2822 2808 2809
f 2822 2809 2823
f 2823 2809 1898
f 2823 1898 1913
f 2755 2810 2824
f 2824 2810 2811
f 2824 2811 2825
f 2825 2811 2812
f 2825 2812 2826
f 2826 2812 2813
f 2826 2813 2827
f 2827 2813 2814
f 2827 2814 2828
f 2828 2814 2815
f 2828 2815 2829
f 2829 2815 2816
f 2829 2816 2830
f 2830 2816 2817
f 2830 2817 2831
f 2831 2817 2818
f 2831 2818 2832
f 2832 2818 2819
f 2832 2819 2833
f 2833 2819 2820
f 2833 2820 2834
f 2834 2820 2821
f 2834 2821 2835
f 2835 2821 2822
f 2835 2822 2836
f 2836 2822 2823
f 2836 2823 2837
f 2837 2823 1913
f 2837 1913 1928
f 2755 2824 2838
f 2838 2824 2825
f 2838 2825 2839
f 2839 2825 2826
f 2839 2826 2840
f 2840 2826 2827
f 2840 2827 2841
f 2841 2827 2828
f 2841 2828 2842
f 2842 2828 2829
f 2842 2829 2843
f 2843 2829 2830
f 2843 2830 2844
f 2844 2830 2831
f 2844 2831 2845
f 2845 2831 2832
f 2845 2832 2846
f 2846 2832 2833
f 2846 2833 2847
f 2847 2833 2834
f 2847 2834 2848
f 2848 2834 2835
f 2848 2835 2849
f 2849 2835 2836
f 2849 2836 2850
f 2850 2836 2837
f 2850 2837 2851
f 2851 2837 1928
f 2851 1928 1943
f 2755 2838 2852
f 2852 2838 2839
f 2852 2839 2853
f 2853 2839 2840
f 2853 2840 2854
f 2854 2840 2841
f 2854 2841 2855
f 2855 2841 2842
f 2855 2842 2856
f 2856 2842 2843
f 2856 2843 2857
f 2857 2843 2844
f 2857 2844 2858
f 2858 2844 2845
f 2858 2845 2859
f 2859 2845 2846
f 2859 2846 2860
f 2860 2846 2847
f 2860 2847 2861
f 2861 2847 2848
f 2861 2848 2862
f 2862 2848 2849
f 2862 2849 2863
f 2863 2849 2850
f 2863 2850 2864
f 2864 2850 2851
f 2864 2851 2865
f 2865 2851 1943
f 2865 1943 1958
f 2755 2852 2866
f 2866 2852 2853
f 2866 2853 2867
f 2867 2853 2854
f 2867 2854 2868
f 2868 2854 2855
f 2868 2855 2869
f 2869 2855 2856
f 2869 2856 2870
f 2870 2856 2857
f 2870 2857 2871
f 2871 2857 2858
f 2871 2858 2872
f 2872 2858 2859
f 2872 2859 2873
f 2873 2859 2860
f 2873 2860 2874
f 2874 2860 2861
f 2874 2861 2875
f 2875 2861 2862
f 2875 2862 2876
f 2876 2862 2863
f 2876 2863 2877
f 2877 2863 2864
f 2877 2864 2878
f 2878 2864 2865
f 2878 2865 2879
f 2879 2865 1958
f 2879 1958 1973
f 2755 2866 2880
f 2880 2866 2867
f 2880 2867 2881
f 2881 2867 2868
f 2881 2868 2882
f 2882 2868 2869
f 2882 2869 2883
f 2883 2869 2870
f 2883 2870 2884
f 2884 2870 2871
f 2884 2871 2885
f 2885 2871 2872
f 2885 2872 2886
f 2886 2872 2873
f 2886 2873 2887
f 2887 2873 2874
f 2887 2874 2888
f 2888 2874 2875
f 2888 2875 2889
f 2889 2875 2876
f 2889 2876 2890
f 2890 2876 2877
f 2890 2877 2891
f 2891 2877 2878
f 2891 2878 2892
f 2892 2878 2879
f 2892 2879 2893
f 2893 2879 1973
f 2893 1973 1988
f 2755 2880 2894
f 2894 2880 2881
f 2894 2881 2895
f 2895 2881 2882
f 2895 2882 2896
f 2896 2882 2883
f 2896 2883 2897
f 2897 2883 2884
f 2897 2884 2898
f 2898 2884 2885
f 2898 2885 2899
f 2899 2885 2886
f 2899 2886 2900
f 2900 2886 2887
f 2900 2887 2901
f 2901 2887 2888
f 2901 2888 2902
f 2902 2888 2889
f 2902 2889 2903
f 2903 2889 2890
f 2903 2890 2904
f 2904 2890 2891
f 2904 2891 2905
f 2905 2891 2892
f 2905 2892 2906
f 2906 2892 2893
f 2906 2893 2907
f 2907 2893 1988
f 2907 1988 2003
f 2755 2894 2908
f 2908 2894 2895
f 2908 2895 2909
f 2909 2895 2896
f 2909 2896 2910
f 2910 2896 2897
f 2910 2897 2911
f 2911 2897 2898
f 2911 2898 2912
f 2912 2898 2899
f 2912 2899 2913
f 2913 2899 2900
f 2913 2900 2914
f 2914 2900 2901
f 2914 2901 2915
f 2915 2901 2902
f 2915 2902 2916
f 2916 2902 2903
f 2916 2903 2917
f 2917 2903 2904
f 2917 2904 2918
f 2918 2904 2905
f 2918 2905 2919
f 2919 2905 2906
f 2919 2906 2920
f 2920 2906 2907
f 2920 2907 2921
f 2921 2907 2003
f 2921 2003 2018
f 2936 2755 2908
f 2936 2908 2922
f 2922 2908 2909
f 2922 2909 2923
f 2923 2909 2910
f 2923 2910 2924
f 2924 2910 2911
f 2924 2911 2925
f 2925 2911 2912
f 2925 2912 2926
f 2926 2912 2913
f 2926 2913 2927
f 2927 2913 2914
f 2927 2914 2928
f 2928 2914 2915
f 2928 2915 2929
f 2929 2915 2916
f 2929 2916 2930
f 2930 2916 2917
f 2930 2917 2931
f 2931 2917 2918
f 2931 2918 2932
f 2932 2918 2919
f 2932 2919 2933
f 2933 2919 2920
f 2933 2920 2934
f 2934 2920 2921
f 2934 2921 2935
f 2935 2921 2018
f 2935 2018 2033
f 2936 2922 2937
f 2937 2922 2923
f 2937 2923 2938
f 2938 2923 2924
f 2938 2924 2939
f 2939 2924 2925
f 2939 2925 2940
f 2940 2925 2926
f 2940 2926 2941
f 2941 2926 2927
f 2941 2927 2942
f 2942 2927 2928
f 2942 2928 2943
f 2943 2928 2929
f 2943 2929 2944
f 2944 2929 2930
f 2944 2930 2945
f 2945 2930 2931
f 2945 2931 2946
f 2946 2931 2932
f 2946 2932 2947
f 2947 2932 2933
f 2947 2933 2948
f 2948 2933 2934
f 2948 2934 2949
f 2949 2934 2935
f 2949 2935 2950
f 2950 2935 2033
f 2950 2033 2048
f 2951 2936 2937
f 2951 2937 2952
f 2952 2937 2938
f 2952 2938 2953
f 2953 2938 2939
f 2953 2939 2954
f 2954 2939 2940
f 2954 2940 2955
f 2955 2940 2941
f 2955 2941 2956
f 2956 2941 2942
f 2956 2942 2957
f 2957 2942 2943
f 2957 2943 2958
f 2958 2943 2944
f 2958 2944 2959
f 2959 2944 2945
f 2959 2945 2960
f 2960 2945 2946
f 2960 2946 2961
f 2961 2946 2947
f 2961 2947 2962
f 2962 2947 2948
f 2962 2948 2963
f 2963 2948 2949
f 2963 2949 2964
f 2964 2949 2950
f 2964 2950 2965
f 2965 2950 2048
f 2965 2048 2063
f 2966 2951 2952
f 2966 2952 2967
f 2967 2952 2953
f 2967 2953 2968
f 2968 2953 2954
f 2968 2954 2969
f 2969 2954 2955
f 2969 2955 2970
f 2970 2955 2956
f 2970 2956 2971
f 2971 2956 2957
f 2971 2957 2972
f 2972 2957 2958
f 2972 2958 2973
f 2973 2958 2959
f 2973 2959 2974
f 2974 2959 2960
f 2974 2960 2975
f 2975 2960 2961
f 2975 2961 2976
f 2976 2961 2962
f 2976 2962 2977
f 2977 2962 2963
f 2977 2963 2978
f 2978 2963 2964
f 2978 2964 2979
f 2979 2964 2965
f 2979 2965 2980
f 2980 2965 2063
f 2980 2063 2078
f 2981 3406 2983
f 2981 2983 2982
f 2982 2983 2985
f 2982 2985 2984
f 2984 2985 2987
f 2984 2987 2986
f 2986 2987 2989
f 2986 2989 2988
f 2988 2989 2991
f 2988 2991 2990
f 2990 2991 2993
f 2990 2993 2992
f 2992 2993 2995
f 2992 2995 2994
f 2994 2995 2997
f 2994 2997 2996
f 2996 2997 2999
f 2996 2999 2998
f 2998 2999 3001
f 2998 3001 3000
f 3000 3001 3003
f 3000 3003 3002
f 3002 3003 3005
f 3002 3005 3004
f 3004 3005 3007
f 3004 3007 3006
f 3006 3007 3009
f 3006 3009 3008
f 3008 3009 2096
f 3008 2096 2093
f 3010 2981 2982
f 3010 2982 3011
f 3011 2982 2984
f 3011 2984 3012
f 3012 2984 2986
f 3012 2986 3013
f 3013 2986 2988
f 3013 2988 3014
f 3014 2988 2990
f 3014 2990 3015
f 3015 2990 2992
f 3015 2992 3016
f 3016 2992 2994
f 3016 2994 3017
f 3017 2994 2996
f 3017 2996 3018
f 3018 2996 2998
f 3018 2998 3019
f 3019 2998 3000
f 3019 3000 3020
f 3020 3000 3002
f 3020 3002 3021
f 3021 3002 3004
f 3021 3004 3022
f 3022 3004 3006
f 3022 3006 3023
f 3023 3006 3008
f 3023 3008 3024
f 3024 3008 2093
f 3024 2093 2123
f 3025 3010 3011
f 3025 3011 3026
f 3026 3011 3012
f 3026 3012 3027
f 3027 3012 3013
f 3027 3013 3028
f 3028 3013 3014
f 3028 3014 3029
f 3029 3014 3015
f 3029 3015 3030
f 3030 3015 3016
f 3030 3016 3031
f 3031 3016 3017
f 3031 3017 3032
f 3032 3017 3018
f 3032 3018 3033
f 3033 3018 3019
f 3033 3019 3034
f 3034 3019 3020
f 3034 3020 3035
f 3035 3020 3021
f 3035 3021 3036
f 3036 3021 3022
f 3036 3022 3037
f 3037 3022 3023
f 3037 3023 3038
f 3038 3023 3024
f 3038 3024 3039
f 3039 3024 2123
f 3039 2123 2138
f 3040 3025 3026
f 3040 3026 3041
f 3041 3026 3027
f 3041 3027 3042
f 3042 3027 3028
f 3042 3028 3043
f 3043 3028 3029
f 3043 3029 3044
f 3044 3029 3030
f 3044 3030 3045
f 3045 3030 3031
f 3045 3031 3046
f 3046 3031 3032
f 3046 3032 3047
f 3047 3032 3033
f 3047 3033 3048
f 3048 3033 3034
f 3048 3034 3049
f 3049 3034 3035
f 3049 3035 3050
f 3050 3035 3036
f 3050 3036 3051
f 3051 3036 3037
f 3051 3037 3052
f 3052 3037 3038
f 3052 3038 3053
f 3053 3038 3039
f 3053 3039 3054
f 3054 3039 2138
f 3054 2138 2153
f 3055 3040 3041
f 3055 3041 3056
f 3056 3041 3042
f 3056 3042 3057
f 3057 3042 3043
f 3057 3043 3058
f 3058 3043 3044
f 3058 3044 3059
f 3059 3044 3045
f 3059 3045 3060
f 3060 3045 3046
f 3060 3046 3061
f 3061 3046 3047
f 3061 3047 3062
f 3062 3047 3048
f 3062 3048 3063
f 3063 3048 3049
f 3063 3049 3064
f 3064 3049 3050
f 3064 3050 3065
f 3065 3050 3051
f 3065 3051 3066
f 3066 3051 3052
f 3066 3052 3067
f 3067 3052 3053
f 3067 3053 3068
f 3068 3053 3054
f 3068 3054 3069
f 3069 3054 2153
f 3069 2153 2168
f 3070 3055 3056
f 3070 3056 3071
f 3071 3056 3057
f 3071 3057 3072
f 3072 3057 3058
f 3072 3058 3073
f 3073 3058 3059
f 3073 3059 3074
f 3074 3059 3060
f 3074 3060 3075
f 3075 3060 3061
f 3075 3061 3076
f 3076 3061 3062
f 3076 3062 3077
f 3077 3062 3063
f 3077 3063 3078
f 3078 3063 3064
f 3078 3064 3079
f 3079 3064 3065
f 3079 3065 3080
f 3080 3065 3066
f 3080 3066 3081
f 3081 3066 3067
f 3081 3067 3082
f 3082 3067 3068
f 3082 3068 3083
f 3083 3068 3069
f 3083 3069 3084
f 3084 3069 2168
f 3084 2168 2183
f 3085 3070 3071
f 3085 3071 3086
f 3086 3071 3072
f 3086 3072 3087
f 3087 3072 3073
f 3087 3073 3088
f 3088 3073 3074
f 3088 3074 3089
f 3089 3074 3075
f 3089 3075 3090
f 3090 3075 3076
f 3090 3076 3091
f 3091 3076 3077
f 3091 3077 3092
f 3092 3077 3078
f 3092 3078 3093
f 3093 3078 3079
f 3093 3079 3094
f 3094 3079 3080
f 3094 3080 3095
f 3095 3080 3081
f 3095 3081 3096
f 3096 3081 3082
f 3096 3082 3097
f 3097 3082 3083
f 3097 3083 3098
f 3098 3083 3084
f 3098 3084 3099
f 3099 3084 2183
f 3099 2183 2198
f 3100 3085 3086
f 3100 3086 3101
f 3101 3086 3087
f 3101 3087 3102
f 3102 3087 3088
f 3102 3088 3103
f 3103 3088 3089
f 3103 3089 3104
f 3104 3089 3090
f 3104 3090 3105
f 3105 3090 3091
f 3105 3091 3106
f 3106 3091 3092
f 3106 3092 3107
f 3107 3092 3093
f 3107 3093 3108
f 3108 3093 3094
f 3108 3094 3109
f 3109 3094 3095
f 3109 3095 3110
f 3110 3095 3096
f 3110 3096 3111
f 3111 3096 3097
f 3111 3097 3112
f 3112 3097 3098
f 3112 3098 3113
f 3113 3098 3099
f 3113 3099 3114
f 3114 3099 2198
f 3114 2198 2213
f 3115 3100 3101
f 3115 3101 3116
f 3116 3101 3102
f 3116 3102 3117
f 3117 3102 3103
f 3117 3103 3118
f 3118 3103 3104
f 3118 3104 3119
f 3119 3104 3105
f 3119 3105 3120
f 3120 3105 3106
f 3120 3106 3121
f 3121 3106 3107
f 3121 3107 3122
f 3122 3107 3108
f 3122 3108 3123
f 3123 3108 3109
f 3123 3109 3124
f 3124 3109 3110
f 3124 3110 3125
f 3125 3110 3111
f 3125 3111 3126
f 3126 3111 3112
f 3126 3112 3127
f 3127 3112 3113
f 3127 3113 3128
f 3128 3113 3114
f 3128 3114 3129
f 3129 3114 2213
f 3129 2213 2228
f 3130 3115 3116
f 3130 3116 3131
f 3131 3116 3117
f 3131 3117 3132
f 3132 3117 3118
f 3132 3118 3133
f 3133 3118 3119
f 3133 3119 3134
f 3134 3119 3120
f 3134 3120 3135
f 3135 3120 3121
f 3135 3121 3136
f 3136 3121 3122
f 3136 3122 3137
f 3137 3122 3123
f 3137 3123 3138
f 3138 3123 3124
f 3138 3124 3139
f 3139 3124 3125
f 3139 3125 3140
f 3140 3125 3126
f 3140 3126 3141
f 3141 3126 3127
f 3141 3127 3142
f 3142 3127 3128
f 3142 3128 3143
f 3143 3128 3129
f 3143 3129 3144
f 3144 3129 2228
f 3144 2228 2243
f 3145 3130 3131
f 3145 3131 3146
f 3146 3131 3132
f 3146 3132 3147
f 3147 3132 3133
f 3147 3133 3148
f 3148 3133 3134
f 3148 3134 3149
f 3149 3134 3135
f 3149 3135 3150
f 3150 3135 3136
f 3150 3136 3151
f 3151 3136 3137
f 3151 3137 3152
f 3152 3137 3138
f 3152 3138 3153
f 3153 3138 3139
f 3153 3139 3154
f 3154 3139 3140
f 3154 3140 3155
f 3155 3140 3141
f 3155 3141 3156
f 3156 3141 3142
f 3156 3142 3157
f 3157 3142 3143
f 3157 3143 3158
f 3158 3143 3144
f 3158 3144 3159
f 3159 3144 2243
f 3159 2243 2258
f 3160 3145 3146
f 3160 3146 3161
f 3161 3146 3147
f 3161 3147 3162
f 3162 3147 3148
f 3162 3148 3163
f 3163 3148 3149
f 3163 3149 3164
f 3164 3149 3150
f 3164 3150 3165
f 3165 3150 3151
f 3165 3151 3166
f 3166 3151 3152
f 3166 3152 3167
f 3167 3152 3153
f 3167 3153 3168
f 3168 3153 3154
f 3168 3154 3169
f 3169 3154 3155
f 3169 3155 3170
f 3170 3155 3156
f 3170 3156 3171
f 3171 3156 3157
f 3171 3157 3172
f 3172 3157 3158
f 3172 3158 3173
f 3173 3158 3159
f 3173 3159 3174
f 3174 3159 2258
f 3174 2258 2273
f 3175 3160 3161
f 3175 3161 3176
f 3176 3161 3162
f 3176 3162 3177
f 3177 3162 3163
f 3177 3163 3178
f 3178 3163 3164
f 3178 3164 3179
f 3179 3164 3165
f 3179 3165 3180
f 3180 3165 3166
f 3180 3166 3181
f 3181 3166 3167
f 3181 3167 3182
f 3182 3167 3168
f 3182 3168 3183
f 3183 3168 3169
f 3183 3169 3184
f 3184 3169 3170
f 3184 3170 3185
f 3185 3170 3171
f 3185 3171 3186
f 3186 3171 3172
f 3186 3172 3187
f 3187 3172 3173
f 3187 3173 3188
f 3188 3173 3174
f 3188 3174 3189
f 3189 3174 2273
f 3189 2273 2288
f 3190 3175 3176
f 3190 3176 3191
f 3191 3176 3177
f 3191 3177 3192
f 3192 3177 3178
f 3192 3178 3193
f 3193 3178 3179
f 3193 3179 3194
f 3194 3179 3180
f 3194 3180 3195
f 3195 3180 3181
f 3195 3181 3196
f 3196 3181 3182
f 3196 3182 3197
f 3197 3182 3183
f 3197 3183 3198
f 3198 3183 3184
f 3198 3184 3199
f 3199 3184 3185
f 3199 3185 3200
f 3200 3185 3186
f 3200 3186 3201
f 3201 3186 3187
f 3201 3187 3202
f 3202 3187 3188
f 3202 3188 3203
f 3203 3188 3189
f 3203 3189 3204
f 3204 3189 2288
f 3204 2288 2303
f 2755 3190 3191
f 2755 3191 2754
f 2754 3191 3192
f 2754 3192 2757
f 2757 3192 3193
f 2757 3193 2759
f 2759 3193 3194
f 2759 3194 2761
f 2761 3194 3195
f 2761 3195 2763
f 2763 3195 3196
f 2763 3196 2765
f 2765 3196 3197
f 2765 3197 2767
f 2767 3197 3198
f 2767 3198 2769
f 2769 3198 3199
f 2769 3199 2771
f 2771 3199 3200
f 2771 3200 2773
f 2773 3200 3201
f 2773 3201 2775
f 2775 3201 3202
f 2775 3202 2777
f 2777 3202 3203
f 2777 3203 2779
f 2779 3203 3204
f 2779 3204 2781
f 2781 3204 2303
f 2781 2303 1856
f 3207 3206 3205
f 3205 3206 3209
f 3205 3209 3208
f 3208 3209 3211
f 3208 3211 3210
f 3210 3211 3213
f 3210 3213 3212
f 3212 3213 3215
f 3212 3215 3214
f 3214 3215 3217
f 3214 3217 3216
f 3216 3217 3219
f 3216 3219 3218
f 3218 3219 3221
f 3218 3221 3220
f 3220 3221 3223
f 3220 3223 3222
f 3222 3223 3225
f 3222 3225 3224
f 3224 3225 3227
f 3224 3227 3226
f 3226 3227 3229
f 3226 3229 3228
f 3228 3229 3231
f 3228 3231 3230
f 3230 3231 3233
f 3230 3233 3232
f 3232 3233 2321
f 3232 2321 2318
f 3207 3205 3234
f 3234 3205 3208
f 3234 3208 3235
f 3235 3208 3210
f 3235 3210 3236
f 3236 3210 3212
f 3236 3212 3237
f 3237 3212 3214
f 3237 3214 3238
f 3238 3214 3216
f 3238 3216 3239
f 3239 3216 3218
f 3239 3218 3240
f 3240 3218 3220
f 3240 3220 3241
f 3241 3220 3222
f 3241 3222 3242
f 3242 3222 3224
f 3242 3224 3243
f 3243 3224 3226
f 3243 3226 3244
f 3244 3226 3228
f 3244 3228 3245
f 3245 3228 3230
f 3245 3230 3246
f 3246 3230 3232
f 3246 3232 3247
f 3247 3232 2318
f 3247 2318 2348
f 3207 3234 3248
f 3248 3234 3235
f 3248 3235 3249
f 3249 3235 3236
f 3249 3236 3250
f 3250 3236 3237
f 3250 3237 3251
f 3251 3237 3238
f 3251 3238 3252
f 3252 3238 3239
f 3252 3239 3253
f 3253 3239 3240
f 3253 3240 3254
f 3254 3240 3241
f 3254 3241 3255
f 3255 3241 3242
f 3255 3242 3256
f 3256 3242 3243
f 3256 3243 3257
f 3257 3243 3244
f 3257 3244 3258
f 3258 3244 3245
f 3258 3245 3259
f 3259 3245 3246
f 3259 3246 3260
f 3260 3246 3247
f 3260 3247 3261
f 3261 3247 2348
f 3261 2348 2363
f 3262 3207 3248
f 3262 3248 3263
f 3263 3248 3249
f 3263 3249 3264
f 3264 3249 3250
f 3264 3250 3265
f 3265 3250 3251
f 3265 3251 3266
f 3266 3251 3252
f 3266 3252 3267
f 3267 3252 3253
f 3267 3253 3268
f 3268 3253 3254
f 3268 3254 3269
f 3269 3254 3255
f 3269 3255 3270
f 3270 3255 3256
f 3270 3256 3271
f 3271 3256 3257
f 3271 3257 3272
f 3272 3257 3258
f 3272 3258 3273
f 3273 3258 3259
f 3273 3259 3274
f 3274 3259 3260
f 3274 3260 3275
f 3275 3260 3261
f 3275 3261 3276
f 3276 3261 2363
f 3276 2363 2378
f 3291 3262 3263
f 3291 3263 3277
f 3277 3263 3264
f 3277 3264 3278
f 3278 3264 3265
f 3278 3265 3279
f 3279 3265 3266
f 3279 3266 3280
f 3280 3266 3267
f 3280 3267 3281
f 3281 3267 3268
f 3281 3268 3282
f 3282 3268 3269
f 3282 3269 3283
f 3283 3269 3270
f 3283 3270 3284
f 3284 3270 3271
f 3284 3271 3285
f 3285 3271 3272
f 3285 3272 3286
f 3286 3272 3273
f 3286 3273 3287
f 3287 3273 3274
f 3287 3274 3288
f 3288 3274 3275
f 3288 3275 3289
f 3289 3275 3276
f 3289 3276 3290
f 3290 3276 2378
f 3290 2378 2393
f 3291 3277 3292
f 3292 3277 3278
f 3292 3278 3293
f 3293 3278 3279
f 3293 3279 3294
f 3294 3279 3280
f 3294 3280 3295
f 3295 3280 3281
f 3295 3281 3296
f 3296 3281 3282
f 3296 3282 3297
f 3297 3282 3283
f 3297 3283 3298
f 3298 3283 3284
f 3298 3284 3299
f 3299 3284 3285
f 3299 3285 3300
f 3300 3285 3286
f 3300 3286 3301
f 3301 3286 3287
f 3301 3287 3302
f 3302 3287 3288
f 3302 3288 3303
f 3303 3288 3289
f 3303 3289 3304
f 3304 3289 3290
f 3304 3290 3305
f 3305 3290 2393
f 3305 2393 2408
f 3291 3292 3306
f 3306 3292 3293
f 3306 3293 3307
f 3307 3293 3294
f 3307 3294 3308
f 3308 3294 3295
f 3308 3295 3309
f 3309 3295 3296
f 3309 3296 3310
f 3310 3296 3297
f 3310 3297 3311
f 3311 3297 3298
f 3311 3298 3312
f 3312 3298 3299
f 3312 3299 3313
f 3313 3299 3300
f 3313 3300 3314
f 3314 3300 3301
f 3314 3301 3315
f 3315 3301 3302
f 3315 3302 3316
f 3316 3302 3303
f 3316 3303 3317
f 3317 3303 3304
f 3317 3304 3318
f 3318 3304 3305
f 3318 3305 3319
f 3319 3305 2408
f 3319 2408 2423
f 3334 3291 3306
f 3334 3306 3320
f 3320 3306 3307
f 3320 3307 3321
f 3321 3307 3308
f 3321 3308 3322
f 3322 3308 3309
f 3322 3309 3323
f 3323 3309 3310
f 3323 3310 3324
f 3324 3310 3311
f 3324 3311 3325
f 3325 3311 3312
f 3325 3312 3326
f 3326 3312 3313
f 3326 3313 3327
f 3327 3313 3314
f 3327 3314 3328
f 3328 3314 3315
f 3328 3315 3329
f 3329 3315 3316
f 3329 3316 3330
f 3330 3316 3317
f 3330 3317 3331
f 3331 3317 3318
f 3331 3318 3332
f 3332 3318 3319
f 3332 3319 3333
f 3333 3319 2423
f 3333 2423 2438
f 3334 3320 3335
f 3335 3320 3321
f 3335 3321 3336
f 3336 3321 3322
f 3336 3322 3337
f 3337 3322 3323
f 3337 3323 3338
f 3338 3323 3324
f 3338 3324 3339
f 3339 3324 3325
f 3339 3325 3340
f 3340 3325 3326
f 3340 3326 3341
f 3341 3326 3327
f 3341 3327 3342
f 3342 3327 3328
f 3342 3328 3343
f 3343 3328 3329
f 3343 3329 3344
f 3344 3329 3330
f 3344 3330 3345
f 3345 3330 3331
f 3345 3331 3346
f 3346 3331 3332
f 3346 3332 3347
f 3347 3332 3333
f 3347 3333 3348
f 3348 3333 2438
f 3348 2438 2453
f 3334 3335 3349
f 3349 3335 3336
f 3349 3336 3350
f 3350 3336 3337
f 3350 3337 3351
f 3351 3337 3338
f 3351 3338 3352
f 3352 3338 3339
f 3352 3339 3353
f 3353 3339 3340
f 3353 3340 3354
f 3354 3340 3341
f 3354 3341 3355
f 3355 3341 3342
f 3355 3342 3356
f 3356 3342 3343
f 3356 3343 3357
f 3357 3343 3344
f 3357 3344 3358
f 3358 3344 3345
f 3358 3345 3359
f 3359 3345 3346
f 3359 3346 3360
f 3360 3346 3347
f 3360 3347 3361
f 3361 3347 3348
f 3361 3348 3362
f 3362 3348 2453
f 3362 2453 2468
f 3363 3334 3349
f 3363 3349 3364
f 3364 3349 3350
f 3364 3350 3365
f 3365 3350 3351
f 3365 3351 3366
f 3366 3351 3352
f 3366 3352 3367
f 3367 3352 3353
f 3367 3353 3368
f 3368 3353 3354
f 3368 3354 3369
f 3369 3354 3355
f 3369 3355 3370
f 3370 3355 3356
f 3370 3356 3371
f 3371 3356 3357
f 3371 3357 3372
f 3372 3357 3358
f 3372 3358 3373
f 3373 3358 3359
f 3373 3359 3374
f 3374 3359 3360
f 3374 3360 3375
f 3375 3360 3361
f 3375 3361 3376
f 3376 3361 3362
f 3376 3362 3377
f 3377 3362 2468
f 3377 2468 2483
f 3363 3364 3378
f 3378 3364 3365
f 3378 3365 3379
f 3379 3365 3366
f 3379 3366 3380
f 3380 3366 3367
f 3380 3367 3381
f 3381 3367 3368
f 3381 3368 3382
f 3382 3368 3369
f 3382 3369 3383
f 3383 3369 3370
f 3383 3370 3384
f 3384 3370 3371
f 3384 3371 3385
f 3385 3371 3372
f 3385 3372 3386
f 3386 3372 3373
f 3386 3373 3387
f 3387 3373 3374
f 3387 3374 3388
f 3388 3374 3375
f 3388 3375 3389
f 3389 3375 3376
f 3389 3376 3390
f 3390 3376 3377
f 3390 3377 3391
f 3391 3377 2483
f 3391 2483 2498
f 3363 3378 3392
f 3392 3378 3379
f 3392 3379 3393
f 3393 3379 3380
f 3393 3380 3394
f 3394 3380 3381
f 3394 3381 3395
f 3395 3381 3382
f 3395 3382 3396
f 3396 3382 3383
f 3396 3383 3397
f 3397 3383 3384
f 3397 3384 3398
f 3398 3384 3385
f 3398 3385 3399
f 3399 3385 3386
f 3399 3386 3400
f 3400 3386 3387
f 3400 3387 3401
f 3401 3387 3388
f 3401 3388 3402
f 3402 3388 3389
f 3402 3389 3403
f 3403 3389 3390
f 3403 3390 3404
f 3404 3390 3391
f 3404 3391 3405
f 3405 3391 2498
f 3405 2498 2513
f 3406 3363 3392
f 3406 3392 3407
f 3407 3392 3393
f 3407 3393 3408
f 3408 3393 3394
f 3408 3394 3409
f 3409 3394 3395
f 3409 3395 3410
f 3410 3395 3396
f 3410 3396 3411
f 3411 3396 3397
f 3411 3397 3412
f 3412 3397 3398
f 3412 3398 3413
f 3413 3398 3399
f 3413 3399 3414
f 3414 3399 3400
f 3414 3400 3415
f 3415 3400 3401
f 3415 3401 3416
f 3416 3401 3402
f 3416 3402 3417
f 3417 3402 3403
f 3417 3403 3418
f 3418 3403 3404
f 3418 3404 3419
f 3419 3404 3405
f 3419 3405 3420
f 3420 3405 2513
f 3420 2513 2528
f 3406 3407 2983
f 2983 3407 3408
f 2983 3408 2985
f 2985 3408 3409
f 2985 3409 2987
f 2987 3409 3410
f 2987 3410 2989
f 2989 3410 3411
f 2989 3411 2991
f 2991 3411 3412
f 2991 3412 2993
f 2993 3412 3413
f 2993 3413 2995
f 2995 3413 3414
f 2995 3414 2997
f 2997 3414 3415
f 2997 3415 2999
f 2999 3415 3416
f 2999 3416 3001
f 3001 3416 3417
f 3001 3417 3003
f 3003 3417 3418
f 3003 3418 3005
f 3005 3418 3419
f 3005 3419 3007
f 3007 3419 3420
f 3007 3420 3009
f 3009 3420 2528
f 3009 2528 2096
f 3421 2966 2967
f 3421 2967 3422
f 3422 2967 2968
f 3422 2968 3423
f 3423 2968 2969
f 3423 2969 3424
f 3424 2969 2970
f 3424 2970 3425
f 3425 2970 2971
f 3425 2971 3426
f 3426 2971 2972
f 3426 2972 3427
f 3427 2972 2973
f 3427 2973 3428
f 3428 2973 2974
f 3428 2974 3429
f 3429 2974 2975
f 3429 2975 3430
f 3430 2975 2976
f 3430 2976 3431
f 3431 2976 2977
f 3431 2977 3432
f 3432 2977 2978
f 3432 2978 3433
f 3433 2978 2979
f 3433 2979 3434
f 3434 2979 2980
f 3434 2980 3435
f 3435 2980 2078
f 3435 2078 2543
f 3436 3421 3422
f 3436 3422 3437
f 3437 3422 3423
f 3437 3423 3438
f 3438 3423 3424
f 3438 3424 3439
f 3439 3424 3425
f 3439 3425 3440
f 3440 3425 3426
f 3440 3426 3441
f 3441 3426 3427
f 3441 3427 3442
f 3442 3427 3428
f 3442 3428 3443
f 3443 3428 3429
f 3443 3429 3444
f 3444 3429 3430
f 3444 3430 3445
f 3445 3430 3431
f 3445 3431 3446
f 3446 3431 3432
f 3446 3432 3447
f 3447 3432 3433
f 3447 3433 3448
f 3448 3433 3434
f 3448 3434 3449
f 3449 3434 3435
f 3449 3435 3450
f 3450 3435 2543
f 3450 2543 2558
f 3451 3436 3437
f 3451 3437 3452
f 3452 3437 3438
f 3452 3438 3453
f 3453 3438 3439
f 3453 3439 3454
f 3454 3439 3440
f 3454 3440 3455
f 3455 3440 3441
f 3455 3441 3456
f 3456 3441 3442
f 3456 3442 3457
f 3457 3442 3443
f 3457 3443 3458
f 3458 3443 3444
f 3458 3444 3459
f 3459 3444 3445
f 3459 3445 3460
f 3460 3445 3446
f 3460 3446 3461
f 3461 3446 3447
f 3461 3447 3462
f 3462 3447 3448
f 3462 3448 3463
f 3463 3448 3449
f 3463 3449 3464
f 3464 3449 3450
f 3464 3450 3465
f 3465 3450 2558
f 3465 2558 2573
f 3466 3451 3452
f 3466 3452 3467
f 3467 3452 3453
f 3467 3453 3468
f 3468 3453 3454
f 3468 3454 3469
f 3469 3454 3455
f 3469 3455 3470
f 3470 3455 3456
f 3470 3456 3471
f 3471 3456 3457
f 3471 3457 3472
f 3472 3457 3458
f 3472 3458 3473
f 3473 3458 3459
f 3473 3459 3474
f 3474 3459 3460
f 3474 3460 3475
f 3475 3460 3461
f 3475 3461 3476
f 3476 3461 3462
f 3476 3462 3477
f 3477 3462 3463
f 3477 3463 3478
f 3478 3463 3464
f 3478 3464 3479
f 3479 3464 3465
f 3479 3465 3480
f 3480 3465 2573
f 3480 2573 2588
f 3481 3466 3467
f 3481 3467 3482
f 3482 3467 3468
f 3482 3468 3483
f 3483 3468 3469
f 3483 3469 3484
f 3484 3469 3470
f 3484 3470 3485
f 3485 3470 3471
f 3485 3471 3486
f 3486 3471 3472
f 3486 3472 3487
f 3487 3472 3473
f 3487 3473 3488
f 3488 3473 3474
f 3488 3474 3489
f 3489 3474 3475
f 3489 3475 3490
f 3490 3475 3476
f 3490 3476 3491
f 3491 3476 3477
f 3491 3477 3492
f 3492 3477 3478
f 3492 3478 3493
f 3493 3478 3479
f 3493 3479 3494
f 3494 3479 3480
f 3494 3480 3495
f 3495 3480 2588
f 3495 2588 2603
f 3496 3481 3482
f 3496 3482 3497
f 3497 3482 3483
f 3497 3483 3498
f 3498 3483 3484
f 3498 3484 3499
f 3499 3484 3485
f 3499 3485 3500
f 3500 3485 3486
f 3500 3486 3501
f 3501 3486 3487
f 3501 3487 3502
f 3502 3487 3488
f 3502 3488 3503
f 3503 3488 3489
f 3503 3489 3504
f 3504 3489 3490
f 3504 3490 3505
f 3505 3490 3491
f 3505 3491 3506
f 3506 3491 3492
f 3506 3492 3507
f 3507 3492 3493
f 3507 3493 3508
f 3508 3493 3494
f 3508 3494 3509
f 3509 3494 3495
f 3509 3495 3510
f 3510 3495 2603
f 3510 2603 2618
f 3511 3496 3497
f 3511 3497 3512
f 3512 3497 3498
f 3512 3498 3513
f 3513 3498 3499
f 3513 3499 3514
f 3514 3499 3500
f 3514 3500 3515
f 3515 3500 3501
f 3515 3501 3516
f 3516 3501 3502
f 3516 3502 3517
f 3517 3502 3503
f 3517 3503 3518
f 3518 3503 3504
f 3518 3504 3519
f 3519 3504 3505
f 3519 3505 3520
f 3520 3505 3506
f 3520 3506 3521
f 3521 3506 3507
f 3521 3507 3522
f 3522 3507 3508
f 3522 3508 3523
f 3523 3508 3509
f 3523 3509 3524
f 3524 3509 3510
f 3524 3510 3525
f 3525 3510 2618
f 3525 2618 2633
f 3526 3511 3512
f 3526 3512 3527
f 3527 3512 3513
f 3527 3513 3528
f 3528 3513 3514
f 3528 3514 3529
f 3529 3514 3515
f 3529 3515 3530
f 3530 3515 3516
f 3530 3516 3531
f 3531 3516 3517
f 3531 3517 3532
f 3532 3517 3518
f 3532 3518 3533
f 3533 3518 3519
f 3533 3519 3534
f 3534 3519 3520
f 3534 3520 3535
f 3535 3520 3521
f 3535 3521 3536
f 3536 3521 3522
f 3536 3522 3537
f 3537 3522 3523
f 3537 3523 3538
f 3538 3523 3524
f 3538 3524 3539
f 3539 3524 3525
f 3539 3525 3540
f 3540 3525 2633
f 3540 2633 2648
f 3541 3526 3527
f 3541 3527 3542
f 3542 3527 3528
f 3542 3528 3543
f 3543 3528 3529
f 3543 3529 3544
f 3544 3529 3530
f 3544 3530 3545
f 3545 3530 3531
f 3545 3531 3546
f 3546 3531 3532
f 3546 3532 3547
f 3547 3532 3533
f 3547 3533 3548
f 3548 3533 3534
f 3548 3534 3549
f 3549 3534 3535
f 3549 3535 3550
f 3550 3535 3536
f 3550 3536 3551
f 3551 3536 3537
f 3551 3537 3552
f 3552 3537 3538
f 3552 3538 3553
f 3553 3538 3539
f 3553 3539 3554
f 3554 3539 3540
f 3554 3540 3555
f 3555 3540 2648
f 3555 2648 2663
f 3556 3541 3542
f 3556 3542 3557
f 3557 3542 3543
f 3557 3543 3558
f 3558 3543 3544
f 3558 3544 3559
f 3559 3544 3545
f 3559 3545 3560
f 3560 3545 3546
f 3560 3546 3561
f 3561 3546 3547
f 3561 3547 3562
f 3562 3547 3548
f 3562 3548 3563
f 3563 3548 3549
f 3563 3549 3564
f 3564 3549 3550
f 3564 3550 3565
f 3565 3550 3551
f 3565 3551 3566
f 3566 3551 3552
f 3566 3552 3567
f 3567 3552 3553
f 3567 3553 3568
f 3568 3553 3554
f 3568 3554 3569
f 3569 3554 3555
f 3569 3555 3570
f 3570 3555 2663
f 3570 2663 2678
f 3571 3556 3557
f 3571 3557 3572
f 3572 3557 3558
f 3572 3558 3573
f 3573 3558 3559
f 3573 3559 3574
f 3574 3559 3560
f 3574 3560 3575
f 3575 3560 3561
f 3575 3561 3576
f 3576 3561 3562
f 3576 3562 3577
f 3577 3562 3563
f 3577 3563 3578
f 3578 3563 3564
f 3578 3564 3579
f 3579 3564 3565
f 3579 3565 3580
f 3580 3565 3566
f 3580 3566 3581
f 3581 3566 3567
f 3581 3567 3582
f 3582 3567 3568
f 3582 3568 3583
f 3583 3568 3569
f 3583 3569 3584
f 3584 3569 3570
f 3584 3570 3585
f 3585 3570 2678
f 3585 2678 2693
f 3586 3571 3572
f 3586 3572 3587
f 3587 3572 3573
f 3587 3573 3588
f 3588 3573 3574
f 3588 3574 3589
f 3589 3574 3575
f 3589 3575 3590
f 3590 3575 3576
f 3590 3576 3591
f 3591 3576 3577
f 3591 3577 3592
f 3592 3577 3578
f 3592 3578 3593
f 3593 3578 3579
f 3593 3579 3594
f 3594 3579 3580
f 3594 3580 3595
f 3595 3580 3581
f 3595 3581 3596
f 3596 3581 3582
f 3596 3582 3597
f 3597 3582 3583
f 3597 3583 3598
f 3598 3583 3584
f 3598 3584 3599
f 3599 3584 3585
f 3599 3585 3600
f 3600 3585 2693
f 3600 2693 2708
f 3601 3586 3587
f 3601 3587 3602
f 3602 3587 3588
f 3602 3588 3603
f 3603 3588 3589
f 3603 3589 3604
f 3604 3589 3590
f 3604 3590 3605
f 3605 3590 3591
f 3605 3591 3606
f 3606 3591 3592
f 3606 3592 3607
f 3607 3592 3593
f 3607 3593 3608
f 3608 3593 3594
f 3608 3594 3609
f 3609 3594 3595
f 3609 3595 3610
f 3610 3595 3596
f 3610 3596 3611
f 3611 3596 3597
f 3611 3597 3612
f 3612 3597 3598
f 3612 3598 3613
f 3613 3598 3599
f 3613 3599 3614
f 3614 3599 3600
f 3614 3600 3615
f 3615 3600 2708
f 3615 2708 2723
f 3616 3601 3602
f 3616 3602 3617
f 3617 3602 3603
f 3617 3603 3618
f 3618 3603 3604
f 3618 3604 3619
f 3619 3604 3605
f 3619 3605 3620
f 3620 3605 3606
f 3620 3606 3621
f 3621 3606 3607
f 3621 3607 3622
f 3622 3607 3608
f 3622 3608 3623
f 3623 3608 3609
f 3623 3609 3624
f 3624 3609 3610
f 3624 3610 3625
f 3625 3610 3611
f 3625 3611 3626
f 3626 3611 3612
f 3626 3612 3627
f 3627 3612 3613
f 3627 3613 3628
f 3628 3613 3614
f 3628 3614 3629
f 3629 3614 3615
f 3629 3615 3630
f 3630 3615 2723
f 3630 2723 2738
f 3207 3616 3617
f 3207 3617 3206
f 3206 3617 3618
f 3206 3618 3209
f 3209 3618 3619
f 3209 3619 3211
f 3211 3619 3620
f 3211 3620 3213
f 3213 3620 3621
f 3213 3621 3215
f 3215 3621 3622
f 3215 3622 3217
f 3217 3622 3623
f 3217 3623 3219
f 3219 3623 3624
f 3219 3624 3221
f 3221 3624 3625
f 3221 3625 3223
f 3223 3625 3626
f 3223 3626 3225
f 3225 3626 3627
f 3225 3627 3227
f 3227 3627 3628
f 3227 3628 3229
f 3229 3628 3629
f 3229 3629 3231
f 3231 3629 3630
f 3231 3630 3233
f 3233 3630 2738
f 3233 2738 2321
